2026-05-15 19:32:20 DEBUG swing.common.SwingUtils    C:\Users\Lenovo\Desktop\Project\AI-based-IDS\CICFlowMeter\target\classes (Access is denied)
2026-05-15 19:32:20 DEBUG swing.common.SwingUtils    C:\Users\Lenovo\Desktop\Project\AI-based-IDS\CICFlowMeter\target\generated-sources (Access is denied)
2026-05-15 19:32:20 DEBUG swing.common.SwingUtils    C:\Users\Lenovo\Desktop\Project\AI-based-IDS\CICFlowMeter\target\logs (Access is denied)
2026-05-15 19:32:20 DEBUG swing.common.SwingUtils    C:\Users\Lenovo\Desktop\Project\AI-based-IDS\CICFlowMeter\target\maven-archiver (Access is denied)
2026-05-15 19:32:20 DEBUG swing.common.SwingUtils    C:\Users\Lenovo\Desktop\Project\AI-based-IDS\CICFlowMeter\target\maven-status (Access is denied)
2026-05-15 19:32:34 INFO  cic.cs.unb.ca.jnetpcap.worker.TrafficFlowWorker    Pcap is listening...
2026-05-15 19:32:51 DEBUG cic.cs.unb.ca.jnetpcap.FlowGenerator    FlagFIN current has 5 flow
2026-05-15 19:32:51 DEBUG cic.cs.unb.ca.jnetpcap.FlowGenerator    FlagFIN current has 5 flow
2026-05-15 19:32:51 DEBUG cic.cs.unb.ca.jnetpcap.FlowGenerator    FlagFIN current has 5 flow
2026-05-15 19:32:51 DEBUG cic.cs.unb.ca.jnetpcap.FlowGenerator    FlagFIN current has 16 flow
2026-05-15 19:33:43 DEBUG cic.cs.unb.ca.jnetpcap.FlowGenerator    FlagFIN current has 31 flow
2026-05-15 19:33:43 INFO  cic.cs.unb.ca.jnetpcap.FlowGenerator    Forward flow closed due to FIN Flag
2026-05-15 19:33:43 WARN  cic.cs.unb.ca.jnetpcap.FlowGenerator    Forward flow received 2 FIN packets
2026-05-15 19:33:54 WARN  cic.cs.unb.ca.jnetpcap.FlowGenerator    Forward flow received 3 FIN packets
2026-05-15 19:33:54 DEBUG cic.cs.unb.ca.jnetpcap.FlowGenerator    FlagRST current has 34 flow
2026-05-15 19:34:20 DEBUG cic.cs.unb.ca.jnetpcap.FlowGenerator    FlagFIN current has 40 flow
2026-05-15 19:34:23 INFO  cic.cs.unb.ca.jnetpcap.FlowGenerator    Forward flow closed due to FIN Flag
2026-05-15 19:35:02 DEBUG cic.cs.unb.ca.jnetpcap.FlowGenerator    FlagFIN current has 51 flow
2026-05-15 19:35:02 DEBUG cic.cs.unb.ca.jnetpcap.FlowGenerator    FlagFIN current has 51 flow
2026-05-15 19:35:02 DEBUG cic.cs.unb.ca.jnetpcap.FlowGenerator    FlagFIN current has 51 flow
2026-05-15 19:35:02 INFO  cic.cs.unb.ca.jnetpcap.FlowGenerator    Forward flow closed due to FIN Flag
2026-05-15 19:35:02 DEBUG cic.cs.unb.ca.jnetpcap.FlowGenerator    FlagFIN current has 51 flow
2026-05-15 19:35:13 INFO  cic.cs.unb.ca.jnetpcap.FlowGenerator    Forward flow closed due to FIN Flag
2026-05-15 19:35:15 DEBUG cic.cs.unb.ca.jnetpcap.FlowGenerator    FlagFIN current has 109 flow
2026-05-15 19:35:28 DEBUG cic.cs.unb.ca.jnetpcap.FlowGenerator    FlagFIN current has 136 flow
2026-05-15 19:35:28 INFO  cic.cs.unb.ca.jnetpcap.FlowGenerator    Forward flow closed due to FIN Flag
2026-05-15 19:35:51 DEBUG cic.cs.unb.ca.jnetpcap.FlowGenerator    FlagRST current has 140 flow
2026-05-15 19:36:15 INFO  cic.cs.unb.ca.jnetpcap.FlowGenerator    Forward flow closed due to FIN Flag
2026-05-15 19:36:15 DEBUG cic.cs.unb.ca.jnetpcap.FlowGenerator    FlagFIN current has 145 flow
2026-05-15 19:36:15 DEBUG cic.cs.unb.ca.jnetpcap.FlowGenerator    FlagRST current has 145 flow
2026-05-15 19:36:16 INFO  cic.cs.unb.ca.jnetpcap.FlowGenerator    Forward flow closed due to FIN Flag
2026-05-15 19:36:16 DEBUG cic.cs.unb.ca.jnetpcap.FlowGenerator    FlagFIN current has 147 flow
2026-05-15 19:36:24 INFO  cic.cs.unb.ca.jnetpcap.FlowGenerator    Forward flow closed due to FIN Flag
2026-05-15 19:36:24 INFO  cic.cs.unb.ca.jnetpcap.FlowGenerator    Forward flow closed due to FIN Flag
2026-05-15 19:36:24 DEBUG cic.cs.unb.ca.jnetpcap.FlowGenerator    FlagFIN current has 148 flow
2026-05-15 19:36:24 DEBUG cic.cs.unb.ca.jnetpcap.FlowGenerator    FlagFIN current has 148 flow
2026-05-15 19:36:53 DEBUG cic.cs.unb.ca.jnetpcap.FlowGenerator    FlagFIN current has 151 flow
2026-05-15 19:36:53 INFO  cic.cs.unb.ca.jnetpcap.FlowGenerator    Forward flow closed due to FIN Flag
2026-05-15 19:38:15 INFO  cic.cs.unb.ca.jnetpcap.FlowGenerator    Forward flow closed due to FIN Flag
2026-05-15 19:38:15 DEBUG cic.cs.unb.ca.jnetpcap.FlowGenerator    FlagFIN current has 175 flow
2026-05-15 19:38:43 INFO  cic.cs.unb.ca.jnetpcap.FlowGenerator    Forward flow closed due to FIN Flag
2026-05-15 19:38:43 DEBUG cic.cs.unb.ca.jnetpcap.FlowGenerator    FlagFIN current has 191 flow
2026-05-15 19:38:56 DEBUG cic.cs.unb.ca.jnetpcap.FlowGenerator    FlagFIN current has 197 flow
2026-05-15 19:38:56 INFO  cic.cs.unb.ca.jnetpcap.FlowGenerator    Forward flow closed due to FIN Flag
2026-05-15 19:39:45 DEBUG cic.cs.unb.ca.jnetpcap.FlowGenerator    FlagFIN current has 201 flow
2026-05-15 19:39:53 DEBUG cic.cs.unb.ca.jnetpcap.FlowGenerator    FlagFIN current has 226 flow
2026-05-15 19:39:53 INFO  cic.cs.unb.ca.jnetpcap.FlowGenerator    Forward flow closed due to FIN Flag
2026-05-15 19:40:25 INFO  cic.cs.unb.ca.jnetpcap.FlowGenerator    Forward flow closed due to FIN Flag
2026-05-15 19:40:25 DEBUG cic.cs.unb.ca.jnetpcap.FlowGenerator    FlagFIN current has 271 flow
2026-05-15 19:40:51 INFO  cic.cs.unb.ca.jnetpcap.FlowGenerator    Forward flow closed due to FIN Flag
2026-05-15 19:40:51 DEBUG cic.cs.unb.ca.jnetpcap.FlowGenerator    FlagRST current has 272 flow
2026-05-15 19:41:16 DEBUG cic.cs.unb.ca.jnetpcap.FlowGenerator    FlagFIN current has 290 flow
2026-05-15 19:41:16 DEBUG cic.cs.unb.ca.jnetpcap.FlowGenerator    FlagFIN current has 290 flow
2026-05-15 19:41:39 DEBUG cic.cs.unb.ca.jnetpcap.FlowGenerator    FlagFIN current has 294 flow
2026-05-15 19:41:39 DEBUG cic.cs.unb.ca.jnetpcap.FlowGenerator    FlagFIN current has 294 flow
2026-05-15 19:41:39 INFO  cic.cs.unb.ca.jnetpcap.FlowGenerator    Forward flow closed due to FIN Flag
2026-05-15 19:41:39 DEBUG cic.cs.unb.ca.jnetpcap.FlowGenerator    FlagFIN current has 294 flow
2026-05-15 19:41:46 DEBUG cic.cs.unb.ca.jnetpcap.FlowGenerator    FlagFIN current has 302 flow
2026-05-15 19:41:46 DEBUG cic.cs.unb.ca.jnetpcap.FlowGenerator    FlagFIN current has 302 flow
2026-05-15 19:41:46 INFO  cic.cs.unb.ca.jnetpcap.FlowGenerator    Forward flow closed due to FIN Flag
2026-05-15 19:41:53 INFO  cic.cs.unb.ca.jnetpcap.FlowGenerator    Forward flow closed due to FIN Flag
2026-05-15 19:41:53 WARN  cic.cs.unb.ca.jnetpcap.FlowGenerator    Forward flow received 2 FIN packets
2026-05-15 19:41:53 INFO  cic.cs.unb.ca.jnetpcap.FlowGenerator    Forward flow closed due to FIN Flag
2026-05-15 19:41:54 DEBUG cic.cs.unb.ca.jnetpcap.FlowGenerator    FlagFIN current has 317 flow
2026-05-15 19:41:54 WARN  cic.cs.unb.ca.jnetpcap.FlowGenerator    Forward flow received 3 FIN packets
2026-05-15 19:41:54 INFO  cic.cs.unb.ca.jnetpcap.FlowGenerator    Forward flow closed due to FIN Flag
2026-05-15 19:41:54 DEBUG cic.cs.unb.ca.jnetpcap.FlowGenerator    FlagFIN current has 319 flow
2026-05-15 19:41:57 WARN  cic.cs.unb.ca.jnetpcap.FlowGenerator    Forward flow received 4 FIN packets
2026-05-15 19:41:57 DEBUG cic.cs.unb.ca.jnetpcap.FlowGenerator    FlagRST current has 322 flow
2026-05-15 19:42:01 DEBUG cic.cs.unb.ca.jnetpcap.FlowGenerator    FlagRST current has 323 flow
2026-05-15 19:42:01 DEBUG cic.cs.unb.ca.jnetpcap.FlowGenerator    FlagRST current has 322 flow
2026-05-15 19:42:01 DEBUG cic.cs.unb.ca.jnetpcap.FlowGenerator    FlagRST current has 321 flow
2026-05-15 19:42:01 DEBUG cic.cs.unb.ca.jnetpcap.FlowGenerator    FlagRST current has 320 flow
2026-05-15 19:42:01 DEBUG cic.cs.unb.ca.jnetpcap.FlowGenerator    FlagRST current has 319 flow
2026-05-15 19:42:01 DEBUG cic.cs.unb.ca.jnetpcap.FlowGenerator    FlagRST current has 318 flow
2026-05-15 19:42:01 DEBUG cic.cs.unb.ca.jnetpcap.FlowGenerator    FlagRST current has 317 flow
2026-05-15 19:42:01 INFO  cic.cs.unb.ca.jnetpcap.FlowGenerator    Forward flow closed due to FIN Flag
2026-05-15 19:42:01 DEBUG cic.cs.unb.ca.jnetpcap.FlowGenerator    FlagRST current has 316 flow
2026-05-15 19:42:01 WARN  cic.cs.unb.ca.jnetpcap.FlowGenerator    Forward flow received 5 FIN packets
2026-05-15 19:42:09 INFO  cic.cs.unb.ca.jnetpcap.FlowGenerator    Forward flow closed due to FIN Flag
2026-05-15 19:42:09 DEBUG cic.cs.unb.ca.jnetpcap.FlowGenerator    FlagRST current has 317 flow
2026-05-15 19:42:15 DEBUG cic.cs.unb.ca.jnetpcap.FlowGenerator    FlagRST current has 316 flow
2026-05-15 19:42:16 INFO  cic.cs.unb.ca.jnetpcap.FlowGenerator    Forward flow closed due to FIN Flag
2026-05-15 19:42:17 DEBUG cic.cs.unb.ca.jnetpcap.FlowGenerator    FlagFIN current has 325 flow
2026-05-15 19:42:17 INFO  cic.cs.unb.ca.jnetpcap.FlowGenerator    Forward flow closed due to FIN Flag
2026-05-15 19:42:17 DEBUG cic.cs.unb.ca.jnetpcap.FlowGenerator    FlagFIN current has 326 flow
2026-05-15 19:42:17 DEBUG cic.cs.unb.ca.jnetpcap.worker.InsertCsvRow    C:\Users\Lenovo\Desktop\Project\AI-based-IDS\CICFlowMeter\target\data\daily\2026-05-15_Flow.csv (The process cannot access the file because it is being used by another process)
2026-05-15 19:42:17 DEBUG cic.cs.unb.ca.jnetpcap.worker.InsertCsvRow    C:\Users\Lenovo\Desktop\Project\AI-based-IDS\CICFlowMeter\target\data\daily\2026-05-15_Flow.csv (The process cannot access the file because it is being used by another process)
2026-05-15 19:42:19 INFO  cic.cs.unb.ca.jnetpcap.FlowGenerator    Forward flow closed due to FIN Flag
2026-05-15 19:42:19 DEBUG cic.cs.unb.ca.jnetpcap.FlowGenerator    FlagFIN current has 327 flow
2026-05-15 19:42:19 INFO  cic.cs.unb.ca.jnetpcap.FlowGenerator    Forward flow closed due to FIN Flag
2026-05-15 19:42:19 DEBUG cic.cs.unb.ca.jnetpcap.FlowGenerator    FlagRST current has 327 flow
2026-05-15 19:42:19 INFO  cic.cs.unb.ca.jnetpcap.FlowGenerator    Forward flow closed due to FIN Flag
2026-05-15 19:42:20 DEBUG cic.cs.unb.ca.jnetpcap.worker.InsertCsvRow    C:\Users\Lenovo\Desktop\Project\AI-based-IDS\CICFlowMeter\target\data\daily\2026-05-15_Flow.csv (The process cannot access the file because it is being used by another process)
2026-05-15 19:42:20 DEBUG cic.cs.unb.ca.jnetpcap.worker.InsertCsvRow    C:\Users\Lenovo\Desktop\Project\AI-based-IDS\CICFlowMeter\target\data\daily\2026-05-15_Flow.csv (The process cannot access the file because it is being used by another process)
2026-05-15 19:42:27 INFO  cic.cs.unb.ca.jnetpcap.FlowGenerator    Forward flow closed due to FIN Flag
2026-05-15 19:42:27 DEBUG cic.cs.unb.ca.jnetpcap.FlowGenerator    FlagFIN current has 334 flow
2026-05-15 19:42:27 DEBUG cic.cs.unb.ca.jnetpcap.worker.InsertCsvRow    C:\Users\Lenovo\Desktop\Project\AI-based-IDS\CICFlowMeter\target\data\daily\2026-05-15_Flow.csv (The process cannot access the file because it is being used by another process)
2026-05-15 19:42:29 DEBUG cic.cs.unb.ca.jnetpcap.worker.InsertCsvRow    C:\Users\Lenovo\Desktop\Project\AI-based-IDS\CICFlowMeter\target\data\daily\2026-05-15_Flow.csv (The process cannot access the file because it is being used by another process)
2026-05-15 19:42:29 DEBUG cic.cs.unb.ca.jnetpcap.worker.InsertCsvRow    C:\Users\Lenovo\Desktop\Project\AI-based-IDS\CICFlowMeter\target\data\daily\2026-05-15_Flow.csv (The process cannot access the file because it is being used by another process)
2026-05-15 19:42:29 DEBUG cic.cs.unb.ca.jnetpcap.worker.InsertCsvRow    C:\Users\Lenovo\Desktop\Project\AI-based-IDS\CICFlowMeter\target\data\daily\2026-05-15_Flow.csv (The process cannot access the file because it is being used by another process)
2026-05-15 19:42:33 DEBUG cic.cs.unb.ca.jnetpcap.worker.InsertCsvRow    C:\Users\Lenovo\Desktop\Project\AI-based-IDS\CICFlowMeter\target\data\daily\2026-05-15_Flow.csv (The process cannot access the file because it is being used by another process)
2026-05-15 19:42:36 DEBUG cic.cs.unb.ca.jnetpcap.worker.InsertCsvRow    C:\Users\Lenovo\Desktop\Project\AI-based-IDS\CICFlowMeter\target\data\daily\2026-05-15_Flow.csv (The process cannot access the file because it is being used by another process)
2026-05-15 19:42:51 DEBUG cic.cs.unb.ca.jnetpcap.FlowGenerator    FlagRST current has 338 flow
2026-05-15 19:42:51 DEBUG cic.cs.unb.ca.jnetpcap.FlowGenerator    FlagRST current has 337 flow
2026-05-15 19:42:51 DEBUG cic.cs.unb.ca.jnetpcap.FlowGenerator    FlagRST current has 336 flow
2026-05-15 19:42:51 DEBUG cic.cs.unb.ca.jnetpcap.FlowGenerator    FlagRST current has 335 flow
2026-05-15 19:42:51 DEBUG cic.cs.unb.ca.jnetpcap.FlowGenerator    FlagRST current has 334 flow
2026-05-15 19:42:51 DEBUG cic.cs.unb.ca.jnetpcap.FlowGenerator    FlagRST current has 333 flow
2026-05-15 19:42:51 DEBUG cic.cs.unb.ca.jnetpcap.FlowGenerator    FlagRST current has 332 flow
2026-05-15 19:42:51 DEBUG cic.cs.unb.ca.jnetpcap.FlowGenerator    FlagRST current has 331 flow
2026-05-15 19:42:51 DEBUG cic.cs.unb.ca.jnetpcap.FlowGenerator    FlagRST current has 330 flow
2026-05-15 19:42:51 DEBUG cic.cs.unb.ca.jnetpcap.FlowGenerator    FlagRST current has 329 flow
2026-05-15 19:42:51 DEBUG cic.cs.unb.ca.jnetpcap.worker.InsertCsvRow    C:\Users\Lenovo\Desktop\Project\AI-based-IDS\CICFlowMeter\target\data\daily\2026-05-15_Flow.csv (The process cannot access the file because it is being used by another process)
2026-05-15 19:42:51 DEBUG cic.cs.unb.ca.jnetpcap.worker.InsertCsvRow    C:\Users\Lenovo\Desktop\Project\AI-based-IDS\CICFlowMeter\target\data\daily\2026-05-15_Flow.csv (The process cannot access the file because it is being used by another process)
2026-05-15 19:42:51 DEBUG cic.cs.unb.ca.jnetpcap.worker.InsertCsvRow    C:\Users\Lenovo\Desktop\Project\AI-based-IDS\CICFlowMeter\target\data\daily\2026-05-15_Flow.csv (The process cannot access the file because it is being used by another process)
2026-05-15 19:42:51 DEBUG cic.cs.unb.ca.jnetpcap.worker.InsertCsvRow    C:\Users\Lenovo\Desktop\Project\AI-based-IDS\CICFlowMeter\target\data\daily\2026-05-15_Flow.csv (The process cannot access the file because it is being used by another process)
2026-05-15 19:42:51 DEBUG cic.cs.unb.ca.jnetpcap.worker.InsertCsvRow    C:\Users\Lenovo\Desktop\Project\AI-based-IDS\CICFlowMeter\target\data\daily\2026-05-15_Flow.csv (The process cannot access the file because it is being used by another process)
2026-05-15 19:42:51 DEBUG cic.cs.unb.ca.jnetpcap.worker.InsertCsvRow    C:\Users\Lenovo\Desktop\Project\AI-based-IDS\CICFlowMeter\target\data\daily\2026-05-15_Flow.csv (The process cannot access the file because it is being used by another process)
2026-05-15 19:42:51 DEBUG cic.cs.unb.ca.jnetpcap.worker.InsertCsvRow    C:\Users\Lenovo\Desktop\Project\AI-based-IDS\CICFlowMeter\target\data\daily\2026-05-15_Flow.csv (The process cannot access the file because it is being used by another process)
2026-05-15 19:42:51 DEBUG cic.cs.unb.ca.jnetpcap.worker.InsertCsvRow    C:\Users\Lenovo\Desktop\Project\AI-based-IDS\CICFlowMeter\target\data\daily\2026-05-15_Flow.csv (The process cannot access the file because it is being used by another process)
2026-05-15 19:42:51 DEBUG cic.cs.unb.ca.jnetpcap.worker.InsertCsvRow    C:\Users\Lenovo\Desktop\Project\AI-based-IDS\CICFlowMeter\target\data\daily\2026-05-15_Flow.csv (The process cannot access the file because it is being used by another process)
2026-05-15 19:42:51 DEBUG cic.cs.unb.ca.jnetpcap.worker.InsertCsvRow    C:\Users\Lenovo\Desktop\Project\AI-based-IDS\CICFlowMeter\target\data\daily\2026-05-15_Flow.csv (The process cannot access the file because it is being used by another process)
2026-05-15 19:42:51 DEBUG cic.cs.unb.ca.jnetpcap.worker.InsertCsvRow    C:\Users\Lenovo\Desktop\Project\AI-based-IDS\CICFlowMeter\target\data\daily\2026-05-15_Flow.csv (The process cannot access the file because it is being used by another process)
2026-05-15 19:42:51 INFO  cic.cs.unb.ca.jnetpcap.FlowGenerator    Forward flow closed due to FIN Flag
2026-05-15 19:42:52 DEBUG cic.cs.unb.ca.jnetpcap.FlowGenerator    FlagFIN current has 337 flow
2026-05-15 19:42:52 INFO  cic.cs.unb.ca.jnetpcap.FlowGenerator    Forward flow closed due to FIN Flag
2026-05-15 19:42:52 DEBUG cic.cs.unb.ca.jnetpcap.worker.InsertCsvRow    C:\Users\Lenovo\Desktop\Project\AI-based-IDS\CICFlowMeter\target\data\daily\2026-05-15_Flow.csv (The process cannot access the file because it is being used by another process)
2026-05-15 19:42:53 DEBUG cic.cs.unb.ca.jnetpcap.FlowGenerator    FlagFIN current has 339 flow
2026-05-15 19:42:53 DEBUG cic.cs.unb.ca.jnetpcap.worker.InsertCsvRow    C:\Users\Lenovo\Desktop\Project\AI-based-IDS\CICFlowMeter\target\data\daily\2026-05-15_Flow.csv (The process cannot access the file because it is being used by another process)
2026-05-15 19:42:53 INFO  cic.cs.unb.ca.jnetpcap.FlowGenerator    Forward flow closed due to FIN Flag
2026-05-15 19:42:54 DEBUG cic.cs.unb.ca.jnetpcap.FlowGenerator    FlagFIN current has 340 flow
2026-05-15 19:42:54 DEBUG cic.cs.unb.ca.jnetpcap.FlowGenerator    FlagRST current has 340 flow
2026-05-15 19:42:54 DEBUG cic.cs.unb.ca.jnetpcap.worker.InsertCsvRow    C:\Users\Lenovo\Desktop\Project\AI-based-IDS\CICFlowMeter\target\data\daily\2026-05-15_Flow.csv (The process cannot access the file because it is being used by another process)
2026-05-15 19:42:54 DEBUG cic.cs.unb.ca.jnetpcap.worker.InsertCsvRow    C:\Users\Lenovo\Desktop\Project\AI-based-IDS\CICFlowMeter\target\data\daily\2026-05-15_Flow.csv (The process cannot access the file because it is being used by another process)
2026-05-15 19:43:00 DEBUG cic.cs.unb.ca.jnetpcap.FlowGenerator    FlagRST current has 342 flow
2026-05-15 19:43:00 DEBUG cic.cs.unb.ca.jnetpcap.FlowGenerator    FlagRST current has 341 flow
2026-05-15 19:43:00 DEBUG cic.cs.unb.ca.jnetpcap.FlowGenerator    FlagRST current has 340 flow
2026-05-15 19:43:00 DEBUG cic.cs.unb.ca.jnetpcap.FlowGenerator    FlagRST current has 339 flow
2026-05-15 19:43:00 DEBUG cic.cs.unb.ca.jnetpcap.FlowGenerator    FlagRST current has 338 flow
2026-05-15 19:43:00 DEBUG cic.cs.unb.ca.jnetpcap.FlowGenerator    FlagRST current has 337 flow
2026-05-15 19:43:00 DEBUG cic.cs.unb.ca.jnetpcap.FlowGenerator    FlagRST current has 336 flow
2026-05-15 19:43:00 DEBUG cic.cs.unb.ca.jnetpcap.FlowGenerator    FlagRST current has 335 flow
2026-05-15 19:43:00 DEBUG cic.cs.unb.ca.jnetpcap.FlowGenerator    FlagRST current has 334 flow
2026-05-15 19:43:00 DEBUG cic.cs.unb.ca.jnetpcap.FlowGenerator    FlagRST current has 333 flow
2026-05-15 19:43:01 INFO  cic.cs.unb.ca.jnetpcap.FlowGenerator    Forward flow closed due to FIN Flag
2026-05-15 19:43:01 DEBUG cic.cs.unb.ca.jnetpcap.FlowGenerator    FlagFIN current has 336 flow
2026-05-15 19:43:01 DEBUG cic.cs.unb.ca.jnetpcap.FlowGenerator    FlagFIN current has 336 flow
2026-05-15 19:43:13 INFO  cic.cs.unb.ca.jnetpcap.FlowGenerator    Forward flow closed due to FIN Flag
2026-05-15 19:43:13 DEBUG cic.cs.unb.ca.jnetpcap.FlowGenerator    FlagFIN current has 376 flow
2026-05-15 19:43:21 INFO  cic.cs.unb.ca.jnetpcap.FlowGenerator    Forward flow closed due to FIN Flag
2026-05-15 19:43:21 INFO  cic.cs.unb.ca.jnetpcap.FlowGenerator    Forward flow closed due to FIN Flag
2026-05-15 19:43:21 INFO  cic.cs.unb.ca.jnetpcap.FlowGenerator    Forward flow closed due to FIN Flag
2026-05-15 19:43:21 INFO  cic.cs.unb.ca.jnetpcap.FlowGenerator    Forward flow closed due to FIN Flag
2026-05-15 19:43:21 INFO  cic.cs.unb.ca.jnetpcap.FlowGenerator    Forward flow closed due to FIN Flag
2026-05-15 19:43:21 DEBUG cic.cs.unb.ca.jnetpcap.FlowGenerator    FlagRST current has 411 flow
2026-05-15 19:43:21 DEBUG cic.cs.unb.ca.jnetpcap.FlowGenerator    FlagRST current has 411 flow
2026-05-15 19:43:21 DEBUG cic.cs.unb.ca.jnetpcap.FlowGenerator    FlagRST current has 412 flow
2026-05-15 19:43:21 WARN  cic.cs.unb.ca.jnetpcap.FlowGenerator    Forward flow received 2 FIN packets
2026-05-15 19:43:21 WARN  cic.cs.unb.ca.jnetpcap.FlowGenerator    Forward flow received 2 FIN packets
2026-05-15 19:43:21 DEBUG cic.cs.unb.ca.jnetpcap.FlowGenerator    FlagRST current has 412 flow
2026-05-15 19:43:21 DEBUG cic.cs.unb.ca.jnetpcap.FlowGenerator    FlagRST current has 412 flow
2026-05-15 19:43:22 INFO  cic.cs.unb.ca.jnetpcap.FlowGenerator    Forward flow closed due to FIN Flag
2026-05-15 19:43:22 INFO  cic.cs.unb.ca.jnetpcap.FlowGenerator    Forward flow closed due to FIN Flag
2026-05-15 19:43:22 INFO  cic.cs.unb.ca.jnetpcap.FlowGenerator    Forward flow closed due to FIN Flag
2026-05-15 19:43:22 INFO  cic.cs.unb.ca.jnetpcap.FlowGenerator    Forward flow closed due to FIN Flag
2026-05-15 19:43:22 INFO  cic.cs.unb.ca.jnetpcap.FlowGenerator    Forward flow closed due to FIN Flag
2026-05-15 19:43:22 INFO  cic.cs.unb.ca.jnetpcap.FlowGenerator    Forward flow closed due to FIN Flag
2026-05-15 19:43:22 DEBUG cic.cs.unb.ca.jnetpcap.FlowGenerator    FlagFIN current has 412 flow
2026-05-15 19:43:22 DEBUG cic.cs.unb.ca.jnetpcap.FlowGenerator    FlagRST current has 412 flow
2026-05-15 19:43:30 DEBUG cic.cs.unb.ca.jnetpcap.FlowGenerator    FlagRST current has 448 flow
2026-05-15 19:43:30 DEBUG cic.cs.unb.ca.jnetpcap.worker.InsertCsvRow    C:\Users\Lenovo\Desktop\Project\AI-based-IDS\CICFlowMeter\target\data\daily\2026-05-15_Flow.csv (The process cannot access the file because it is being used by another process)
2026-05-15 19:43:30 DEBUG cic.cs.unb.ca.jnetpcap.FlowGenerator    FlagRST current has 452 flow
2026-05-15 19:43:30 DEBUG cic.cs.unb.ca.jnetpcap.worker.InsertCsvRow    C:\Users\Lenovo\Desktop\Project\AI-based-IDS\CICFlowMeter\target\data\daily\2026-05-15_Flow.csv (The process cannot access the file because it is being used by another process)
2026-05-15 19:43:30 DEBUG cic.cs.unb.ca.jnetpcap.worker.InsertCsvRow    C:\Users\Lenovo\Desktop\Project\AI-based-IDS\CICFlowMeter\target\data\daily\2026-05-15_Flow.csv (The process cannot access the file because it is being used by another process)
2026-05-15 19:43:30 DEBUG cic.cs.unb.ca.jnetpcap.FlowGenerator    FlagRST current has 461 flow
2026-05-15 19:43:30 DEBUG cic.cs.unb.ca.jnetpcap.worker.InsertCsvRow    C:\Users\Lenovo\Desktop\Project\AI-based-IDS\CICFlowMeter\target\data\daily\2026-05-15_Flow.csv (The process cannot access the file because it is being used by another process)
2026-05-15 19:43:31 DEBUG cic.cs.unb.ca.jnetpcap.FlowGenerator    FlagFIN current has 464 flow
2026-05-15 19:43:31 DEBUG cic.cs.unb.ca.jnetpcap.FlowGenerator    FlagFIN current has 464 flow
2026-05-15 19:43:31 DEBUG cic.cs.unb.ca.jnetpcap.worker.InsertCsvRow    C:\Users\Lenovo\Desktop\Project\AI-based-IDS\CICFlowMeter\target\data\daily\2026-05-15_Flow.csv (The process cannot access the file because it is being used by another process)
2026-05-15 19:43:31 DEBUG cic.cs.unb.ca.jnetpcap.worker.InsertCsvRow    C:\Users\Lenovo\Desktop\Project\AI-based-IDS\CICFlowMeter\target\data\daily\2026-05-15_Flow.csv (The process cannot access the file because it is being used by another process)
2026-05-15 19:43:31 INFO  cic.cs.unb.ca.jnetpcap.FlowGenerator    Forward flow closed due to FIN Flag
2026-05-15 19:43:31 INFO  cic.cs.unb.ca.jnetpcap.FlowGenerator    Forward flow closed due to FIN Flag
2026-05-15 19:43:31 DEBUG cic.cs.unb.ca.jnetpcap.FlowGenerator    FlagRST current has 469 flow
2026-05-15 19:43:31 DEBUG cic.cs.unb.ca.jnetpcap.worker.InsertCsvRow    C:\Users\Lenovo\Desktop\Project\AI-based-IDS\CICFlowMeter\target\data\daily\2026-05-15_Flow.csv (The process cannot access the file because it is being used by another process)
2026-05-15 19:43:32 DEBUG cic.cs.unb.ca.jnetpcap.worker.InsertCsvRow    C:\Users\Lenovo\Desktop\Project\AI-based-IDS\CICFlowMeter\target\data\daily\2026-05-15_Flow.csv (The process cannot access the file because it is being used by another process)
2026-05-15 19:43:34 DEBUG cic.cs.unb.ca.jnetpcap.worker.InsertCsvRow    C:\Users\Lenovo\Desktop\Project\AI-based-IDS\CICFlowMeter\target\data\daily\2026-05-15_Flow.csv (The process cannot access the file because it is being used by another process)
2026-05-15 19:43:36 INFO  cic.cs.unb.ca.jnetpcap.FlowGenerator    Forward flow closed due to FIN Flag
2026-05-15 19:43:36 DEBUG cic.cs.unb.ca.jnetpcap.FlowGenerator    FlagFIN current has 537 flow
2026-05-15 19:43:36 DEBUG cic.cs.unb.ca.jnetpcap.FlowGenerator    FlagRST current has 537 flow
2026-05-15 19:43:36 INFO  cic.cs.unb.ca.jnetpcap.FlowGenerator    Forward flow closed due to FIN Flag
2026-05-15 19:43:36 DEBUG cic.cs.unb.ca.jnetpcap.FlowGenerator    FlagFIN current has 570 flow
2026-05-15 19:43:37 DEBUG cic.cs.unb.ca.jnetpcap.FlowGenerator    FlagFIN current has 576 flow
2026-05-15 19:43:37 INFO  cic.cs.unb.ca.jnetpcap.FlowGenerator    Forward flow closed due to FIN Flag
2026-05-15 19:43:46 DEBUG cic.cs.unb.ca.jnetpcap.FlowGenerator    FlagRST current has 576 flow
2026-05-15 19:43:46 DEBUG cic.cs.unb.ca.jnetpcap.FlowGenerator    FlagRST current has 575 flow
2026-05-15 19:43:46 DEBUG cic.cs.unb.ca.jnetpcap.FlowGenerator    FlagRST current has 574 flow
2026-05-15 19:43:46 DEBUG cic.cs.unb.ca.jnetpcap.FlowGenerator    FlagRST current has 573 flow
2026-05-15 19:43:46 DEBUG cic.cs.unb.ca.jnetpcap.FlowGenerator    FlagRST current has 572 flow
2026-05-15 19:43:46 DEBUG cic.cs.unb.ca.jnetpcap.FlowGenerator    FlagRST current has 571 flow
2026-05-15 19:43:46 DEBUG cic.cs.unb.ca.jnetpcap.FlowGenerator    FlagRST current has 570 flow
2026-05-15 19:43:46 DEBUG cic.cs.unb.ca.jnetpcap.FlowGenerator    FlagRST current has 569 flow
2026-05-15 19:43:46 DEBUG cic.cs.unb.ca.jnetpcap.FlowGenerator    FlagRST current has 568 flow
2026-05-15 19:43:46 DEBUG cic.cs.unb.ca.jnetpcap.FlowGenerator    FlagRST current has 567 flow
2026-05-15 19:43:46 DEBUG cic.cs.unb.ca.jnetpcap.FlowGenerator    FlagFIN current has 566 flow
2026-05-15 19:43:46 INFO  cic.cs.unb.ca.jnetpcap.FlowGenerator    Forward flow closed due to FIN Flag
2026-05-15 19:43:46 INFO  cic.cs.unb.ca.jnetpcap.FlowGenerator    Forward flow closed due to FIN Flag
2026-05-15 19:43:46 DEBUG cic.cs.unb.ca.jnetpcap.FlowGenerator    FlagFIN current has 566 flow
2026-05-15 19:43:46 INFO  cic.cs.unb.ca.jnetpcap.FlowGenerator    Forward flow closed due to FIN Flag
2026-05-15 19:43:46 DEBUG cic.cs.unb.ca.jnetpcap.FlowGenerator    FlagFIN current has 566 flow
2026-05-15 19:43:46 DEBUG cic.cs.unb.ca.jnetpcap.FlowGenerator    FlagFIN current has 566 flow
2026-05-15 19:43:46 DEBUG cic.cs.unb.ca.jnetpcap.FlowGenerator    FlagFIN current has 566 flow
2026-05-15 19:43:46 DEBUG cic.cs.unb.ca.jnetpcap.FlowGenerator    FlagFIN current has 566 flow
2026-05-15 19:43:46 INFO  cic.cs.unb.ca.jnetpcap.FlowGenerator    Forward flow closed due to FIN Flag
2026-05-15 19:43:51 DEBUG cic.cs.unb.ca.jnetpcap.FlowGenerator    FlagFIN current has 567 flow
2026-05-15 19:43:51 DEBUG cic.cs.unb.ca.jnetpcap.FlowGenerator    FlagFIN current has 567 flow
2026-05-15 19:43:51 DEBUG cic.cs.unb.ca.jnetpcap.FlowGenerator    FlagFIN current has 567 flow
2026-05-15 19:43:51 INFO  cic.cs.unb.ca.jnetpcap.FlowGenerator    Forward flow closed due to FIN Flag
2026-05-15 19:44:04 INFO  cic.cs.unb.ca.jnetpcap.FlowGenerator    Forward flow closed due to FIN Flag
2026-05-15 19:44:04 INFO  cic.cs.unb.ca.jnetpcap.FlowGenerator    Forward flow closed due to FIN Flag
2026-05-15 19:44:04 INFO  cic.cs.unb.ca.jnetpcap.FlowGenerator    Forward flow closed due to FIN Flag
2026-05-15 19:44:04 DEBUG cic.cs.unb.ca.jnetpcap.FlowGenerator    FlagRST current has 571 flow
2026-05-15 19:44:06 DEBUG cic.cs.unb.ca.jnetpcap.FlowGenerator    FlagFIN current has 572 flow
2026-05-15 19:44:06 DEBUG cic.cs.unb.ca.jnetpcap.FlowGenerator    FlagFIN current has 572 flow
2026-05-15 19:44:06 INFO  cic.cs.unb.ca.jnetpcap.FlowGenerator    Forward flow closed due to FIN Flag
2026-05-15 19:44:06 INFO  cic.cs.unb.ca.jnetpcap.FlowGenerator    Forward flow closed due to FIN Flag
2026-05-15 19:44:15 DEBUG cic.cs.unb.ca.jnetpcap.FlowGenerator    FlagFIN current has 576 flow
2026-05-15 19:44:15 WARN  cic.cs.unb.ca.jnetpcap.FlowGenerator    Forward flow received 2 FIN packets
2026-05-15 19:44:15 WARN  cic.cs.unb.ca.jnetpcap.FlowGenerator    Forward flow received 3 FIN packets
2026-05-15 19:44:15 WARN  cic.cs.unb.ca.jnetpcap.FlowGenerator    Forward flow received 4 FIN packets
2026-05-15 19:44:15 WARN  cic.cs.unb.ca.jnetpcap.FlowGenerator    Forward flow received 5 FIN packets
2026-05-15 19:44:15 INFO  cic.cs.unb.ca.jnetpcap.FlowGenerator    Forward flow closed due to FIN Flag
2026-05-15 19:44:15 DEBUG cic.cs.unb.ca.jnetpcap.FlowGenerator    FlagFIN current has 576 flow
2026-05-15 19:44:30 WARN  cic.cs.unb.ca.jnetpcap.FlowGenerator    Forward flow received 6 FIN packets
2026-05-15 19:44:30 INFO  cic.cs.unb.ca.jnetpcap.FlowGenerator    Forward flow closed due to FIN Flag
2026-05-15 19:44:30 DEBUG cic.cs.unb.ca.jnetpcap.FlowGenerator    FlagFIN current has 578 flow
2026-05-15 19:44:30 INFO  cic.cs.unb.ca.jnetpcap.FlowGenerator    Forward flow closed due to FIN Flag
2026-05-15 19:44:30 DEBUG cic.cs.unb.ca.jnetpcap.FlowGenerator    FlagFIN current has 578 flow
2026-05-15 19:44:30 DEBUG cic.cs.unb.ca.jnetpcap.FlowGenerator    FlagRST current has 578 flow
2026-05-15 19:44:30 DEBUG cic.cs.unb.ca.jnetpcap.FlowGenerator    FlagRST current has 577 flow
2026-05-15 19:44:30 DEBUG cic.cs.unb.ca.jnetpcap.FlowGenerator    FlagFIN current has 576 flow
2026-05-15 19:44:30 DEBUG cic.cs.unb.ca.jnetpcap.FlowGenerator    FlagFIN current has 576 flow
2026-05-15 19:44:30 DEBUG cic.cs.unb.ca.jnetpcap.FlowGenerator    FlagFIN current has 576 flow
2026-05-15 19:44:30 DEBUG cic.cs.unb.ca.jnetpcap.FlowGenerator    FlagFIN current has 576 flow
2026-05-15 19:44:30 DEBUG cic.cs.unb.ca.jnetpcap.FlowGenerator    FlagFIN current has 576 flow
2026-05-15 19:44:30 INFO  cic.cs.unb.ca.jnetpcap.FlowGenerator    Forward flow closed due to FIN Flag
2026-05-15 19:44:30 DEBUG cic.cs.unb.ca.jnetpcap.FlowGenerator    FlagFIN current has 576 flow
2026-05-15 19:44:30 DEBUG cic.cs.unb.ca.jnetpcap.FlowGenerator    FlagFIN current has 576 flow
2026-05-15 19:44:31 INFO  cic.cs.unb.ca.jnetpcap.FlowGenerator    Forward flow closed due to FIN Flag
2026-05-15 19:44:31 INFO  cic.cs.unb.ca.jnetpcap.FlowGenerator    Forward flow closed due to FIN Flag
2026-05-15 19:44:32 DEBUG cic.cs.unb.ca.jnetpcap.FlowGenerator    FlagFIN current has 576 flow
2026-05-15 19:44:32 DEBUG cic.cs.unb.ca.jnetpcap.FlowGenerator    FlagFIN current has 576 flow
2026-05-15 19:44:32 DEBUG cic.cs.unb.ca.jnetpcap.FlowGenerator    FlagFIN current has 576 flow
2026-05-15 19:44:32 DEBUG cic.cs.unb.ca.jnetpcap.FlowGenerator    FlagFIN current has 576 flow
2026-05-15 19:44:32 INFO  cic.cs.unb.ca.jnetpcap.FlowGenerator    Forward flow closed due to FIN Flag
2026-05-15 19:44:49 INFO  cic.cs.unb.ca.jnetpcap.FlowGenerator    Forward flow closed due to FIN Flag
2026-05-15 19:44:49 DEBUG cic.cs.unb.ca.jnetpcap.FlowGenerator    FlagFIN current has 579 flow
2026-05-15 19:44:49 DEBUG cic.cs.unb.ca.jnetpcap.FlowGenerator    FlagFIN current has 579 flow
2026-05-15 19:44:49 INFO  cic.cs.unb.ca.jnetpcap.FlowGenerator    Forward flow closed due to FIN Flag
2026-05-15 19:44:49 DEBUG cic.cs.unb.ca.jnetpcap.FlowGenerator    FlagFIN current has 579 flow
2026-05-15 19:44:49 DEBUG cic.cs.unb.ca.jnetpcap.FlowGenerator    FlagFIN current has 579 flow
2026-05-15 19:44:49 DEBUG cic.cs.unb.ca.jnetpcap.FlowGenerator    FlagFIN current has 579 flow
2026-05-15 19:44:49 INFO  cic.cs.unb.ca.jnetpcap.FlowGenerator    Forward flow closed due to FIN Flag
2026-05-15 19:44:49 DEBUG cic.cs.unb.ca.jnetpcap.FlowGenerator    FlagFIN current has 579 flow
2026-05-15 19:44:49 INFO  cic.cs.unb.ca.jnetpcap.FlowGenerator    Forward flow closed due to FIN Flag
2026-05-15 19:44:49 DEBUG cic.cs.unb.ca.jnetpcap.FlowGenerator    FlagFIN current has 579 flow
2026-05-15 19:44:49 DEBUG cic.cs.unb.ca.jnetpcap.FlowGenerator    FlagFIN current has 579 flow
2026-05-15 19:44:49 INFO  cic.cs.unb.ca.jnetpcap.FlowGenerator    Forward flow closed due to FIN Flag
2026-05-15 19:44:49 DEBUG cic.cs.unb.ca.jnetpcap.FlowGenerator    FlagFIN current has 579 flow
2026-05-15 19:44:49 INFO  cic.cs.unb.ca.jnetpcap.FlowGenerator    Forward flow closed due to FIN Flag
2026-05-15 19:44:49 DEBUG cic.cs.unb.ca.jnetpcap.FlowGenerator    FlagFIN current has 579 flow
2026-05-15 19:44:49 INFO  cic.cs.unb.ca.jnetpcap.FlowGenerator    Forward flow closed due to FIN Flag
2026-05-15 19:44:49 DEBUG cic.cs.unb.ca.jnetpcap.FlowGenerator    FlagFIN current has 579 flow
2026-05-15 19:44:49 DEBUG cic.cs.unb.ca.jnetpcap.FlowGenerator    FlagFIN current has 579 flow
2026-05-15 19:44:49 DEBUG cic.cs.unb.ca.jnetpcap.FlowGenerator    FlagFIN current has 579 flow
2026-05-15 19:44:49 DEBUG cic.cs.unb.ca.jnetpcap.FlowGenerator    FlagFIN current has 579 flow
2026-05-15 19:44:49 INFO  cic.cs.unb.ca.jnetpcap.FlowGenerator    Forward flow closed due to FIN Flag
2026-05-15 19:44:49 INFO  cic.cs.unb.ca.jnetpcap.FlowGenerator    Forward flow closed due to FIN Flag
2026-05-15 19:44:49 DEBUG cic.cs.unb.ca.jnetpcap.FlowGenerator    FlagRST current has 579 flow
2026-05-15 19:44:49 INFO  cic.cs.unb.ca.jnetpcap.FlowGenerator    Forward flow closed due to FIN Flag
2026-05-15 19:44:49 DEBUG cic.cs.unb.ca.jnetpcap.FlowGenerator    FlagRST current has 578 flow
2026-05-15 19:44:49 INFO  cic.cs.unb.ca.jnetpcap.FlowGenerator    Forward flow closed due to FIN Flag
2026-05-15 19:44:49 DEBUG cic.cs.unb.ca.jnetpcap.FlowGenerator    FlagRST current has 577 flow
2026-05-15 19:44:49 INFO  cic.cs.unb.ca.jnetpcap.FlowGenerator    Forward flow closed due to FIN Flag
2026-05-15 19:44:49 DEBUG cic.cs.unb.ca.jnetpcap.FlowGenerator    FlagRST current has 576 flow
2026-05-15 19:44:49 INFO  cic.cs.unb.ca.jnetpcap.FlowGenerator    Forward flow closed due to FIN Flag
2026-05-15 19:44:49 INFO  cic.cs.unb.ca.jnetpcap.FlowGenerator    Forward flow closed due to FIN Flag
2026-05-15 19:44:49 DEBUG cic.cs.unb.ca.jnetpcap.FlowGenerator    FlagRST current has 575 flow
2026-05-15 19:44:49 INFO  cic.cs.unb.ca.jnetpcap.FlowGenerator    Forward flow closed due to FIN Flag
2026-05-15 19:44:49 DEBUG cic.cs.unb.ca.jnetpcap.FlowGenerator    FlagRST current has 574 flow
2026-05-15 19:44:49 INFO  cic.cs.unb.ca.jnetpcap.FlowGenerator    Forward flow closed due to FIN Flag
2026-05-15 19:44:49 DEBUG cic.cs.unb.ca.jnetpcap.FlowGenerator    FlagRST current has 573 flow
2026-05-15 19:44:49 INFO  cic.cs.unb.ca.jnetpcap.FlowGenerator    Forward flow closed due to FIN Flag
2026-05-15 19:44:49 DEBUG cic.cs.unb.ca.jnetpcap.FlowGenerator    FlagRST current has 572 flow
2026-05-15 19:44:49 INFO  cic.cs.unb.ca.jnetpcap.FlowGenerator    Forward flow closed due to FIN Flag
2026-05-15 19:44:49 DEBUG cic.cs.unb.ca.jnetpcap.FlowGenerator    FlagRST current has 571 flow
2026-05-15 19:44:49 DEBUG cic.cs.unb.ca.jnetpcap.FlowGenerator    FlagFIN current has 579 flow
2026-05-15 19:44:49 DEBUG cic.cs.unb.ca.jnetpcap.FlowGenerator    FlagFIN current has 579 flow
2026-05-15 19:45:03 DEBUG cic.cs.unb.ca.jnetpcap.FlowGenerator    FlagFIN current has 579 flow
2026-05-15 19:45:03 DEBUG cic.cs.unb.ca.jnetpcap.FlowGenerator    FlagFIN current has 579 flow
2026-05-15 19:45:04 INFO  cic.cs.unb.ca.jnetpcap.FlowGenerator    Forward flow closed due to FIN Flag
2026-05-15 19:45:04 DEBUG cic.cs.unb.ca.jnetpcap.FlowGenerator    FlagRST current has 579 flow
2026-05-15 19:45:04 INFO  cic.cs.unb.ca.jnetpcap.FlowGenerator    Forward flow closed due to FIN Flag
2026-05-15 19:45:04 INFO  cic.cs.unb.ca.jnetpcap.FlowGenerator    Forward flow closed due to FIN Flag
2026-05-15 19:45:04 DEBUG cic.cs.unb.ca.jnetpcap.FlowGenerator    FlagRST current has 579 flow
2026-05-15 19:45:23 DEBUG cic.cs.unb.ca.jnetpcap.FlowGenerator    FlagFIN current has 583 flow
2026-05-15 19:45:23 INFO  cic.cs.unb.ca.jnetpcap.FlowGenerator    Forward flow closed due to FIN Flag
2026-05-15 19:45:23 INFO  cic.cs.unb.ca.jnetpcap.FlowGenerator    Forward flow closed due to FIN Flag
2026-05-15 19:45:23 DEBUG cic.cs.unb.ca.jnetpcap.FlowGenerator    FlagFIN current has 583 flow
2026-05-15 19:45:29 DEBUG cic.cs.unb.ca.jnetpcap.FlowGenerator    FlagFIN current has 583 flow
2026-05-15 19:45:29 INFO  cic.cs.unb.ca.jnetpcap.FlowGenerator    Forward flow closed due to FIN Flag
2026-05-15 19:45:29 INFO  cic.cs.unb.ca.jnetpcap.FlowGenerator    Forward flow closed due to FIN Flag
2026-05-15 19:45:29 INFO  cic.cs.unb.ca.jnetpcap.FlowGenerator    Forward flow closed due to FIN Flag
2026-05-15 19:45:29 DEBUG cic.cs.unb.ca.jnetpcap.FlowGenerator    FlagFIN current has 583 flow
2026-05-15 19:45:29 DEBUG cic.cs.unb.ca.jnetpcap.FlowGenerator    FlagFIN current has 583 flow
2026-05-15 19:45:29 INFO  cic.cs.unb.ca.jnetpcap.FlowGenerator    Forward flow closed due to FIN Flag
2026-05-15 19:45:29 DEBUG cic.cs.unb.ca.jnetpcap.FlowGenerator    FlagFIN current has 583 flow
2026-05-15 19:45:37 DEBUG cic.cs.unb.ca.jnetpcap.FlowGenerator    FlagFIN current has 589 flow
2026-05-15 19:45:37 DEBUG cic.cs.unb.ca.jnetpcap.FlowGenerator    FlagFIN current has 589 flow
2026-05-15 19:45:37 INFO  cic.cs.unb.ca.jnetpcap.FlowGenerator    Forward flow closed due to FIN Flag
2026-05-15 19:46:03 INFO  cic.cs.unb.ca.jnetpcap.FlowGenerator    Forward flow closed due to FIN Flag
2026-05-15 19:46:03 DEBUG cic.cs.unb.ca.jnetpcap.FlowGenerator    FlagFIN current has 590 flow
2026-05-15 19:46:03 DEBUG cic.cs.unb.ca.jnetpcap.FlowGenerator    FlagFIN current has 590 flow
2026-05-15 19:46:03 DEBUG cic.cs.unb.ca.jnetpcap.FlowGenerator    FlagFIN current has 590 flow
2026-05-15 19:46:03 INFO  cic.cs.unb.ca.jnetpcap.FlowGenerator    Forward flow closed due to FIN Flag
2026-05-15 19:46:03 DEBUG cic.cs.unb.ca.jnetpcap.FlowGenerator    FlagFIN current has 590 flow
2026-05-15 19:46:04 DEBUG cic.cs.unb.ca.jnetpcap.FlowGenerator    FlagRST current has 602 flow
2026-05-15 19:46:05 DEBUG cic.cs.unb.ca.jnetpcap.FlowGenerator    FlagRST current has 603 flow
2026-05-15 19:46:06 INFO  cic.cs.unb.ca.jnetpcap.FlowGenerator    Forward flow closed due to FIN Flag
2026-05-15 19:46:06 DEBUG cic.cs.unb.ca.jnetpcap.FlowGenerator    FlagRST current has 604 flow
2026-05-15 19:46:06 INFO  cic.cs.unb.ca.jnetpcap.FlowGenerator    Forward flow closed due to FIN Flag
2026-05-15 19:46:07 INFO  cic.cs.unb.ca.jnetpcap.FlowGenerator    Forward flow closed due to FIN Flag
2026-05-15 19:46:07 DEBUG cic.cs.unb.ca.jnetpcap.FlowGenerator    FlagRST current has 606 flow
2026-05-15 19:46:07 DEBUG cic.cs.unb.ca.jnetpcap.FlowGenerator    FlagFIN current has 606 flow
2026-05-15 19:46:07 INFO  cic.cs.unb.ca.jnetpcap.FlowGenerator    Forward flow closed due to FIN Flag
2026-05-15 19:46:07 WARN  cic.cs.unb.ca.jnetpcap.FlowGenerator    Forward flow received 2 FIN packets
2026-05-15 19:46:07 INFO  cic.cs.unb.ca.jnetpcap.FlowGenerator    Forward flow closed due to FIN Flag
2026-05-15 19:46:15 WARN  cic.cs.unb.ca.jnetpcap.FlowGenerator    Forward flow received 2 FIN packets
2026-05-15 19:46:15 INFO  cic.cs.unb.ca.jnetpcap.FlowGenerator    Forward flow closed due to FIN Flag
2026-05-15 19:46:15 DEBUG cic.cs.unb.ca.jnetpcap.FlowGenerator    FlagFIN current has 607 flow
2026-05-15 19:46:15 INFO  cic.cs.unb.ca.jnetpcap.FlowGenerator    Forward flow closed due to FIN Flag
2026-05-15 19:46:15 DEBUG cic.cs.unb.ca.jnetpcap.FlowGenerator    FlagFIN current has 607 flow
2026-05-15 19:46:15 DEBUG cic.cs.unb.ca.jnetpcap.FlowGenerator    FlagFIN current has 607 flow
2026-05-15 19:46:26 DEBUG cic.cs.unb.ca.jnetpcap.FlowGenerator    FlagRST current has 609 flow
2026-05-15 19:46:26 DEBUG cic.cs.unb.ca.jnetpcap.FlowGenerator    FlagRST current has 608 flow
2026-05-15 19:46:26 DEBUG cic.cs.unb.ca.jnetpcap.FlowGenerator    FlagRST current has 607 flow
2026-05-15 19:46:26 DEBUG cic.cs.unb.ca.jnetpcap.FlowGenerator    FlagRST current has 606 flow
2026-05-15 19:46:26 DEBUG cic.cs.unb.ca.jnetpcap.FlowGenerator    FlagRST current has 605 flow
2026-05-15 19:46:26 DEBUG cic.cs.unb.ca.jnetpcap.FlowGenerator    FlagRST current has 604 flow
2026-05-15 19:46:26 DEBUG cic.cs.unb.ca.jnetpcap.FlowGenerator    FlagRST current has 603 flow
2026-05-15 19:46:26 DEBUG cic.cs.unb.ca.jnetpcap.FlowGenerator    FlagRST current has 602 flow
2026-05-15 19:46:26 DEBUG cic.cs.unb.ca.jnetpcap.FlowGenerator    FlagRST current has 601 flow
2026-05-15 19:46:26 DEBUG cic.cs.unb.ca.jnetpcap.FlowGenerator    Timeout current has 600 flow
2026-05-15 19:46:26 INFO  cic.cs.unb.ca.jnetpcap.FlowGenerator    Forward flow closed due to FIN Flag
2026-05-15 19:46:26 DEBUG cic.cs.unb.ca.jnetpcap.FlowGenerator    Timeout current has 600 flow
2026-05-15 19:46:26 INFO  cic.cs.unb.ca.jnetpcap.FlowGenerator    Forward flow closed due to FIN Flag
2026-05-15 19:46:26 DEBUG cic.cs.unb.ca.jnetpcap.FlowGenerator    FlagFIN current has 601 flow
2026-05-15 19:46:37 DEBUG cic.cs.unb.ca.jnetpcap.FlowGenerator    FlagFIN current has 602 flow
2026-05-15 19:46:37 DEBUG cic.cs.unb.ca.jnetpcap.FlowGenerator    FlagFIN current has 602 flow
2026-05-15 19:46:37 INFO  cic.cs.unb.ca.jnetpcap.FlowGenerator    Forward flow closed due to FIN Flag
2026-05-15 19:46:37 INFO  cic.cs.unb.ca.jnetpcap.FlowGenerator    Forward flow closed due to FIN Flag
2026-05-15 19:46:37 DEBUG cic.cs.unb.ca.jnetpcap.FlowGenerator    FlagFIN current has 602 flow
2026-05-15 19:46:37 DEBUG cic.cs.unb.ca.jnetpcap.FlowGenerator    FlagFIN current has 602 flow
2026-05-15 19:46:37 DEBUG cic.cs.unb.ca.jnetpcap.FlowGenerator    FlagFIN current has 602 flow
2026-05-15 19:46:37 DEBUG cic.cs.unb.ca.jnetpcap.FlowGenerator    FlagFIN current has 602 flow
2026-05-15 19:46:37 INFO  cic.cs.unb.ca.jnetpcap.FlowGenerator    Forward flow closed due to FIN Flag
2026-05-15 19:46:57 INFO  cic.cs.unb.ca.jnetpcap.FlowGenerator    Forward flow closed due to FIN Flag
2026-05-15 19:46:57 INFO  cic.cs.unb.ca.jnetpcap.FlowGenerator    Forward flow closed due to FIN Flag
2026-05-15 19:46:57 INFO  cic.cs.unb.ca.jnetpcap.FlowGenerator    Forward flow closed due to FIN Flag
2026-05-15 19:46:57 INFO  cic.cs.unb.ca.jnetpcap.FlowGenerator    Forward flow closed due to FIN Flag
2026-05-15 19:46:57 DEBUG cic.cs.unb.ca.jnetpcap.FlowGenerator    FlagFIN current has 607 flow
2026-05-15 19:46:57 DEBUG cic.cs.unb.ca.jnetpcap.FlowGenerator    FlagFIN current has 608 flow
2026-05-15 19:46:57 DEBUG cic.cs.unb.ca.jnetpcap.FlowGenerator    FlagFIN current has 608 flow
2026-05-15 19:46:57 DEBUG cic.cs.unb.ca.jnetpcap.FlowGenerator    FlagFIN current has 608 flow
2026-05-15 19:46:58 INFO  cic.cs.unb.ca.jnetpcap.FlowGenerator    Forward flow closed due to FIN Flag
2026-05-15 19:46:58 INFO  cic.cs.unb.ca.jnetpcap.FlowGenerator    Forward flow closed due to FIN Flag
2026-05-15 19:46:58 DEBUG cic.cs.unb.ca.jnetpcap.FlowGenerator    FlagFIN current has 610 flow
2026-05-15 19:46:58 DEBUG cic.cs.unb.ca.jnetpcap.FlowGenerator    FlagFIN current has 611 flow
2026-05-15 19:47:13 INFO  cic.cs.unb.ca.jnetpcap.FlowGenerator    Forward flow closed due to FIN Flag
2026-05-15 19:47:13 INFO  cic.cs.unb.ca.jnetpcap.FlowGenerator    Forward flow closed due to FIN Flag
2026-05-15 19:47:13 DEBUG cic.cs.unb.ca.jnetpcap.FlowGenerator    FlagFIN current has 616 flow
2026-05-15 19:47:13 DEBUG cic.cs.unb.ca.jnetpcap.FlowGenerator    FlagFIN current has 616 flow
2026-05-15 19:47:15 DEBUG cic.cs.unb.ca.jnetpcap.FlowGenerator    FlagFIN current has 616 flow
2026-05-15 19:47:15 INFO  cic.cs.unb.ca.jnetpcap.FlowGenerator    Forward flow closed due to FIN Flag
2026-05-15 19:47:15 DEBUG cic.cs.unb.ca.jnetpcap.FlowGenerator    FlagFIN current has 616 flow
2026-05-15 19:47:27 INFO  cic.cs.unb.ca.jnetpcap.FlowGenerator    Forward flow closed due to FIN Flag
2026-05-15 19:47:27 DEBUG cic.cs.unb.ca.jnetpcap.FlowGenerator    FlagFIN current has 616 flow
2026-05-15 19:47:27 DEBUG cic.cs.unb.ca.jnetpcap.FlowGenerator    FlagFIN current has 616 flow
2026-05-15 19:47:27 INFO  cic.cs.unb.ca.jnetpcap.FlowGenerator    Forward flow closed due to FIN Flag
2026-05-15 19:47:27 DEBUG cic.cs.unb.ca.jnetpcap.FlowGenerator    FlagRST current has 616 flow
2026-05-15 19:47:33 DEBUG cic.cs.unb.ca.jnetpcap.FlowGenerator    FlagFIN current has 615 flow
2026-05-15 19:47:33 INFO  cic.cs.unb.ca.jnetpcap.FlowGenerator    Forward flow closed due to FIN Flag
2026-05-15 19:47:33 INFO  cic.cs.unb.ca.jnetpcap.FlowGenerator    Forward flow closed due to FIN Flag
2026-05-15 19:47:33 INFO  cic.cs.unb.ca.jnetpcap.FlowGenerator    Forward flow closed due to FIN Flag
2026-05-15 19:47:33 DEBUG cic.cs.unb.ca.jnetpcap.FlowGenerator    FlagFIN current has 617 flow
2026-05-15 19:47:33 DEBUG cic.cs.unb.ca.jnetpcap.FlowGenerator    FlagFIN current has 617 flow
2026-05-15 19:47:39 DEBUG cic.cs.unb.ca.jnetpcap.FlowGenerator    FlagFIN current has 618 flow
2026-05-15 19:47:39 DEBUG cic.cs.unb.ca.jnetpcap.FlowGenerator    FlagFIN current has 618 flow
2026-05-15 19:47:39 INFO  cic.cs.unb.ca.jnetpcap.FlowGenerator    Forward flow closed due to FIN Flag
2026-05-15 19:47:39 INFO  cic.cs.unb.ca.jnetpcap.FlowGenerator    Forward flow closed due to FIN Flag
2026-05-15 19:47:39 DEBUG cic.cs.unb.ca.jnetpcap.FlowGenerator    FlagFIN current has 618 flow
2026-05-15 19:48:00 INFO  cic.cs.unb.ca.jnetpcap.FlowGenerator    Forward flow closed due to FIN Flag
2026-05-15 19:48:00 INFO  cic.cs.unb.ca.jnetpcap.FlowGenerator    Forward flow closed due to FIN Flag
2026-05-15 19:48:00 DEBUG cic.cs.unb.ca.jnetpcap.FlowGenerator    FlagFIN current has 621 flow
2026-05-15 19:48:00 DEBUG cic.cs.unb.ca.jnetpcap.FlowGenerator    FlagFIN current has 621 flow
2026-05-15 19:48:06 INFO  cic.cs.unb.ca.jnetpcap.FlowGenerator    Forward flow closed due to FIN Flag
2026-05-15 19:48:06 INFO  cic.cs.unb.ca.jnetpcap.FlowGenerator    Forward flow closed due to FIN Flag
2026-05-15 19:48:06 DEBUG cic.cs.unb.ca.jnetpcap.FlowGenerator    FlagFIN current has 624 flow
2026-05-15 19:48:06 DEBUG cic.cs.unb.ca.jnetpcap.FlowGenerator    FlagFIN current has 624 flow
2026-05-15 19:48:06 INFO  cic.cs.unb.ca.jnetpcap.FlowGenerator    Forward flow closed due to FIN Flag
2026-05-15 19:48:06 DEBUG cic.cs.unb.ca.jnetpcap.FlowGenerator    FlagFIN current has 626 flow
2026-05-15 19:48:06 INFO  cic.cs.unb.ca.jnetpcap.FlowGenerator    Forward flow closed due to FIN Flag
2026-05-15 19:48:06 DEBUG cic.cs.unb.ca.jnetpcap.FlowGenerator    FlagFIN current has 627 flow
2026-05-15 19:48:34 DEBUG cic.cs.unb.ca.jnetpcap.FlowGenerator    FlagFIN current has 631 flow
2026-05-15 19:48:39 DEBUG cic.cs.unb.ca.jnetpcap.FlowGenerator    FlagFIN current has 631 flow
2026-05-15 19:48:39 INFO  cic.cs.unb.ca.jnetpcap.FlowGenerator    Forward flow closed due to FIN Flag
2026-05-15 19:48:39 DEBUG cic.cs.unb.ca.jnetpcap.FlowGenerator    FlagFIN current has 631 flow
2026-05-15 19:48:39 INFO  cic.cs.unb.ca.jnetpcap.FlowGenerator    Forward flow closed due to FIN Flag
2026-05-15 19:48:39 DEBUG cic.cs.unb.ca.jnetpcap.FlowGenerator    FlagFIN current has 631 flow
2026-05-15 19:48:39 INFO  cic.cs.unb.ca.jnetpcap.FlowGenerator    Forward flow closed due to FIN Flag
2026-05-15 19:48:41 INFO  cic.cs.unb.ca.jnetpcap.FlowGenerator    Forward flow closed due to FIN Flag
2026-05-15 19:48:41 INFO  cic.cs.unb.ca.jnetpcap.FlowGenerator    Forward flow closed due to FIN Flag
2026-05-15 19:48:41 INFO  cic.cs.unb.ca.jnetpcap.FlowGenerator    Forward flow closed due to FIN Flag
2026-05-15 19:48:41 INFO  cic.cs.unb.ca.jnetpcap.FlowGenerator    Forward flow closed due to FIN Flag
2026-05-15 19:48:41 DEBUG cic.cs.unb.ca.jnetpcap.FlowGenerator    FlagRST current has 633 flow
2026-05-15 19:48:41 DEBUG cic.cs.unb.ca.jnetpcap.FlowGenerator    FlagFIN current has 633 flow
2026-05-15 19:48:41 DEBUG cic.cs.unb.ca.jnetpcap.FlowGenerator    FlagFIN current has 633 flow
2026-05-15 19:48:41 DEBUG cic.cs.unb.ca.jnetpcap.FlowGenerator    FlagFIN current has 633 flow
2026-05-15 19:48:42 DEBUG cic.cs.unb.ca.jnetpcap.FlowGenerator    FlagFIN current has 634 flow
2026-05-15 19:48:42 DEBUG cic.cs.unb.ca.jnetpcap.FlowGenerator    FlagFIN current has 634 flow
2026-05-15 19:48:42 INFO  cic.cs.unb.ca.jnetpcap.FlowGenerator    Forward flow closed due to FIN Flag
2026-05-15 19:48:42 INFO  cic.cs.unb.ca.jnetpcap.FlowGenerator    Forward flow closed due to FIN Flag
2026-05-15 19:48:42 DEBUG cic.cs.unb.ca.jnetpcap.FlowGenerator    FlagFIN current has 637 flow
2026-05-15 19:48:42 DEBUG cic.cs.unb.ca.jnetpcap.FlowGenerator    FlagFIN current has 637 flow
2026-05-15 19:48:44 INFO  cic.cs.unb.ca.jnetpcap.FlowGenerator    Forward flow closed due to FIN Flag
2026-05-15 19:48:44 INFO  cic.cs.unb.ca.jnetpcap.FlowGenerator    Forward flow closed due to FIN Flag
2026-05-15 19:48:44 DEBUG cic.cs.unb.ca.jnetpcap.FlowGenerator    FlagFIN current has 639 flow
2026-05-15 19:48:44 DEBUG cic.cs.unb.ca.jnetpcap.FlowGenerator    FlagFIN current has 640 flow
2026-05-15 19:48:57 INFO  cic.cs.unb.ca.jnetpcap.FlowGenerator    Forward flow closed due to FIN Flag
2026-05-15 19:48:57 DEBUG cic.cs.unb.ca.jnetpcap.FlowGenerator    FlagFIN current has 646 flow
2026-05-15 19:48:57 INFO  cic.cs.unb.ca.jnetpcap.FlowGenerator    Forward flow closed due to FIN Flag
2026-05-15 19:48:57 DEBUG cic.cs.unb.ca.jnetpcap.FlowGenerator    FlagFIN current has 647 flow
2026-05-15 19:49:06 DEBUG cic.cs.unb.ca.jnetpcap.FlowGenerator    FlagFIN current has 647 flow
2026-05-15 19:49:06 INFO  cic.cs.unb.ca.jnetpcap.FlowGenerator    Forward flow closed due to FIN Flag
2026-05-15 19:49:06 DEBUG cic.cs.unb.ca.jnetpcap.FlowGenerator    FlagRST current has 649 flow
2026-05-15 19:49:06 INFO  cic.cs.unb.ca.jnetpcap.FlowGenerator    Forward flow closed due to FIN Flag
2026-05-15 19:49:06 DEBUG cic.cs.unb.ca.jnetpcap.FlowGenerator    FlagFIN current has 648 flow
2026-05-15 19:49:07 INFO  cic.cs.unb.ca.jnetpcap.FlowGenerator    Forward flow closed due to FIN Flag
2026-05-15 19:49:07 DEBUG cic.cs.unb.ca.jnetpcap.FlowGenerator    FlagFIN current has 650 flow
2026-05-15 19:49:13 INFO  cic.cs.unb.ca.jnetpcap.FlowGenerator    Forward flow closed due to FIN Flag
2026-05-15 19:49:13 DEBUG cic.cs.unb.ca.jnetpcap.FlowGenerator    FlagFIN current has 652 flow
2026-05-15 19:49:13 DEBUG cic.cs.unb.ca.jnetpcap.FlowGenerator    FlagRST current has 652 flow
2026-05-15 19:49:13 INFO  cic.cs.unb.ca.jnetpcap.FlowGenerator    Forward flow closed due to FIN Flag
2026-05-15 19:49:13 INFO  cic.cs.unb.ca.jnetpcap.FlowGenerator    Forward flow closed due to FIN Flag
2026-05-15 19:49:13 DEBUG cic.cs.unb.ca.jnetpcap.FlowGenerator    FlagFIN current has 653 flow
2026-05-15 19:49:13 DEBUG cic.cs.unb.ca.jnetpcap.FlowGenerator    FlagFIN current has 654 flow
2026-05-15 19:49:13 INFO  cic.cs.unb.ca.jnetpcap.FlowGenerator    Forward flow closed due to FIN Flag
2026-05-15 19:49:13 DEBUG cic.cs.unb.ca.jnetpcap.FlowGenerator    FlagFIN current has 657 flow
2026-05-15 19:49:13 INFO  cic.cs.unb.ca.jnetpcap.FlowGenerator    Forward flow closed due to FIN Flag
2026-05-15 19:49:13 DEBUG cic.cs.unb.ca.jnetpcap.FlowGenerator    FlagFIN current has 658 flow
2026-05-15 19:49:13 INFO  cic.cs.unb.ca.jnetpcap.FlowGenerator    Forward flow closed due to FIN Flag
2026-05-15 19:49:13 INFO  cic.cs.unb.ca.jnetpcap.FlowGenerator    Forward flow closed due to FIN Flag
2026-05-15 19:49:13 DEBUG cic.cs.unb.ca.jnetpcap.FlowGenerator    FlagFIN current has 661 flow
2026-05-15 19:49:13 DEBUG cic.cs.unb.ca.jnetpcap.FlowGenerator    FlagFIN current has 661 flow
2026-05-15 19:49:13 INFO  cic.cs.unb.ca.jnetpcap.FlowGenerator    Forward flow closed due to FIN Flag
2026-05-15 19:49:13 INFO  cic.cs.unb.ca.jnetpcap.FlowGenerator    Forward flow closed due to FIN Flag
2026-05-15 19:49:13 DEBUG cic.cs.unb.ca.jnetpcap.FlowGenerator    FlagFIN current has 664 flow
2026-05-15 19:49:13 DEBUG cic.cs.unb.ca.jnetpcap.FlowGenerator    FlagFIN current has 664 flow
2026-05-15 19:49:13 INFO  cic.cs.unb.ca.jnetpcap.FlowGenerator    Forward flow closed due to FIN Flag
2026-05-15 19:49:13 INFO  cic.cs.unb.ca.jnetpcap.FlowGenerator    Forward flow closed due to FIN Flag
2026-05-15 19:49:13 DEBUG cic.cs.unb.ca.jnetpcap.FlowGenerator    FlagFIN current has 667 flow
2026-05-15 19:49:13 DEBUG cic.cs.unb.ca.jnetpcap.FlowGenerator    FlagFIN current has 667 flow
2026-05-15 19:49:15 INFO  cic.cs.unb.ca.jnetpcap.FlowGenerator    Forward flow closed due to FIN Flag
2026-05-15 19:49:15 DEBUG cic.cs.unb.ca.jnetpcap.FlowGenerator    FlagRST current has 672 flow
2026-05-15 19:49:15 INFO  cic.cs.unb.ca.jnetpcap.FlowGenerator    Forward flow closed due to FIN Flag
2026-05-15 19:49:15 INFO  cic.cs.unb.ca.jnetpcap.FlowGenerator    Forward flow closed due to FIN Flag
2026-05-15 19:49:15 INFO  cic.cs.unb.ca.jnetpcap.FlowGenerator    Forward flow closed due to FIN Flag
2026-05-15 19:49:15 INFO  cic.cs.unb.ca.jnetpcap.FlowGenerator    Forward flow closed due to FIN Flag
2026-05-15 19:49:15 DEBUG cic.cs.unb.ca.jnetpcap.FlowGenerator    FlagFIN current has 679 flow
2026-05-15 19:49:15 DEBUG cic.cs.unb.ca.jnetpcap.FlowGenerator    FlagFIN current has 679 flow
2026-05-15 19:49:15 INFO  cic.cs.unb.ca.jnetpcap.FlowGenerator    Forward flow closed due to FIN Flag
2026-05-15 19:49:15 INFO  cic.cs.unb.ca.jnetpcap.FlowGenerator    Forward flow closed due to FIN Flag
2026-05-15 19:49:15 DEBUG cic.cs.unb.ca.jnetpcap.FlowGenerator    FlagFIN current has 680 flow
2026-05-15 19:49:15 DEBUG cic.cs.unb.ca.jnetpcap.FlowGenerator    FlagFIN current has 681 flow
2026-05-15 19:49:15 INFO  cic.cs.unb.ca.jnetpcap.FlowGenerator    Forward flow closed due to FIN Flag
2026-05-15 19:49:15 DEBUG cic.cs.unb.ca.jnetpcap.FlowGenerator    FlagFIN current has 682 flow
2026-05-15 19:49:15 DEBUG cic.cs.unb.ca.jnetpcap.FlowGenerator    FlagFIN current has 683 flow
2026-05-15 19:49:15 INFO  cic.cs.unb.ca.jnetpcap.FlowGenerator    Forward flow closed due to FIN Flag
2026-05-15 19:49:15 INFO  cic.cs.unb.ca.jnetpcap.FlowGenerator    Forward flow closed due to FIN Flag
2026-05-15 19:49:15 DEBUG cic.cs.unb.ca.jnetpcap.FlowGenerator    FlagFIN current has 684 flow
2026-05-15 19:49:15 DEBUG cic.cs.unb.ca.jnetpcap.FlowGenerator    FlagFIN current has 684 flow
2026-05-15 19:49:15 INFO  cic.cs.unb.ca.jnetpcap.FlowGenerator    Forward flow closed due to FIN Flag
2026-05-15 19:49:15 INFO  cic.cs.unb.ca.jnetpcap.FlowGenerator    Forward flow closed due to FIN Flag
2026-05-15 19:49:15 DEBUG cic.cs.unb.ca.jnetpcap.FlowGenerator    FlagFIN current has 688 flow
2026-05-15 19:49:15 DEBUG cic.cs.unb.ca.jnetpcap.FlowGenerator    FlagFIN current has 688 flow
2026-05-15 19:49:15 DEBUG cic.cs.unb.ca.jnetpcap.FlowGenerator    FlagFIN current has 688 flow
2026-05-15 19:49:28 INFO  cic.cs.unb.ca.jnetpcap.FlowGenerator    Forward flow closed due to FIN Flag
2026-05-15 19:49:28 INFO  cic.cs.unb.ca.jnetpcap.FlowGenerator    Forward flow closed due to FIN Flag
2026-05-15 19:49:28 DEBUG cic.cs.unb.ca.jnetpcap.FlowGenerator    FlagFIN current has 691 flow
2026-05-15 19:49:28 DEBUG cic.cs.unb.ca.jnetpcap.FlowGenerator    FlagFIN current has 691 flow
2026-05-15 19:49:42 INFO  cic.cs.unb.ca.jnetpcap.FlowGenerator    Forward flow closed due to FIN Flag
2026-05-15 19:49:42 INFO  cic.cs.unb.ca.jnetpcap.FlowGenerator    Forward flow closed due to FIN Flag
2026-05-15 19:49:42 DEBUG cic.cs.unb.ca.jnetpcap.FlowGenerator    FlagFIN current has 696 flow
2026-05-15 19:49:42 DEBUG cic.cs.unb.ca.jnetpcap.FlowGenerator    FlagFIN current has 696 flow
2026-05-15 19:49:43 INFO  cic.cs.unb.ca.jnetpcap.FlowGenerator    Forward flow closed due to FIN Flag
2026-05-15 19:49:43 INFO  cic.cs.unb.ca.jnetpcap.FlowGenerator    Forward flow closed due to FIN Flag
2026-05-15 19:49:43 INFO  cic.cs.unb.ca.jnetpcap.FlowGenerator    Forward flow closed due to FIN Flag
2026-05-15 19:49:43 INFO  cic.cs.unb.ca.jnetpcap.FlowGenerator    Forward flow closed due to FIN Flag
2026-05-15 19:49:43 INFO  cic.cs.unb.ca.jnetpcap.FlowGenerator    Forward flow closed due to FIN Flag
2026-05-15 19:49:43 INFO  cic.cs.unb.ca.jnetpcap.FlowGenerator    Forward flow closed due to FIN Flag
2026-05-15 19:49:43 INFO  cic.cs.unb.ca.jnetpcap.FlowGenerator    Forward flow closed due to FIN Flag
2026-05-15 19:49:43 INFO  cic.cs.unb.ca.jnetpcap.FlowGenerator    Forward flow closed due to FIN Flag
2026-05-15 19:49:43 INFO  cic.cs.unb.ca.jnetpcap.FlowGenerator    Forward flow closed due to FIN Flag
2026-05-15 19:49:43 INFO  cic.cs.unb.ca.jnetpcap.FlowGenerator    Forward flow closed due to FIN Flag
2026-05-15 19:49:43 INFO  cic.cs.unb.ca.jnetpcap.FlowGenerator    Forward flow closed due to FIN Flag
2026-05-15 19:49:43 INFO  cic.cs.unb.ca.jnetpcap.FlowGenerator    Forward flow closed due to FIN Flag
2026-05-15 19:49:43 INFO  cic.cs.unb.ca.jnetpcap.FlowGenerator    Forward flow closed due to FIN Flag
2026-05-15 19:49:43 INFO  cic.cs.unb.ca.jnetpcap.FlowGenerator    Forward flow closed due to FIN Flag
2026-05-15 19:49:43 INFO  cic.cs.unb.ca.jnetpcap.FlowGenerator    Forward flow closed due to FIN Flag
2026-05-15 19:49:43 INFO  cic.cs.unb.ca.jnetpcap.FlowGenerator    Forward flow closed due to FIN Flag
2026-05-15 19:49:43 INFO  cic.cs.unb.ca.jnetpcap.FlowGenerator    Forward flow closed due to FIN Flag
2026-05-15 19:49:43 INFO  cic.cs.unb.ca.jnetpcap.FlowGenerator    Forward flow closed due to FIN Flag
2026-05-15 19:49:43 INFO  cic.cs.unb.ca.jnetpcap.FlowGenerator    Forward flow closed due to FIN Flag
2026-05-15 19:49:43 INFO  cic.cs.unb.ca.jnetpcap.FlowGenerator    Forward flow closed due to FIN Flag
2026-05-15 19:49:43 INFO  cic.cs.unb.ca.jnetpcap.FlowGenerator    Forward flow closed due to FIN Flag
2026-05-15 19:49:43 INFO  cic.cs.unb.ca.jnetpcap.FlowGenerator    Forward flow closed due to FIN Flag
2026-05-15 19:49:43 INFO  cic.cs.unb.ca.jnetpcap.FlowGenerator    Forward flow closed due to FIN Flag
2026-05-15 19:49:43 DEBUG cic.cs.unb.ca.jnetpcap.FlowGenerator    FlagRST current has 729 flow
2026-05-15 19:49:43 DEBUG cic.cs.unb.ca.jnetpcap.FlowGenerator    FlagRST current has 728 flow
2026-05-15 19:49:43 DEBUG cic.cs.unb.ca.jnetpcap.FlowGenerator    FlagRST current has 727 flow
2026-05-15 19:49:43 DEBUG cic.cs.unb.ca.jnetpcap.FlowGenerator    FlagFIN current has 726 flow
2026-05-15 19:49:43 DEBUG cic.cs.unb.ca.jnetpcap.FlowGenerator    FlagFIN current has 726 flow
2026-05-15 19:49:43 DEBUG cic.cs.unb.ca.jnetpcap.FlowGenerator    FlagFIN current has 726 flow
2026-05-15 19:49:43 DEBUG cic.cs.unb.ca.jnetpcap.FlowGenerator    FlagFIN current has 726 flow
2026-05-15 19:49:43 DEBUG cic.cs.unb.ca.jnetpcap.FlowGenerator    FlagFIN current has 726 flow
2026-05-15 19:49:43 DEBUG cic.cs.unb.ca.jnetpcap.FlowGenerator    FlagFIN current has 726 flow
2026-05-15 19:49:43 DEBUG cic.cs.unb.ca.jnetpcap.FlowGenerator    FlagFIN current has 726 flow
2026-05-15 19:49:43 DEBUG cic.cs.unb.ca.jnetpcap.FlowGenerator    FlagFIN current has 726 flow
2026-05-15 19:49:43 DEBUG cic.cs.unb.ca.jnetpcap.FlowGenerator    FlagFIN current has 726 flow
2026-05-15 19:49:43 DEBUG cic.cs.unb.ca.jnetpcap.FlowGenerator    FlagFIN current has 726 flow
2026-05-15 19:49:43 DEBUG cic.cs.unb.ca.jnetpcap.FlowGenerator    FlagFIN current has 726 flow
2026-05-15 19:49:43 DEBUG cic.cs.unb.ca.jnetpcap.FlowGenerator    FlagFIN current has 726 flow
2026-05-15 19:49:43 DEBUG cic.cs.unb.ca.jnetpcap.FlowGenerator    FlagFIN current has 726 flow
2026-05-15 19:49:43 DEBUG cic.cs.unb.ca.jnetpcap.FlowGenerator    FlagFIN current has 726 flow
2026-05-15 19:49:43 DEBUG cic.cs.unb.ca.jnetpcap.FlowGenerator    FlagFIN current has 726 flow
2026-05-15 19:49:43 DEBUG cic.cs.unb.ca.jnetpcap.FlowGenerator    FlagFIN current has 726 flow
2026-05-15 19:49:43 DEBUG cic.cs.unb.ca.jnetpcap.FlowGenerator    FlagFIN current has 727 flow
2026-05-15 19:49:43 DEBUG cic.cs.unb.ca.jnetpcap.FlowGenerator    FlagFIN current has 727 flow
2026-05-15 19:49:43 DEBUG cic.cs.unb.ca.jnetpcap.FlowGenerator    FlagFIN current has 727 flow
2026-05-15 19:49:43 DEBUG cic.cs.unb.ca.jnetpcap.FlowGenerator    FlagFIN current has 729 flow
2026-05-15 19:49:44 DEBUG cic.cs.unb.ca.jnetpcap.FlowGenerator    FlagFIN current has 729 flow
2026-05-15 19:49:44 DEBUG cic.cs.unb.ca.jnetpcap.FlowGenerator    FlagFIN current has 729 flow
2026-05-15 19:49:44 DEBUG cic.cs.unb.ca.jnetpcap.FlowGenerator    FlagFIN current has 729 flow
2026-05-15 19:49:44 DEBUG cic.cs.unb.ca.jnetpcap.FlowGenerator    FlagFIN current has 729 flow
2026-05-15 19:49:44 DEBUG cic.cs.unb.ca.jnetpcap.FlowGenerator    FlagFIN current has 729 flow
2026-05-15 19:49:44 DEBUG cic.cs.unb.ca.jnetpcap.FlowGenerator    FlagFIN current has 729 flow
2026-05-15 19:49:44 DEBUG cic.cs.unb.ca.jnetpcap.FlowGenerator    FlagFIN current has 729 flow
2026-05-15 19:49:44 DEBUG cic.cs.unb.ca.jnetpcap.FlowGenerator    FlagFIN current has 729 flow
2026-05-15 19:49:44 DEBUG cic.cs.unb.ca.jnetpcap.FlowGenerator    FlagFIN current has 729 flow
2026-05-15 19:49:44 DEBUG cic.cs.unb.ca.jnetpcap.FlowGenerator    FlagFIN current has 729 flow
2026-05-15 19:49:44 DEBUG cic.cs.unb.ca.jnetpcap.FlowGenerator    FlagFIN current has 729 flow
2026-05-15 19:49:44 DEBUG cic.cs.unb.ca.jnetpcap.FlowGenerator    FlagFIN current has 729 flow
2026-05-15 19:49:44 DEBUG cic.cs.unb.ca.jnetpcap.FlowGenerator    FlagFIN current has 729 flow
2026-05-15 19:49:44 DEBUG cic.cs.unb.ca.jnetpcap.FlowGenerator    FlagFIN current has 729 flow
2026-05-15 19:49:44 DEBUG cic.cs.unb.ca.jnetpcap.FlowGenerator    FlagFIN current has 729 flow
2026-05-15 19:49:44 DEBUG cic.cs.unb.ca.jnetpcap.FlowGenerator    FlagFIN current has 728 flow
2026-05-15 19:49:44 DEBUG cic.cs.unb.ca.jnetpcap.FlowGenerator    FlagFIN current has 727 flow
2026-05-15 19:49:44 DEBUG cic.cs.unb.ca.jnetpcap.FlowGenerator    FlagFIN current has 729 flow
2026-05-15 19:49:44 DEBUG cic.cs.unb.ca.jnetpcap.FlowGenerator    FlagFIN current has 729 flow
2026-05-15 19:49:44 DEBUG cic.cs.unb.ca.jnetpcap.FlowGenerator    FlagFIN current has 728 flow
2026-05-15 19:49:44 DEBUG cic.cs.unb.ca.jnetpcap.FlowGenerator    FlagFIN current has 729 flow
2026-05-15 19:49:44 DEBUG cic.cs.unb.ca.jnetpcap.FlowGenerator    FlagFIN current has 728 flow
2026-05-15 19:49:45 INFO  cic.cs.unb.ca.jnetpcap.FlowGenerator    Forward flow closed due to FIN Flag
2026-05-15 19:49:45 INFO  cic.cs.unb.ca.jnetpcap.FlowGenerator    Forward flow closed due to FIN Flag
2026-05-15 19:49:45 DEBUG cic.cs.unb.ca.jnetpcap.FlowGenerator    FlagFIN current has 735 flow
2026-05-15 19:49:45 DEBUG cic.cs.unb.ca.jnetpcap.FlowGenerator    FlagFIN current has 734 flow
2026-05-15 19:49:46 INFO  cic.cs.unb.ca.jnetpcap.FlowGenerator    Forward flow closed due to FIN Flag
2026-05-15 19:49:46 DEBUG cic.cs.unb.ca.jnetpcap.FlowGenerator    FlagFIN current has 737 flow
2026-05-15 19:49:46 DEBUG cic.cs.unb.ca.jnetpcap.FlowGenerator    FlagFIN current has 741 flow
2026-05-15 19:49:46 INFO  cic.cs.unb.ca.jnetpcap.FlowGenerator    Forward flow closed due to FIN Flag
2026-05-15 19:49:46 INFO  cic.cs.unb.ca.jnetpcap.FlowGenerator    Forward flow closed due to FIN Flag
2026-05-15 19:49:46 DEBUG cic.cs.unb.ca.jnetpcap.FlowGenerator    FlagFIN current has 744 flow
2026-05-15 19:49:46 DEBUG cic.cs.unb.ca.jnetpcap.FlowGenerator    FlagFIN current has 744 flow
2026-05-15 19:49:46 INFO  cic.cs.unb.ca.jnetpcap.FlowGenerator    Forward flow closed due to FIN Flag
2026-05-15 19:49:46 INFO  cic.cs.unb.ca.jnetpcap.FlowGenerator    Forward flow closed due to FIN Flag
2026-05-15 19:49:46 INFO  cic.cs.unb.ca.jnetpcap.FlowGenerator    Forward flow closed due to FIN Flag
2026-05-15 19:49:46 INFO  cic.cs.unb.ca.jnetpcap.FlowGenerator    Forward flow closed due to FIN Flag
2026-05-15 19:49:46 DEBUG cic.cs.unb.ca.jnetpcap.FlowGenerator    FlagFIN current has 745 flow
2026-05-15 19:49:47 DEBUG cic.cs.unb.ca.jnetpcap.FlowGenerator    FlagRST current has 745 flow
2026-05-15 19:49:47 DEBUG cic.cs.unb.ca.jnetpcap.FlowGenerator    FlagRST current has 744 flow
2026-05-15 19:49:47 DEBUG cic.cs.unb.ca.jnetpcap.FlowGenerator    FlagFIN current has 745 flow
2026-05-15 19:49:47 DEBUG cic.cs.unb.ca.jnetpcap.FlowGenerator    FlagFIN current has 745 flow
2026-05-15 19:49:48 INFO  cic.cs.unb.ca.jnetpcap.FlowGenerator    Forward flow closed due to FIN Flag
2026-05-15 19:49:48 INFO  cic.cs.unb.ca.jnetpcap.FlowGenerator    Forward flow closed due to FIN Flag
2026-05-15 19:49:48 DEBUG cic.cs.unb.ca.jnetpcap.FlowGenerator    FlagFIN current has 749 flow
2026-05-15 19:49:48 DEBUG cic.cs.unb.ca.jnetpcap.FlowGenerator    FlagFIN current has 749 flow
2026-05-15 19:49:52 INFO  cic.cs.unb.ca.jnetpcap.FlowGenerator    Forward flow closed due to FIN Flag
2026-05-15 19:49:52 DEBUG cic.cs.unb.ca.jnetpcap.FlowGenerator    FlagFIN current has 752 flow
2026-05-15 19:49:52 INFO  cic.cs.unb.ca.jnetpcap.FlowGenerator    Forward flow closed due to FIN Flag
2026-05-15 19:49:52 DEBUG cic.cs.unb.ca.jnetpcap.FlowGenerator    FlagFIN current has 753 flow
2026-05-15 19:49:53 INFO  cic.cs.unb.ca.jnetpcap.FlowGenerator    Forward flow closed due to FIN Flag
2026-05-15 19:49:53 INFO  cic.cs.unb.ca.jnetpcap.FlowGenerator    Forward flow closed due to FIN Flag
2026-05-15 19:49:53 INFO  cic.cs.unb.ca.jnetpcap.FlowGenerator    Forward flow closed due to FIN Flag
2026-05-15 19:49:53 DEBUG cic.cs.unb.ca.jnetpcap.FlowGenerator    FlagFIN current has 761 flow
2026-05-15 19:49:53 DEBUG cic.cs.unb.ca.jnetpcap.FlowGenerator    FlagRST current has 761 flow
2026-05-15 19:49:53 DEBUG cic.cs.unb.ca.jnetpcap.FlowGenerator    FlagRST current has 760 flow
2026-05-15 19:49:53 INFO  cic.cs.unb.ca.jnetpcap.FlowGenerator    Forward flow closed due to FIN Flag
2026-05-15 19:49:53 DEBUG cic.cs.unb.ca.jnetpcap.FlowGenerator    FlagFIN current has 761 flow
2026-05-15 19:49:53 DEBUG cic.cs.unb.ca.jnetpcap.FlowGenerator    FlagFIN current has 761 flow
2026-05-15 19:49:54 INFO  cic.cs.unb.ca.jnetpcap.FlowGenerator    Forward flow closed due to FIN Flag
2026-05-15 19:49:54 INFO  cic.cs.unb.ca.jnetpcap.FlowGenerator    Forward flow closed due to FIN Flag
2026-05-15 19:49:54 INFO  cic.cs.unb.ca.jnetpcap.FlowGenerator    Forward flow closed due to FIN Flag
2026-05-15 19:49:54 DEBUG cic.cs.unb.ca.jnetpcap.FlowGenerator    FlagFIN current has 766 flow
2026-05-15 19:49:54 INFO  cic.cs.unb.ca.jnetpcap.FlowGenerator    Forward flow closed due to FIN Flag
2026-05-15 19:49:54 DEBUG cic.cs.unb.ca.jnetpcap.FlowGenerator    FlagFIN current has 767 flow
2026-05-15 19:49:54 DEBUG cic.cs.unb.ca.jnetpcap.FlowGenerator    FlagFIN current has 767 flow
2026-05-15 19:49:54 DEBUG cic.cs.unb.ca.jnetpcap.FlowGenerator    FlagFIN current has 767 flow
2026-05-15 19:49:54 INFO  cic.cs.unb.ca.jnetpcap.FlowGenerator    Forward flow closed due to FIN Flag
2026-05-15 19:49:54 INFO  cic.cs.unb.ca.jnetpcap.FlowGenerator    Forward flow closed due to FIN Flag
2026-05-15 19:49:54 DEBUG cic.cs.unb.ca.jnetpcap.FlowGenerator    FlagFIN current has 770 flow
2026-05-15 19:49:54 DEBUG cic.cs.unb.ca.jnetpcap.FlowGenerator    FlagFIN current has 770 flow
2026-05-15 19:49:55 INFO  cic.cs.unb.ca.jnetpcap.FlowGenerator    Forward flow closed due to FIN Flag
2026-05-15 19:49:55 INFO  cic.cs.unb.ca.jnetpcap.FlowGenerator    Forward flow closed due to FIN Flag
2026-05-15 19:49:55 DEBUG cic.cs.unb.ca.jnetpcap.FlowGenerator    FlagFIN current has 773 flow
2026-05-15 19:49:55 DEBUG cic.cs.unb.ca.jnetpcap.FlowGenerator    FlagFIN current has 773 flow
2026-05-15 19:49:59 DEBUG cic.cs.unb.ca.jnetpcap.FlowGenerator    FlagFIN current has 774 flow
2026-05-15 19:49:59 INFO  cic.cs.unb.ca.jnetpcap.FlowGenerator    Forward flow closed due to FIN Flag
2026-05-15 19:50:06 DEBUG cic.cs.unb.ca.jnetpcap.FlowGenerator    FlagFIN current has 775 flow
2026-05-15 19:50:06 DEBUG cic.cs.unb.ca.jnetpcap.FlowGenerator    FlagFIN current has 775 flow
2026-05-15 19:50:06 INFO  cic.cs.unb.ca.jnetpcap.FlowGenerator    Forward flow closed due to FIN Flag
2026-05-15 19:50:06 INFO  cic.cs.unb.ca.jnetpcap.FlowGenerator    Forward flow closed due to FIN Flag
2026-05-15 19:50:11 INFO  cic.cs.unb.ca.jnetpcap.FlowGenerator    Forward flow closed due to FIN Flag
2026-05-15 19:50:11 INFO  cic.cs.unb.ca.jnetpcap.FlowGenerator    Forward flow closed due to FIN Flag
2026-05-15 19:50:11 DEBUG cic.cs.unb.ca.jnetpcap.FlowGenerator    FlagFIN current has 777 flow
2026-05-15 19:50:11 DEBUG cic.cs.unb.ca.jnetpcap.FlowGenerator    FlagFIN current has 777 flow
2026-05-15 19:50:26 DEBUG cic.cs.unb.ca.jnetpcap.FlowGenerator    FlagFIN current has 777 flow
2026-05-15 19:50:26 DEBUG cic.cs.unb.ca.jnetpcap.FlowGenerator    FlagFIN current has 777 flow
2026-05-15 19:50:26 INFO  cic.cs.unb.ca.jnetpcap.FlowGenerator    Forward flow closed due to FIN Flag
2026-05-15 19:50:34 DEBUG cic.cs.unb.ca.jnetpcap.FlowGenerator    FlagFIN current has 777 flow
2026-05-15 19:50:34 INFO  cic.cs.unb.ca.jnetpcap.FlowGenerator    Forward flow closed due to FIN Flag
2026-05-15 19:50:34 INFO  cic.cs.unb.ca.jnetpcap.FlowGenerator    Forward flow closed due to FIN Flag
2026-05-15 19:50:34 INFO  cic.cs.unb.ca.jnetpcap.FlowGenerator    Forward flow closed due to FIN Flag
2026-05-15 19:50:34 DEBUG cic.cs.unb.ca.jnetpcap.FlowGenerator    FlagFIN current has 780 flow
2026-05-15 19:50:34 DEBUG cic.cs.unb.ca.jnetpcap.FlowGenerator    FlagFIN current has 780 flow
2026-05-15 19:50:46 DEBUG cic.cs.unb.ca.jnetpcap.FlowGenerator    FlagFIN current has 781 flow
2026-05-15 19:50:48 INFO  cic.cs.unb.ca.jnetpcap.FlowGenerator    Forward flow closed due to FIN Flag
2026-05-15 19:50:48 DEBUG cic.cs.unb.ca.jnetpcap.FlowGenerator    FlagFIN current has 783 flow
2026-05-15 19:50:48 INFO  cic.cs.unb.ca.jnetpcap.FlowGenerator    Forward flow closed due to FIN Flag
2026-05-15 19:50:48 DEBUG cic.cs.unb.ca.jnetpcap.FlowGenerator    FlagFIN current has 783 flow
2026-05-15 19:50:48 INFO  cic.cs.unb.ca.jnetpcap.FlowGenerator    Forward flow closed due to FIN Flag
2026-05-15 19:50:48 INFO  cic.cs.unb.ca.jnetpcap.FlowGenerator    Forward flow closed due to FIN Flag
2026-05-15 19:50:48 DEBUG cic.cs.unb.ca.jnetpcap.FlowGenerator    FlagFIN current has 785 flow
2026-05-15 19:50:48 DEBUG cic.cs.unb.ca.jnetpcap.FlowGenerator    FlagFIN current has 786 flow
2026-05-15 19:50:48 INFO  cic.cs.unb.ca.jnetpcap.FlowGenerator    Forward flow closed due to FIN Flag
2026-05-15 19:50:48 DEBUG cic.cs.unb.ca.jnetpcap.FlowGenerator    FlagFIN current has 790 flow
2026-05-15 19:50:48 INFO  cic.cs.unb.ca.jnetpcap.FlowGenerator    Forward flow closed due to FIN Flag
2026-05-15 19:50:48 DEBUG cic.cs.unb.ca.jnetpcap.FlowGenerator    FlagFIN current has 790 flow
2026-05-15 19:50:49 INFO  cic.cs.unb.ca.jnetpcap.FlowGenerator    Forward flow closed due to FIN Flag
2026-05-15 19:50:49 INFO  cic.cs.unb.ca.jnetpcap.FlowGenerator    Forward flow closed due to FIN Flag
2026-05-15 19:50:49 DEBUG cic.cs.unb.ca.jnetpcap.FlowGenerator    FlagFIN current has 793 flow
2026-05-15 19:50:49 DEBUG cic.cs.unb.ca.jnetpcap.FlowGenerator    FlagFIN current has 793 flow
2026-05-15 19:51:03 DEBUG cic.cs.unb.ca.jnetpcap.FlowGenerator    FlagFIN current has 793 flow
2026-05-15 19:51:03 DEBUG cic.cs.unb.ca.jnetpcap.FlowGenerator    FlagFIN current has 793 flow
2026-05-15 19:51:03 INFO  cic.cs.unb.ca.jnetpcap.FlowGenerator    Forward flow closed due to FIN Flag
2026-05-15 19:51:03 INFO  cic.cs.unb.ca.jnetpcap.FlowGenerator    Forward flow closed due to FIN Flag
2026-05-15 19:51:03 INFO  cic.cs.unb.ca.jnetpcap.FlowGenerator    Forward flow closed due to FIN Flag
2026-05-15 19:51:03 DEBUG cic.cs.unb.ca.jnetpcap.FlowGenerator    FlagFIN current has 796 flow
2026-05-15 19:51:03 DEBUG cic.cs.unb.ca.jnetpcap.FlowGenerator    FlagFIN current has 796 flow
2026-05-15 19:51:06 INFO  cic.cs.unb.ca.jnetpcap.FlowGenerator    Forward flow closed due to FIN Flag
2026-05-15 19:51:06 INFO  cic.cs.unb.ca.jnetpcap.FlowGenerator    Forward flow closed due to FIN Flag
2026-05-15 19:51:06 INFO  cic.cs.unb.ca.jnetpcap.FlowGenerator    Forward flow closed due to FIN Flag
2026-05-15 19:51:06 DEBUG cic.cs.unb.ca.jnetpcap.FlowGenerator    FlagRST current has 796 flow
2026-05-15 19:51:06 INFO  cic.cs.unb.ca.jnetpcap.FlowGenerator    Forward flow closed due to FIN Flag
2026-05-15 19:51:06 INFO  cic.cs.unb.ca.jnetpcap.FlowGenerator    Forward flow closed due to FIN Flag
2026-05-15 19:51:06 INFO  cic.cs.unb.ca.jnetpcap.FlowGenerator    Forward flow closed due to FIN Flag
2026-05-15 19:51:06 DEBUG cic.cs.unb.ca.jnetpcap.FlowGenerator    FlagFIN current has 795 flow
2026-05-15 19:51:06 DEBUG cic.cs.unb.ca.jnetpcap.FlowGenerator    FlagFIN current has 796 flow
2026-05-15 19:51:06 DEBUG cic.cs.unb.ca.jnetpcap.FlowGenerator    FlagFIN current has 795 flow
2026-05-15 19:51:06 INFO  cic.cs.unb.ca.jnetpcap.FlowGenerator    Forward flow closed due to FIN Flag
2026-05-15 19:51:06 DEBUG cic.cs.unb.ca.jnetpcap.FlowGenerator    FlagRST current has 798 flow
2026-05-15 19:51:06 DEBUG cic.cs.unb.ca.jnetpcap.FlowGenerator    FlagRST current has 797 flow
2026-05-15 19:51:11 DEBUG cic.cs.unb.ca.jnetpcap.FlowGenerator    FlagFIN current has 797 flow
2026-05-15 19:51:11 DEBUG cic.cs.unb.ca.jnetpcap.FlowGenerator    FlagFIN current has 797 flow
2026-05-15 19:51:11 DEBUG cic.cs.unb.ca.jnetpcap.FlowGenerator    FlagFIN current has 797 flow
2026-05-15 19:51:48 INFO  cic.cs.unb.ca.jnetpcap.FlowGenerator    Forward flow closed due to FIN Flag
2026-05-15 19:51:48 INFO  cic.cs.unb.ca.jnetpcap.FlowGenerator    Forward flow closed due to FIN Flag
2026-05-15 19:51:48 DEBUG cic.cs.unb.ca.jnetpcap.FlowGenerator    FlagFIN current has 799 flow
2026-05-15 19:51:48 DEBUG cic.cs.unb.ca.jnetpcap.FlowGenerator    FlagFIN current has 799 flow
2026-05-15 19:51:48 DEBUG cic.cs.unb.ca.jnetpcap.FlowGenerator    FlagFIN current has 799 flow
2026-05-15 19:51:48 DEBUG cic.cs.unb.ca.jnetpcap.FlowGenerator    FlagFIN current has 799 flow
2026-05-15 19:51:48 DEBUG cic.cs.unb.ca.jnetpcap.FlowGenerator    FlagFIN current has 799 flow
2026-05-15 19:51:48 DEBUG cic.cs.unb.ca.jnetpcap.FlowGenerator    FlagFIN current has 799 flow
2026-05-15 19:51:48 DEBUG cic.cs.unb.ca.jnetpcap.FlowGenerator    FlagFIN current has 799 flow
2026-05-15 19:51:48 INFO  cic.cs.unb.ca.jnetpcap.FlowGenerator    Forward flow closed due to FIN Flag
2026-05-15 19:51:48 INFO  cic.cs.unb.ca.jnetpcap.FlowGenerator    Forward flow closed due to FIN Flag
2026-05-15 19:52:06 WARN  cic.cs.unb.ca.jnetpcap.FlowGenerator    Forward flow received 2 FIN packets
2026-05-15 19:52:06 WARN  cic.cs.unb.ca.jnetpcap.FlowGenerator    Forward flow received 2 FIN packets
2026-05-15 19:52:06 WARN  cic.cs.unb.ca.jnetpcap.FlowGenerator    Forward flow received 3 FIN packets
2026-05-15 19:52:06 WARN  cic.cs.unb.ca.jnetpcap.FlowGenerator    Forward flow received 3 FIN packets
2026-05-15 19:52:06 WARN  cic.cs.unb.ca.jnetpcap.FlowGenerator    Forward flow received 4 FIN packets
2026-05-15 19:52:06 INFO  cic.cs.unb.ca.jnetpcap.FlowGenerator    Forward flow closed due to FIN Flag
2026-05-15 19:52:06 WARN  cic.cs.unb.ca.jnetpcap.FlowGenerator    Forward flow received 4 FIN packets
2026-05-15 19:52:06 DEBUG cic.cs.unb.ca.jnetpcap.FlowGenerator    FlagFIN current has 805 flow
2026-05-15 19:52:06 WARN  cic.cs.unb.ca.jnetpcap.FlowGenerator    Forward flow received 5 FIN packets
2026-05-15 19:52:06 WARN  cic.cs.unb.ca.jnetpcap.FlowGenerator    Forward flow received 5 FIN packets
2026-05-15 19:52:06 INFO  cic.cs.unb.ca.jnetpcap.FlowGenerator    Forward flow closed due to FIN Flag
2026-05-15 19:52:06 INFO  cic.cs.unb.ca.jnetpcap.FlowGenerator    Forward flow closed due to FIN Flag
2026-05-15 19:52:06 DEBUG cic.cs.unb.ca.jnetpcap.FlowGenerator    FlagFIN current has 807 flow
2026-05-15 19:52:06 DEBUG cic.cs.unb.ca.jnetpcap.FlowGenerator    FlagFIN current has 807 flow
2026-05-15 19:52:06 WARN  cic.cs.unb.ca.jnetpcap.FlowGenerator    Forward flow received 6 FIN packets
2026-05-15 19:52:06 WARN  cic.cs.unb.ca.jnetpcap.FlowGenerator    Forward flow received 6 FIN packets
2026-05-15 19:52:06 INFO  cic.cs.unb.ca.jnetpcap.FlowGenerator    Forward flow closed due to FIN Flag
2026-05-15 19:52:06 DEBUG cic.cs.unb.ca.jnetpcap.FlowGenerator    FlagFIN current has 810 flow
2026-05-15 19:52:06 INFO  cic.cs.unb.ca.jnetpcap.FlowGenerator    Forward flow closed due to FIN Flag
2026-05-15 19:52:06 DEBUG cic.cs.unb.ca.jnetpcap.FlowGenerator    FlagFIN current has 811 flow
2026-05-15 19:52:50 INFO  cic.cs.unb.ca.jnetpcap.FlowGenerator    Forward flow closed due to FIN Flag
2026-05-15 19:52:50 INFO  cic.cs.unb.ca.jnetpcap.FlowGenerator    Forward flow closed due to FIN Flag
2026-05-15 19:52:50 DEBUG cic.cs.unb.ca.jnetpcap.FlowGenerator    FlagFIN current has 819 flow
2026-05-15 19:52:50 DEBUG cic.cs.unb.ca.jnetpcap.FlowGenerator    FlagFIN current has 819 flow
2026-05-15 19:52:50 DEBUG cic.cs.unb.ca.jnetpcap.FlowGenerator    FlagRST current has 819 flow
2026-05-15 19:52:50 DEBUG cic.cs.unb.ca.jnetpcap.FlowGenerator    FlagRST current has 818 flow
2026-05-15 19:52:50 DEBUG cic.cs.unb.ca.jnetpcap.FlowGenerator    FlagFIN current has 817 flow
2026-05-15 19:52:50 INFO  cic.cs.unb.ca.jnetpcap.FlowGenerator    Forward flow closed due to FIN Flag
2026-05-15 19:52:50 DEBUG cic.cs.unb.ca.jnetpcap.FlowGenerator    FlagFIN current has 817 flow
2026-05-15 19:52:50 INFO  cic.cs.unb.ca.jnetpcap.FlowGenerator    Forward flow closed due to FIN Flag
2026-05-15 19:52:50 DEBUG cic.cs.unb.ca.jnetpcap.FlowGenerator    FlagFIN current has 817 flow
2026-05-15 19:52:50 INFO  cic.cs.unb.ca.jnetpcap.FlowGenerator    Forward flow closed due to FIN Flag
2026-05-15 19:52:50 DEBUG cic.cs.unb.ca.jnetpcap.FlowGenerator    FlagFIN current has 817 flow
2026-05-15 19:52:51 INFO  cic.cs.unb.ca.jnetpcap.FlowGenerator    Forward flow closed due to FIN Flag
2026-05-15 19:52:51 DEBUG cic.cs.unb.ca.jnetpcap.FlowGenerator    FlagFIN current has 817 flow
2026-05-15 19:52:51 DEBUG cic.cs.unb.ca.jnetpcap.FlowGenerator    FlagFIN current has 817 flow
2026-05-15 19:52:51 INFO  cic.cs.unb.ca.jnetpcap.FlowGenerator    Forward flow closed due to FIN Flag
2026-05-15 19:52:52 INFO  cic.cs.unb.ca.jnetpcap.FlowGenerator    Forward flow closed due to FIN Flag
2026-05-15 19:52:52 INFO  cic.cs.unb.ca.jnetpcap.FlowGenerator    Forward flow closed due to FIN Flag
2026-05-15 19:52:52 DEBUG cic.cs.unb.ca.jnetpcap.FlowGenerator    FlagFIN current has 821 flow
2026-05-15 19:52:52 DEBUG cic.cs.unb.ca.jnetpcap.FlowGenerator    FlagFIN current has 821 flow
2026-05-15 19:53:00 INFO  cic.cs.unb.ca.jnetpcap.FlowGenerator    Forward flow closed due to FIN Flag
2026-05-15 19:53:00 INFO  cic.cs.unb.ca.jnetpcap.FlowGenerator    Forward flow closed due to FIN Flag
2026-05-15 19:53:00 DEBUG cic.cs.unb.ca.jnetpcap.FlowGenerator    FlagFIN current has 824 flow
2026-05-15 19:53:00 DEBUG cic.cs.unb.ca.jnetpcap.FlowGenerator    FlagFIN current has 824 flow
2026-05-15 19:53:00 INFO  cic.cs.unb.ca.jnetpcap.FlowGenerator    Forward flow closed due to FIN Flag
2026-05-15 19:53:00 INFO  cic.cs.unb.ca.jnetpcap.FlowGenerator    Forward flow closed due to FIN Flag
2026-05-15 19:53:00 DEBUG cic.cs.unb.ca.jnetpcap.FlowGenerator    FlagFIN current has 826 flow
2026-05-15 19:53:00 INFO  cic.cs.unb.ca.jnetpcap.FlowGenerator    Forward flow closed due to FIN Flag
2026-05-15 19:53:00 DEBUG cic.cs.unb.ca.jnetpcap.FlowGenerator    FlagFIN current has 827 flow
2026-05-15 19:53:06 DEBUG cic.cs.unb.ca.jnetpcap.FlowGenerator    FlagFIN current has 827 flow
2026-05-15 19:53:06 INFO  cic.cs.unb.ca.jnetpcap.FlowGenerator    Forward flow closed due to FIN Flag
2026-05-15 19:53:06 DEBUG cic.cs.unb.ca.jnetpcap.FlowGenerator    FlagFIN current has 827 flow
2026-05-15 19:53:06 INFO  cic.cs.unb.ca.jnetpcap.FlowGenerator    Forward flow closed due to FIN Flag
2026-05-15 19:53:06 INFO  cic.cs.unb.ca.jnetpcap.FlowGenerator    Forward flow closed due to FIN Flag
2026-05-15 19:53:06 DEBUG cic.cs.unb.ca.jnetpcap.FlowGenerator    FlagFIN current has 827 flow
2026-05-15 19:53:22 INFO  cic.cs.unb.ca.jnetpcap.FlowGenerator    Forward flow closed due to FIN Flag
2026-05-15 19:53:22 DEBUG cic.cs.unb.ca.jnetpcap.FlowGenerator    FlagFIN current has 828 flow
2026-05-15 19:53:22 DEBUG cic.cs.unb.ca.jnetpcap.FlowGenerator    FlagFIN current has 828 flow
2026-05-15 19:53:22 DEBUG cic.cs.unb.ca.jnetpcap.FlowGenerator    FlagFIN current has 828 flow
2026-05-15 19:53:55 INFO  cic.cs.unb.ca.jnetpcap.FlowGenerator    Forward flow closed due to FIN Flag
2026-05-15 19:53:55 DEBUG cic.cs.unb.ca.jnetpcap.FlowGenerator    FlagFIN current has 836 flow
2026-05-15 19:53:55 INFO  cic.cs.unb.ca.jnetpcap.FlowGenerator    Forward flow closed due to FIN Flag
2026-05-15 19:53:55 DEBUG cic.cs.unb.ca.jnetpcap.FlowGenerator    FlagFIN current has 836 flow
2026-05-15 19:53:55 INFO  cic.cs.unb.ca.jnetpcap.FlowGenerator    Forward flow closed due to FIN Flag
2026-05-15 19:53:55 DEBUG cic.cs.unb.ca.jnetpcap.FlowGenerator    FlagFIN current has 836 flow
2026-05-15 19:53:55 INFO  cic.cs.unb.ca.jnetpcap.FlowGenerator    Forward flow closed due to FIN Flag
2026-05-15 19:53:55 DEBUG cic.cs.unb.ca.jnetpcap.FlowGenerator    FlagFIN current has 836 flow
2026-05-15 19:53:55 INFO  cic.cs.unb.ca.jnetpcap.FlowGenerator    Forward flow closed due to FIN Flag
2026-05-15 19:53:55 DEBUG cic.cs.unb.ca.jnetpcap.FlowGenerator    FlagFIN current has 836 flow
2026-05-15 19:53:55 DEBUG cic.cs.unb.ca.jnetpcap.FlowGenerator    FlagFIN current has 836 flow
2026-05-15 19:53:55 INFO  cic.cs.unb.ca.jnetpcap.FlowGenerator    Forward flow closed due to FIN Flag
2026-05-15 19:53:55 INFO  cic.cs.unb.ca.jnetpcap.FlowGenerator    Forward flow closed due to FIN Flag
2026-05-15 19:53:55 INFO  cic.cs.unb.ca.jnetpcap.FlowGenerator    Forward flow closed due to FIN Flag
2026-05-15 19:53:55 DEBUG cic.cs.unb.ca.jnetpcap.FlowGenerator    FlagFIN current has 836 flow
2026-05-15 19:53:55 DEBUG cic.cs.unb.ca.jnetpcap.FlowGenerator    FlagFIN current has 836 flow
2026-05-15 19:53:55 DEBUG cic.cs.unb.ca.jnetpcap.FlowGenerator    FlagFIN current has 836 flow
2026-05-15 19:53:55 DEBUG cic.cs.unb.ca.jnetpcap.FlowGenerator    FlagFIN current has 835 flow
2026-05-15 19:53:55 DEBUG cic.cs.unb.ca.jnetpcap.FlowGenerator    FlagRST current has 836 flow
2026-05-15 19:53:55 INFO  cic.cs.unb.ca.jnetpcap.FlowGenerator    Forward flow closed due to FIN Flag
2026-05-15 19:53:56 DEBUG cic.cs.unb.ca.jnetpcap.FlowGenerator    FlagFIN current has 836 flow
2026-05-15 19:53:56 DEBUG cic.cs.unb.ca.jnetpcap.FlowGenerator    FlagFIN current has 836 flow
2026-05-15 19:53:58 DEBUG cic.cs.unb.ca.jnetpcap.FlowGenerator    FlagRST current has 836 flow
2026-05-15 19:54:01 INFO  cic.cs.unb.ca.jnetpcap.FlowGenerator    Forward flow closed due to FIN Flag
2026-05-15 19:54:01 DEBUG cic.cs.unb.ca.jnetpcap.FlowGenerator    FlagFIN current has 843 flow
2026-05-15 19:54:01 INFO  cic.cs.unb.ca.jnetpcap.FlowGenerator    Forward flow closed due to FIN Flag
2026-05-15 19:54:01 INFO  cic.cs.unb.ca.jnetpcap.FlowGenerator    Forward flow closed due to FIN Flag
2026-05-15 19:54:01 INFO  cic.cs.unb.ca.jnetpcap.FlowGenerator    Forward flow closed due to FIN Flag
2026-05-15 19:54:01 DEBUG cic.cs.unb.ca.jnetpcap.FlowGenerator    FlagRST current has 843 flow
2026-05-15 19:54:01 INFO  cic.cs.unb.ca.jnetpcap.FlowGenerator    Forward flow closed due to FIN Flag
2026-05-15 19:54:01 DEBUG cic.cs.unb.ca.jnetpcap.FlowGenerator    FlagFIN current has 842 flow
2026-05-15 19:54:01 DEBUG cic.cs.unb.ca.jnetpcap.FlowGenerator    FlagFIN current has 841 flow
2026-05-15 19:54:01 DEBUG cic.cs.unb.ca.jnetpcap.FlowGenerator    FlagFIN current has 842 flow
2026-05-15 19:54:06 INFO  cic.cs.unb.ca.jnetpcap.FlowGenerator    Forward flow closed due to FIN Flag
2026-05-15 19:54:06 INFO  cic.cs.unb.ca.jnetpcap.FlowGenerator    Forward flow closed due to FIN Flag
2026-05-15 19:54:06 INFO  cic.cs.unb.ca.jnetpcap.FlowGenerator    Forward flow closed due to FIN Flag
2026-05-15 19:54:06 DEBUG cic.cs.unb.ca.jnetpcap.FlowGenerator    FlagFIN current has 850 flow
2026-05-15 19:54:06 DEBUG cic.cs.unb.ca.jnetpcap.FlowGenerator    FlagFIN current has 850 flow
2026-05-15 19:54:14 DEBUG cic.cs.unb.ca.jnetpcap.FlowGenerator    Timeout current has 850 flow
2026-05-15 19:54:15 DEBUG cic.cs.unb.ca.jnetpcap.FlowGenerator    Timeout current has 850 flow
2026-05-15 19:54:15 DEBUG cic.cs.unb.ca.jnetpcap.FlowGenerator    Timeout current has 850 flow
2026-05-15 19:54:15 INFO  cic.cs.unb.ca.jnetpcap.FlowGenerator    Forward flow closed due to FIN Flag
2026-05-15 19:54:15 INFO  cic.cs.unb.ca.jnetpcap.FlowGenerator    Forward flow closed due to FIN Flag
2026-05-15 19:54:15 INFO  cic.cs.unb.ca.jnetpcap.FlowGenerator    Forward flow closed due to FIN Flag
2026-05-15 19:54:15 DEBUG cic.cs.unb.ca.jnetpcap.FlowGenerator    FlagFIN current has 856 flow
2026-05-15 19:54:15 DEBUG cic.cs.unb.ca.jnetpcap.FlowGenerator    FlagFIN current has 855 flow
2026-05-15 19:54:15 DEBUG cic.cs.unb.ca.jnetpcap.FlowGenerator    FlagFIN current has 856 flow
2026-05-15 19:54:30 DEBUG cic.cs.unb.ca.jnetpcap.FlowGenerator    FlagFIN current has 856 flow
2026-05-15 19:54:30 DEBUG cic.cs.unb.ca.jnetpcap.FlowGenerator    FlagFIN current has 856 flow
2026-05-15 19:54:30 INFO  cic.cs.unb.ca.jnetpcap.FlowGenerator    Forward flow closed due to FIN Flag
2026-05-15 19:54:30 INFO  cic.cs.unb.ca.jnetpcap.FlowGenerator    Forward flow closed due to FIN Flag
2026-05-15 19:54:47 DEBUG cic.cs.unb.ca.jnetpcap.FlowGenerator    FlagFIN current has 859 flow
2026-05-15 19:54:47 DEBUG cic.cs.unb.ca.jnetpcap.FlowGenerator    FlagFIN current has 859 flow
2026-05-15 19:54:53 DEBUG cic.cs.unb.ca.jnetpcap.FlowGenerator    FlagFIN current has 861 flow
2026-05-15 19:54:53 INFO  cic.cs.unb.ca.jnetpcap.FlowGenerator    Forward flow closed due to FIN Flag
2026-05-15 19:54:53 DEBUG cic.cs.unb.ca.jnetpcap.FlowGenerator    FlagFIN current has 861 flow
2026-05-15 19:54:53 DEBUG cic.cs.unb.ca.jnetpcap.FlowGenerator    FlagFIN current has 861 flow
2026-05-15 19:55:06 INFO  cic.cs.unb.ca.jnetpcap.FlowGenerator    Forward flow closed due to FIN Flag
2026-05-15 19:55:06 INFO  cic.cs.unb.ca.jnetpcap.FlowGenerator    Forward flow closed due to FIN Flag
2026-05-15 19:55:06 DEBUG cic.cs.unb.ca.jnetpcap.FlowGenerator    FlagFIN current has 864 flow
2026-05-15 19:55:06 DEBUG cic.cs.unb.ca.jnetpcap.FlowGenerator    FlagFIN current has 864 flow
2026-05-15 19:55:06 INFO  cic.cs.unb.ca.jnetpcap.FlowGenerator    Forward flow closed due to FIN Flag
2026-05-15 19:55:06 INFO  cic.cs.unb.ca.jnetpcap.FlowGenerator    Forward flow closed due to FIN Flag
2026-05-15 19:55:06 INFO  cic.cs.unb.ca.jnetpcap.FlowGenerator    Forward flow closed due to FIN Flag
2026-05-15 19:55:06 DEBUG cic.cs.unb.ca.jnetpcap.FlowGenerator    FlagFIN current has 866 flow
2026-05-15 19:55:06 DEBUG cic.cs.unb.ca.jnetpcap.FlowGenerator    FlagRST current has 866 flow
2026-05-15 19:55:11 INFO  cic.cs.unb.ca.jnetpcap.FlowGenerator    Forward flow closed due to FIN Flag
2026-05-15 19:55:11 DEBUG cic.cs.unb.ca.jnetpcap.FlowGenerator    FlagFIN current has 865 flow
2026-05-15 19:55:11 DEBUG cic.cs.unb.ca.jnetpcap.FlowGenerator    FlagRST current has 865 flow
2026-05-15 19:55:11 INFO  cic.cs.unb.ca.jnetpcap.FlowGenerator    Forward flow closed due to FIN Flag
2026-05-15 19:55:31 INFO  cic.cs.unb.ca.jnetpcap.FlowGenerator    Forward flow closed due to FIN Flag
2026-05-15 19:55:31 INFO  cic.cs.unb.ca.jnetpcap.FlowGenerator    Forward flow closed due to FIN Flag
2026-05-15 19:55:31 DEBUG cic.cs.unb.ca.jnetpcap.FlowGenerator    FlagFIN current has 866 flow
2026-05-15 19:55:31 DEBUG cic.cs.unb.ca.jnetpcap.FlowGenerator    FlagFIN current has 866 flow
2026-05-15 19:55:31 DEBUG cic.cs.unb.ca.jnetpcap.FlowGenerator    FlagFIN current has 866 flow
2026-05-15 19:55:31 DEBUG cic.cs.unb.ca.jnetpcap.FlowGenerator    FlagFIN current has 866 flow
2026-05-15 19:55:31 DEBUG cic.cs.unb.ca.jnetpcap.FlowGenerator    FlagFIN current has 866 flow
2026-05-15 19:55:31 DEBUG cic.cs.unb.ca.jnetpcap.FlowGenerator    FlagFIN current has 866 flow
2026-05-15 19:55:31 DEBUG cic.cs.unb.ca.jnetpcap.FlowGenerator    FlagFIN current has 866 flow
2026-05-15 19:55:31 DEBUG cic.cs.unb.ca.jnetpcap.FlowGenerator    FlagFIN current has 866 flow
2026-05-15 19:55:31 INFO  cic.cs.unb.ca.jnetpcap.FlowGenerator    Forward flow closed due to FIN Flag
2026-05-15 19:55:31 INFO  cic.cs.unb.ca.jnetpcap.FlowGenerator    Forward flow closed due to FIN Flag
2026-05-15 19:55:31 INFO  cic.cs.unb.ca.jnetpcap.FlowGenerator    Forward flow closed due to FIN Flag
2026-05-15 19:55:31 DEBUG cic.cs.unb.ca.jnetpcap.FlowGenerator    FlagFIN current has 867 flow
2026-05-15 19:55:31 DEBUG cic.cs.unb.ca.jnetpcap.FlowGenerator    FlagFIN current has 868 flow
2026-05-15 19:55:44 INFO  cic.cs.unb.ca.jnetpcap.FlowGenerator    Forward flow closed due to FIN Flag
2026-05-15 19:55:44 DEBUG cic.cs.unb.ca.jnetpcap.FlowGenerator    FlagFIN current has 872 flow
2026-05-15 19:55:44 INFO  cic.cs.unb.ca.jnetpcap.FlowGenerator    Forward flow closed due to FIN Flag
2026-05-15 19:55:44 DEBUG cic.cs.unb.ca.jnetpcap.FlowGenerator    FlagFIN current has 873 flow
2026-05-15 19:55:44 INFO  cic.cs.unb.ca.jnetpcap.FlowGenerator    Forward flow closed due to FIN Flag
2026-05-15 19:56:06 DEBUG cic.cs.unb.ca.jnetpcap.FlowGenerator    FlagFIN current has 873 flow
2026-05-15 19:56:06 DEBUG cic.cs.unb.ca.jnetpcap.FlowGenerator    FlagFIN current has 873 flow
2026-05-15 19:56:06 INFO  cic.cs.unb.ca.jnetpcap.FlowGenerator    Forward flow closed due to FIN Flag
2026-05-15 19:56:06 INFO  cic.cs.unb.ca.jnetpcap.FlowGenerator    Forward flow closed due to FIN Flag
2026-05-15 19:56:06 INFO  cic.cs.unb.ca.jnetpcap.FlowGenerator    Forward flow closed due to FIN Flag
2026-05-15 19:56:06 INFO  cic.cs.unb.ca.jnetpcap.FlowGenerator    Forward flow closed due to FIN Flag
2026-05-15 19:56:06 DEBUG cic.cs.unb.ca.jnetpcap.FlowGenerator    FlagFIN current has 874 flow
2026-05-15 19:56:06 DEBUG cic.cs.unb.ca.jnetpcap.FlowGenerator    FlagFIN current has 875 flow
2026-05-15 19:56:06 INFO  cic.cs.unb.ca.jnetpcap.FlowGenerator    Forward flow closed due to FIN Flag
2026-05-15 19:56:06 INFO  cic.cs.unb.ca.jnetpcap.FlowGenerator    Forward flow closed due to FIN Flag
2026-05-15 19:56:06 INFO  cic.cs.unb.ca.jnetpcap.FlowGenerator    Forward flow closed due to FIN Flag
2026-05-15 19:56:06 DEBUG cic.cs.unb.ca.jnetpcap.FlowGenerator    FlagFIN current has 878 flow
2026-05-15 19:56:06 DEBUG cic.cs.unb.ca.jnetpcap.FlowGenerator    FlagFIN current has 879 flow
2026-05-15 19:56:06 DEBUG cic.cs.unb.ca.jnetpcap.FlowGenerator    FlagRST current has 879 flow
2026-05-15 19:56:18 INFO  cic.cs.unb.ca.jnetpcap.FlowGenerator    Forward flow closed due to FIN Flag
2026-05-15 19:56:18 INFO  cic.cs.unb.ca.jnetpcap.FlowGenerator    Forward flow closed due to FIN Flag
2026-05-15 19:56:18 DEBUG cic.cs.unb.ca.jnetpcap.FlowGenerator    FlagFIN current has 881 flow
2026-05-15 19:56:18 DEBUG cic.cs.unb.ca.jnetpcap.FlowGenerator    FlagFIN current has 881 flow
2026-05-15 19:56:18 DEBUG cic.cs.unb.ca.jnetpcap.FlowGenerator    FlagFIN current has 881 flow
2026-05-15 19:56:18 DEBUG cic.cs.unb.ca.jnetpcap.FlowGenerator    FlagFIN current has 881 flow
2026-05-15 19:56:18 DEBUG cic.cs.unb.ca.jnetpcap.FlowGenerator    FlagFIN current has 881 flow
2026-05-15 19:56:46 DEBUG cic.cs.unb.ca.jnetpcap.FlowGenerator    FlagFIN current has 881 flow
2026-05-15 19:56:46 INFO  cic.cs.unb.ca.jnetpcap.FlowGenerator    Forward flow closed due to FIN Flag
2026-05-15 19:56:46 DEBUG cic.cs.unb.ca.jnetpcap.FlowGenerator    FlagFIN current has 881 flow
2026-05-15 19:56:46 INFO  cic.cs.unb.ca.jnetpcap.FlowGenerator    Forward flow closed due to FIN Flag
2026-05-15 19:56:46 DEBUG cic.cs.unb.ca.jnetpcap.FlowGenerator    FlagFIN current has 881 flow
2026-05-15 19:56:46 INFO  cic.cs.unb.ca.jnetpcap.FlowGenerator    Forward flow closed due to FIN Flag
2026-05-15 19:56:46 INFO  cic.cs.unb.ca.jnetpcap.FlowGenerator    Forward flow closed due to FIN Flag
2026-05-15 19:56:46 DEBUG cic.cs.unb.ca.jnetpcap.FlowGenerator    FlagFIN current has 881 flow
2026-05-15 19:56:46 INFO  cic.cs.unb.ca.jnetpcap.FlowGenerator    Forward flow closed due to FIN Flag
2026-05-15 19:56:46 DEBUG cic.cs.unb.ca.jnetpcap.FlowGenerator    FlagFIN current has 881 flow
2026-05-15 19:56:46 INFO  cic.cs.unb.ca.jnetpcap.FlowGenerator    Forward flow closed due to FIN Flag
2026-05-15 19:56:46 DEBUG cic.cs.unb.ca.jnetpcap.FlowGenerator    FlagFIN current has 881 flow
2026-05-15 19:56:46 INFO  cic.cs.unb.ca.jnetpcap.FlowGenerator    Forward flow closed due to FIN Flag
2026-05-15 19:56:46 INFO  cic.cs.unb.ca.jnetpcap.FlowGenerator    Forward flow closed due to FIN Flag
2026-05-15 19:56:47 WARN  cic.cs.unb.ca.jnetpcap.FlowGenerator    Forward flow received 2 FIN packets
2026-05-15 19:56:47 DEBUG cic.cs.unb.ca.jnetpcap.FlowGenerator    FlagFIN current has 885 flow
2026-05-15 19:56:47 INFO  cic.cs.unb.ca.jnetpcap.FlowGenerator    Forward flow closed due to FIN Flag
2026-05-15 19:56:47 INFO  cic.cs.unb.ca.jnetpcap.FlowGenerator    Forward flow closed due to FIN Flag
2026-05-15 19:56:47 INFO  cic.cs.unb.ca.jnetpcap.FlowGenerator    Forward flow closed due to FIN Flag
2026-05-15 19:56:47 INFO  cic.cs.unb.ca.jnetpcap.FlowGenerator    Forward flow closed due to FIN Flag
2026-05-15 19:56:47 DEBUG cic.cs.unb.ca.jnetpcap.FlowGenerator    FlagFIN current has 887 flow
2026-05-15 19:56:47 DEBUG cic.cs.unb.ca.jnetpcap.FlowGenerator    FlagRST current has 887 flow
2026-05-15 19:56:47 DEBUG cic.cs.unb.ca.jnetpcap.FlowGenerator    FlagRST current has 886 flow
2026-05-15 19:56:47 DEBUG cic.cs.unb.ca.jnetpcap.FlowGenerator    FlagRST current has 885 flow
2026-05-15 19:56:47 DEBUG cic.cs.unb.ca.jnetpcap.FlowGenerator    FlagRST current has 887 flow
2026-05-15 19:56:49 INFO  cic.cs.unb.ca.jnetpcap.FlowGenerator    Forward flow closed due to FIN Flag
2026-05-15 19:56:49 INFO  cic.cs.unb.ca.jnetpcap.FlowGenerator    Forward flow closed due to FIN Flag
2026-05-15 19:56:49 INFO  cic.cs.unb.ca.jnetpcap.FlowGenerator    Forward flow closed due to FIN Flag
2026-05-15 19:56:49 INFO  cic.cs.unb.ca.jnetpcap.FlowGenerator    Forward flow closed due to FIN Flag
2026-05-15 19:56:49 INFO  cic.cs.unb.ca.jnetpcap.FlowGenerator    Forward flow closed due to FIN Flag
2026-05-15 19:56:49 DEBUG cic.cs.unb.ca.jnetpcap.FlowGenerator    FlagFIN current has 888 flow
2026-05-15 19:56:49 DEBUG cic.cs.unb.ca.jnetpcap.FlowGenerator    FlagFIN current has 889 flow
2026-05-15 19:56:49 DEBUG cic.cs.unb.ca.jnetpcap.FlowGenerator    FlagFIN current has 889 flow
2026-05-15 19:56:49 DEBUG cic.cs.unb.ca.jnetpcap.FlowGenerator    FlagRST current has 889 flow
2026-05-15 19:56:50 WARN  cic.cs.unb.ca.jnetpcap.FlowGenerator    Forward flow received 2 FIN packets
2026-05-15 19:56:50 WARN  cic.cs.unb.ca.jnetpcap.FlowGenerator    Forward flow received 2 FIN packets
2026-05-15 19:56:50 WARN  cic.cs.unb.ca.jnetpcap.FlowGenerator    Forward flow received 3 FIN packets
2026-05-15 19:56:50 WARN  cic.cs.unb.ca.jnetpcap.FlowGenerator    Forward flow received 3 FIN packets
2026-05-15 19:56:52 WARN  cic.cs.unb.ca.jnetpcap.FlowGenerator    Forward flow received 4 FIN packets
2026-05-15 19:56:52 WARN  cic.cs.unb.ca.jnetpcap.FlowGenerator    Forward flow received 4 FIN packets
2026-05-15 19:56:52 INFO  cic.cs.unb.ca.jnetpcap.FlowGenerator    Forward flow closed due to FIN Flag
2026-05-15 19:56:52 INFO  cic.cs.unb.ca.jnetpcap.FlowGenerator    Forward flow closed due to FIN Flag
2026-05-15 19:56:52 DEBUG cic.cs.unb.ca.jnetpcap.FlowGenerator    FlagFIN current has 892 flow
2026-05-15 19:56:52 DEBUG cic.cs.unb.ca.jnetpcap.FlowGenerator    FlagRST current has 891 flow
2026-05-15 19:57:06 WARN  cic.cs.unb.ca.jnetpcap.FlowGenerator    Forward flow received 5 FIN packets
2026-05-15 19:57:06 WARN  cic.cs.unb.ca.jnetpcap.FlowGenerator    Forward flow received 5 FIN packets
2026-05-15 19:57:06 WARN  cic.cs.unb.ca.jnetpcap.FlowGenerator    Forward flow received 6 FIN packets
2026-05-15 19:57:06 WARN  cic.cs.unb.ca.jnetpcap.FlowGenerator    Forward flow received 6 FIN packets
2026-05-15 19:57:34 DEBUG cic.cs.unb.ca.jnetpcap.FlowGenerator    FlagRST current has 898 flow
2026-05-15 19:57:34 DEBUG cic.cs.unb.ca.jnetpcap.FlowGenerator    FlagRST current has 897 flow
2026-05-15 19:57:34 DEBUG cic.cs.unb.ca.jnetpcap.FlowGenerator    FlagFIN current has 896 flow
2026-05-15 19:57:34 INFO  cic.cs.unb.ca.jnetpcap.FlowGenerator    Forward flow closed due to FIN Flag
2026-05-15 19:57:34 DEBUG cic.cs.unb.ca.jnetpcap.FlowGenerator    FlagFIN current has 896 flow
2026-05-15 19:57:34 DEBUG cic.cs.unb.ca.jnetpcap.FlowGenerator    FlagFIN current has 896 flow
2026-05-15 19:57:34 DEBUG cic.cs.unb.ca.jnetpcap.FlowGenerator    FlagFIN current has 896 flow
2026-05-15 19:57:54 DEBUG cic.cs.unb.ca.jnetpcap.FlowGenerator    FlagFIN current has 898 flow
2026-05-15 19:57:54 INFO  cic.cs.unb.ca.jnetpcap.FlowGenerator    Forward flow closed due to FIN Flag
2026-05-15 19:57:54 DEBUG cic.cs.unb.ca.jnetpcap.FlowGenerator    FlagRST current has 898 flow
2026-05-15 19:58:00 INFO  cic.cs.unb.ca.jnetpcap.FlowGenerator    Forward flow closed due to FIN Flag
2026-05-15 19:58:00 INFO  cic.cs.unb.ca.jnetpcap.FlowGenerator    Forward flow closed due to FIN Flag
2026-05-15 19:58:00 DEBUG cic.cs.unb.ca.jnetpcap.FlowGenerator    FlagFIN current has 900 flow
2026-05-15 19:58:00 DEBUG cic.cs.unb.ca.jnetpcap.FlowGenerator    FlagFIN current has 900 flow
2026-05-15 19:58:06 INFO  cic.cs.unb.ca.jnetpcap.FlowGenerator    Forward flow closed due to FIN Flag
2026-05-15 19:58:06 INFO  cic.cs.unb.ca.jnetpcap.FlowGenerator    Forward flow closed due to FIN Flag
2026-05-15 19:58:06 DEBUG cic.cs.unb.ca.jnetpcap.FlowGenerator    FlagFIN current has 902 flow
2026-05-15 19:58:06 INFO  cic.cs.unb.ca.jnetpcap.FlowGenerator    Forward flow closed due to FIN Flag
2026-05-15 19:58:06 INFO  cic.cs.unb.ca.jnetpcap.FlowGenerator    Forward flow closed due to FIN Flag
2026-05-15 19:58:06 DEBUG cic.cs.unb.ca.jnetpcap.FlowGenerator    FlagFIN current has 902 flow
2026-05-15 19:58:06 DEBUG cic.cs.unb.ca.jnetpcap.FlowGenerator    FlagFIN current has 902 flow
2026-05-15 19:58:11 INFO  cic.cs.unb.ca.jnetpcap.FlowGenerator    Forward flow closed due to FIN Flag
2026-05-15 19:58:13 DEBUG cic.cs.unb.ca.jnetpcap.FlowGenerator    FlagFIN current has 904 flow
2026-05-15 19:58:18 DEBUG cic.cs.unb.ca.jnetpcap.FlowGenerator    FlagFIN current has 904 flow
2026-05-15 19:58:18 DEBUG cic.cs.unb.ca.jnetpcap.FlowGenerator    FlagFIN current has 904 flow
2026-05-15 19:58:18 INFO  cic.cs.unb.ca.jnetpcap.FlowGenerator    Forward flow closed due to FIN Flag
2026-05-15 19:58:18 INFO  cic.cs.unb.ca.jnetpcap.FlowGenerator    Forward flow closed due to FIN Flag
2026-05-15 19:58:18 DEBUG cic.cs.unb.ca.jnetpcap.FlowGenerator    FlagFIN current has 907 flow
2026-05-15 19:58:18 DEBUG cic.cs.unb.ca.jnetpcap.FlowGenerator    FlagFIN current has 907 flow
2026-05-15 19:58:23 INFO  cic.cs.unb.ca.jnetpcap.FlowGenerator    Forward flow closed due to FIN Flag
2026-05-15 19:58:23 INFO  cic.cs.unb.ca.jnetpcap.FlowGenerator    Forward flow closed due to FIN Flag
2026-05-15 19:58:23 DEBUG cic.cs.unb.ca.jnetpcap.FlowGenerator    FlagFIN current has 912 flow
2026-05-15 19:58:23 DEBUG cic.cs.unb.ca.jnetpcap.FlowGenerator    FlagFIN current has 913 flow
2026-05-15 19:58:23 INFO  cic.cs.unb.ca.jnetpcap.FlowGenerator    Forward flow closed due to FIN Flag
2026-05-15 19:58:23 INFO  cic.cs.unb.ca.jnetpcap.FlowGenerator    Forward flow closed due to FIN Flag
2026-05-15 19:58:23 INFO  cic.cs.unb.ca.jnetpcap.FlowGenerator    Forward flow closed due to FIN Flag
2026-05-15 19:58:23 INFO  cic.cs.unb.ca.jnetpcap.FlowGenerator    Forward flow closed due to FIN Flag
2026-05-15 19:58:23 INFO  cic.cs.unb.ca.jnetpcap.FlowGenerator    Forward flow closed due to FIN Flag
2026-05-15 19:58:28 DEBUG cic.cs.unb.ca.jnetpcap.FlowGenerator    FlagFIN current has 914 flow
2026-05-15 19:58:28 DEBUG cic.cs.unb.ca.jnetpcap.FlowGenerator    FlagFIN current has 914 flow
2026-05-15 19:58:28 DEBUG cic.cs.unb.ca.jnetpcap.FlowGenerator    FlagFIN current has 914 flow
2026-05-15 19:58:28 INFO  cic.cs.unb.ca.jnetpcap.FlowGenerator    Forward flow closed due to FIN Flag
2026-05-15 19:58:28 INFO  cic.cs.unb.ca.jnetpcap.FlowGenerator    Forward flow closed due to FIN Flag
2026-05-15 19:58:28 DEBUG cic.cs.unb.ca.jnetpcap.FlowGenerator    FlagFIN current has 917 flow
2026-05-15 19:58:30 DEBUG cic.cs.unb.ca.jnetpcap.FlowGenerator    FlagFIN current has 918 flow
2026-05-15 19:58:30 INFO  cic.cs.unb.ca.jnetpcap.FlowGenerator    Forward flow closed due to FIN Flag
2026-05-15 19:58:30 INFO  cic.cs.unb.ca.jnetpcap.FlowGenerator    Forward flow closed due to FIN Flag
2026-05-15 19:58:30 DEBUG cic.cs.unb.ca.jnetpcap.FlowGenerator    FlagFIN current has 920 flow
2026-05-15 19:58:30 DEBUG cic.cs.unb.ca.jnetpcap.FlowGenerator    FlagFIN current has 921 flow
2026-05-15 19:58:33 INFO  cic.cs.unb.ca.jnetpcap.FlowGenerator    Forward flow closed due to FIN Flag
2026-05-15 19:58:33 INFO  cic.cs.unb.ca.jnetpcap.FlowGenerator    Forward flow closed due to FIN Flag
2026-05-15 19:58:33 DEBUG cic.cs.unb.ca.jnetpcap.FlowGenerator    FlagFIN current has 924 flow
2026-05-15 19:58:33 DEBUG cic.cs.unb.ca.jnetpcap.FlowGenerator    FlagFIN current has 924 flow
2026-05-15 19:58:35 INFO  cic.cs.unb.ca.jnetpcap.FlowGenerator    Forward flow closed due to FIN Flag
2026-05-15 19:58:35 INFO  cic.cs.unb.ca.jnetpcap.FlowGenerator    Forward flow closed due to FIN Flag
2026-05-15 19:58:35 DEBUG cic.cs.unb.ca.jnetpcap.FlowGenerator    FlagFIN current has 926 flow
2026-05-15 19:58:35 DEBUG cic.cs.unb.ca.jnetpcap.FlowGenerator    FlagFIN current has 927 flow
2026-05-15 19:58:46 INFO  cic.cs.unb.ca.jnetpcap.FlowGenerator    Forward flow closed due to FIN Flag
2026-05-15 19:58:46 INFO  cic.cs.unb.ca.jnetpcap.FlowGenerator    Forward flow closed due to FIN Flag
2026-05-15 19:58:46 DEBUG cic.cs.unb.ca.jnetpcap.FlowGenerator    FlagFIN current has 931 flow
2026-05-15 19:58:46 DEBUG cic.cs.unb.ca.jnetpcap.FlowGenerator    FlagFIN current has 932 flow
2026-05-15 19:59:06 INFO  cic.cs.unb.ca.jnetpcap.FlowGenerator    Forward flow closed due to FIN Flag
2026-05-15 19:59:06 INFO  cic.cs.unb.ca.jnetpcap.FlowGenerator    Forward flow closed due to FIN Flag
2026-05-15 19:59:06 DEBUG cic.cs.unb.ca.jnetpcap.FlowGenerator    FlagFIN current has 939 flow
2026-05-15 19:59:06 DEBUG cic.cs.unb.ca.jnetpcap.FlowGenerator    FlagFIN current has 939 flow
2026-05-15 19:59:47 INFO  cic.cs.unb.ca.jnetpcap.FlowGenerator    Forward flow closed due to FIN Flag
2026-05-15 19:59:47 DEBUG cic.cs.unb.ca.jnetpcap.FlowGenerator    FlagFIN current has 946 flow
2026-05-15 19:59:58 DEBUG cic.cs.unb.ca.jnetpcap.FlowGenerator    FlagFIN current has 946 flow
2026-05-15 19:59:58 DEBUG cic.cs.unb.ca.jnetpcap.FlowGenerator    FlagFIN current has 946 flow
2026-05-15 19:59:58 INFO  cic.cs.unb.ca.jnetpcap.FlowGenerator    Forward flow closed due to FIN Flag
2026-05-15 19:59:58 DEBUG cic.cs.unb.ca.jnetpcap.FlowGenerator    FlagFIN current has 946 flow
2026-05-15 19:59:58 DEBUG cic.cs.unb.ca.jnetpcap.FlowGenerator    FlagFIN current has 946 flow
2026-05-15 19:59:58 DEBUG cic.cs.unb.ca.jnetpcap.FlowGenerator    FlagFIN current has 946 flow
2026-05-15 19:59:58 INFO  cic.cs.unb.ca.jnetpcap.FlowGenerator    Forward flow closed due to FIN Flag
2026-05-15 19:59:58 INFO  cic.cs.unb.ca.jnetpcap.FlowGenerator    Forward flow closed due to FIN Flag
2026-05-15 19:59:58 INFO  cic.cs.unb.ca.jnetpcap.FlowGenerator    Forward flow closed due to FIN Flag
2026-05-15 19:59:58 DEBUG cic.cs.unb.ca.jnetpcap.FlowGenerator    FlagRST current has 951 flow
2026-05-15 19:59:58 DEBUG cic.cs.unb.ca.jnetpcap.FlowGenerator    FlagRST current has 950 flow
2026-05-15 20:00:00 DEBUG cic.cs.unb.ca.jnetpcap.FlowGenerator    FlagFIN current has 949 flow
2026-05-15 20:00:14 INFO  cic.cs.unb.ca.jnetpcap.FlowGenerator    Forward flow closed due to FIN Flag
2026-05-15 20:00:14 INFO  cic.cs.unb.ca.jnetpcap.FlowGenerator    Forward flow closed due to FIN Flag
2026-05-15 20:00:14 DEBUG cic.cs.unb.ca.jnetpcap.FlowGenerator    FlagFIN current has 951 flow
2026-05-15 20:00:14 DEBUG cic.cs.unb.ca.jnetpcap.FlowGenerator    FlagFIN current has 951 flow
2026-05-15 20:00:14 INFO  cic.cs.unb.ca.jnetpcap.FlowGenerator    Forward flow closed due to FIN Flag
2026-05-15 20:00:14 INFO  cic.cs.unb.ca.jnetpcap.FlowGenerator    Forward flow closed due to FIN Flag
2026-05-15 20:00:14 DEBUG cic.cs.unb.ca.jnetpcap.FlowGenerator    FlagFIN current has 953 flow
2026-05-15 20:00:14 DEBUG cic.cs.unb.ca.jnetpcap.FlowGenerator    FlagFIN current has 954 flow
2026-05-15 20:00:23 INFO  cic.cs.unb.ca.jnetpcap.FlowGenerator    Forward flow closed due to FIN Flag
2026-05-15 20:00:23 DEBUG cic.cs.unb.ca.jnetpcap.FlowGenerator    FlagFIN current has 954 flow
2026-05-15 20:00:33 DEBUG cic.cs.unb.ca.jnetpcap.FlowGenerator    FlagFIN current has 956 flow
2026-05-15 20:00:33 INFO  cic.cs.unb.ca.jnetpcap.FlowGenerator    Forward flow closed due to FIN Flag
2026-05-15 20:01:06 INFO  cic.cs.unb.ca.jnetpcap.FlowGenerator    Forward flow closed due to FIN Flag
2026-05-15 20:01:06 DEBUG cic.cs.unb.ca.jnetpcap.FlowGenerator    FlagFIN current has 956 flow
2026-05-15 20:01:06 INFO  cic.cs.unb.ca.jnetpcap.FlowGenerator    Forward flow closed due to FIN Flag
2026-05-15 20:01:06 DEBUG cic.cs.unb.ca.jnetpcap.FlowGenerator    FlagFIN current has 957 flow
2026-05-15 20:01:06 INFO  cic.cs.unb.ca.jnetpcap.FlowGenerator    Forward flow closed due to FIN Flag
2026-05-15 20:01:06 DEBUG cic.cs.unb.ca.jnetpcap.FlowGenerator    FlagFIN current has 960 flow
2026-05-15 20:01:06 INFO  cic.cs.unb.ca.jnetpcap.FlowGenerator    Forward flow closed due to FIN Flag
2026-05-15 20:01:06 DEBUG cic.cs.unb.ca.jnetpcap.FlowGenerator    FlagFIN current has 961 flow
2026-05-15 20:01:06 DEBUG cic.cs.unb.ca.jnetpcap.FlowGenerator    FlagRST current has 961 flow
2026-05-15 20:01:06 DEBUG cic.cs.unb.ca.jnetpcap.FlowGenerator    FlagRST current has 960 flow
2026-05-15 20:01:06 DEBUG cic.cs.unb.ca.jnetpcap.FlowGenerator    FlagFIN current has 960 flow
2026-05-15 20:01:12 INFO  cic.cs.unb.ca.jnetpcap.FlowGenerator    Forward flow closed due to FIN Flag
2026-05-15 20:01:12 INFO  cic.cs.unb.ca.jnetpcap.FlowGenerator    Forward flow closed due to FIN Flag
2026-05-15 20:01:12 DEBUG cic.cs.unb.ca.jnetpcap.FlowGenerator    FlagFIN current has 961 flow
2026-05-15 20:01:12 DEBUG cic.cs.unb.ca.jnetpcap.FlowGenerator    FlagFIN current has 961 flow
2026-05-15 20:01:21 DEBUG cic.cs.unb.ca.jnetpcap.FlowGenerator    FlagFIN current has 961 flow
2026-05-15 20:01:21 DEBUG cic.cs.unb.ca.jnetpcap.FlowGenerator    FlagFIN current has 961 flow
2026-05-15 20:01:21 DEBUG cic.cs.unb.ca.jnetpcap.FlowGenerator    FlagFIN current has 961 flow
2026-05-15 20:01:21 DEBUG cic.cs.unb.ca.jnetpcap.FlowGenerator    FlagFIN current has 961 flow
2026-05-15 20:01:21 DEBUG cic.cs.unb.ca.jnetpcap.FlowGenerator    FlagFIN current has 961 flow
2026-05-15 20:01:21 DEBUG cic.cs.unb.ca.jnetpcap.FlowGenerator    FlagFIN current has 961 flow
2026-05-15 20:01:21 DEBUG cic.cs.unb.ca.jnetpcap.FlowGenerator    FlagFIN current has 961 flow
2026-05-15 20:01:21 DEBUG cic.cs.unb.ca.jnetpcap.FlowGenerator    FlagFIN current has 961 flow
2026-05-15 20:02:06 INFO  cic.cs.unb.ca.jnetpcap.FlowGenerator    Forward flow closed due to FIN Flag
2026-05-15 20:02:06 DEBUG cic.cs.unb.ca.jnetpcap.FlowGenerator    FlagFIN current has 963 flow
2026-05-15 20:02:11 INFO  cic.cs.unb.ca.jnetpcap.FlowGenerator    Forward flow closed due to FIN Flag
2026-05-15 20:02:11 INFO  cic.cs.unb.ca.jnetpcap.FlowGenerator    Forward flow closed due to FIN Flag
2026-05-15 20:02:11 DEBUG cic.cs.unb.ca.jnetpcap.FlowGenerator    FlagFIN current has 969 flow
2026-05-15 20:02:11 DEBUG cic.cs.unb.ca.jnetpcap.FlowGenerator    FlagFIN current has 968 flow
2026-05-15 20:02:48 INFO  cic.cs.unb.ca.jnetpcap.FlowGenerator    Forward flow closed due to FIN Flag
2026-05-15 20:02:48 DEBUG cic.cs.unb.ca.jnetpcap.FlowGenerator    FlagFIN current has 969 flow
2026-05-15 20:02:48 DEBUG cic.cs.unb.ca.jnetpcap.FlowGenerator    FlagFIN current has 969 flow
2026-05-15 20:02:49 INFO  cic.cs.unb.ca.jnetpcap.FlowGenerator    Forward flow closed due to FIN Flag
2026-05-15 20:02:49 INFO  cic.cs.unb.ca.jnetpcap.FlowGenerator    Forward flow closed due to FIN Flag
2026-05-15 20:02:49 DEBUG cic.cs.unb.ca.jnetpcap.FlowGenerator    FlagFIN current has 972 flow
2026-05-15 20:02:49 DEBUG cic.cs.unb.ca.jnetpcap.FlowGenerator    FlagFIN current has 972 flow
2026-05-15 20:03:00 INFO  cic.cs.unb.ca.jnetpcap.FlowGenerator    Forward flow closed due to FIN Flag
2026-05-15 20:03:00 INFO  cic.cs.unb.ca.jnetpcap.FlowGenerator    Forward flow closed due to FIN Flag
2026-05-15 20:03:00 DEBUG cic.cs.unb.ca.jnetpcap.FlowGenerator    FlagFIN current has 976 flow
2026-05-15 20:03:00 DEBUG cic.cs.unb.ca.jnetpcap.FlowGenerator    FlagFIN current has 976 flow
2026-05-15 20:03:07 INFO  cic.cs.unb.ca.jnetpcap.FlowGenerator    Forward flow closed due to FIN Flag
2026-05-15 20:03:22 INFO  cic.cs.unb.ca.jnetpcap.FlowGenerator    Forward flow closed due to FIN Flag
2026-05-15 20:03:22 DEBUG cic.cs.unb.ca.jnetpcap.FlowGenerator    FlagFIN current has 978 flow
2026-05-15 20:03:22 DEBUG cic.cs.unb.ca.jnetpcap.FlowGenerator    FlagFIN current has 978 flow
2026-05-15 20:04:06 INFO  cic.cs.unb.ca.jnetpcap.FlowGenerator    Forward flow closed due to FIN Flag
2026-05-15 20:04:06 INFO  cic.cs.unb.ca.jnetpcap.FlowGenerator    Forward flow closed due to FIN Flag
2026-05-15 20:04:06 INFO  cic.cs.unb.ca.jnetpcap.FlowGenerator    Forward flow closed due to FIN Flag
2026-05-15 20:04:06 INFO  cic.cs.unb.ca.jnetpcap.FlowGenerator    Forward flow closed due to FIN Flag
2026-05-15 20:04:06 DEBUG cic.cs.unb.ca.jnetpcap.FlowGenerator    FlagFIN current has 989 flow
2026-05-15 20:04:06 DEBUG cic.cs.unb.ca.jnetpcap.FlowGenerator    FlagFIN current has 990 flow
2026-05-15 20:04:06 DEBUG cic.cs.unb.ca.jnetpcap.FlowGenerator    FlagFIN current has 990 flow
2026-05-15 20:04:06 DEBUG cic.cs.unb.ca.jnetpcap.FlowGenerator    FlagFIN current has 989 flow
2026-05-15 20:04:07 DEBUG cic.cs.unb.ca.jnetpcap.FlowGenerator    FlagRST current has 991 flow
2026-05-15 20:04:22 DEBUG cic.cs.unb.ca.jnetpcap.FlowGenerator    FlagFIN current has 991 flow
2026-05-15 20:04:22 DEBUG cic.cs.unb.ca.jnetpcap.FlowGenerator    FlagFIN current has 991 flow
2026-05-15 20:04:30 DEBUG cic.cs.unb.ca.jnetpcap.FlowGenerator    FlagRST current has 997 flow
2026-05-15 20:04:34 INFO  cic.cs.unb.ca.jnetpcap.FlowGenerator    Forward flow closed due to FIN Flag
2026-05-15 20:04:35 DEBUG cic.cs.unb.ca.jnetpcap.FlowGenerator    FlagFIN current has 1007 flow
2026-05-15 20:04:35 INFO  cic.cs.unb.ca.jnetpcap.FlowGenerator    Forward flow closed due to FIN Flag
2026-05-15 20:04:35 DEBUG cic.cs.unb.ca.jnetpcap.FlowGenerator    FlagFIN current has 1009 flow
2026-05-15 20:04:36 INFO  cic.cs.unb.ca.jnetpcap.FlowGenerator    Forward flow closed due to FIN Flag
2026-05-15 20:04:37 DEBUG cic.cs.unb.ca.jnetpcap.FlowGenerator    FlagFIN current has 1009 flow
2026-05-15 20:04:38 INFO  cic.cs.unb.ca.jnetpcap.FlowGenerator    Forward flow closed due to FIN Flag
2026-05-15 20:04:38 INFO  cic.cs.unb.ca.jnetpcap.FlowGenerator    Forward flow closed due to FIN Flag
2026-05-15 20:04:38 INFO  cic.cs.unb.ca.jnetpcap.FlowGenerator    Forward flow closed due to FIN Flag
2026-05-15 20:04:38 DEBUG cic.cs.unb.ca.jnetpcap.FlowGenerator    FlagRST current has 1014 flow
2026-05-15 20:04:38 DEBUG cic.cs.unb.ca.jnetpcap.FlowGenerator    FlagRST current has 1015 flow
2026-05-15 20:04:39 WARN  cic.cs.unb.ca.jnetpcap.FlowGenerator    Forward flow received 2 FIN packets
2026-05-15 20:04:40 INFO  cic.cs.unb.ca.jnetpcap.FlowGenerator    Forward flow closed due to FIN Flag
2026-05-15 20:04:40 INFO  cic.cs.unb.ca.jnetpcap.FlowGenerator    Forward flow closed due to FIN Flag
2026-05-15 20:04:40 INFO  cic.cs.unb.ca.jnetpcap.FlowGenerator    Forward flow closed due to FIN Flag
2026-05-15 20:04:40 INFO  cic.cs.unb.ca.jnetpcap.FlowGenerator    Forward flow closed due to FIN Flag
2026-05-15 20:04:40 DEBUG cic.cs.unb.ca.jnetpcap.FlowGenerator    FlagRST current has 1019 flow
2026-05-15 20:04:40 DEBUG cic.cs.unb.ca.jnetpcap.FlowGenerator    FlagRST current has 1018 flow
2026-05-15 20:04:40 DEBUG cic.cs.unb.ca.jnetpcap.FlowGenerator    FlagRST current has 1017 flow
2026-05-15 20:04:40 DEBUG cic.cs.unb.ca.jnetpcap.FlowGenerator    FlagRST current has 1016 flow
2026-05-15 20:05:05 DEBUG cic.cs.unb.ca.jnetpcap.FlowGenerator    FlagFIN current has 1018 flow
2026-05-15 20:05:05 INFO  cic.cs.unb.ca.jnetpcap.FlowGenerator    Forward flow closed due to FIN Flag
2026-05-15 20:05:11 INFO  cic.cs.unb.ca.jnetpcap.FlowGenerator    Forward flow closed due to FIN Flag
2026-05-15 20:05:33 INFO  cic.cs.unb.ca.jnetpcap.FlowGenerator    Forward flow closed due to FIN Flag
2026-05-15 20:05:33 INFO  cic.cs.unb.ca.jnetpcap.FlowGenerator    Forward flow closed due to FIN Flag
2026-05-15 20:05:33 DEBUG cic.cs.unb.ca.jnetpcap.FlowGenerator    FlagFIN current has 1024 flow
2026-05-15 20:05:33 DEBUG cic.cs.unb.ca.jnetpcap.FlowGenerator    FlagFIN current has 1024 flow
2026-05-15 20:05:33 DEBUG cic.cs.unb.ca.jnetpcap.FlowGenerator    FlagFIN current has 1024 flow
2026-05-15 20:05:33 DEBUG cic.cs.unb.ca.jnetpcap.FlowGenerator    FlagFIN current has 1024 flow
2026-05-15 20:05:33 DEBUG cic.cs.unb.ca.jnetpcap.FlowGenerator    FlagFIN current has 1024 flow
2026-05-15 20:05:33 DEBUG cic.cs.unb.ca.jnetpcap.FlowGenerator    FlagFIN current has 1024 flow
2026-05-15 20:05:33 INFO  cic.cs.unb.ca.jnetpcap.FlowGenerator    Forward flow closed due to FIN Flag
2026-05-15 20:05:33 INFO  cic.cs.unb.ca.jnetpcap.FlowGenerator    Forward flow closed due to FIN Flag
2026-05-15 20:05:33 INFO  cic.cs.unb.ca.jnetpcap.FlowGenerator    Forward flow closed due to FIN Flag
2026-05-15 20:05:33 DEBUG cic.cs.unb.ca.jnetpcap.FlowGenerator    FlagFIN current has 1027 flow
2026-05-15 20:05:33 DEBUG cic.cs.unb.ca.jnetpcap.FlowGenerator    FlagFIN current has 1027 flow
2026-05-15 20:05:46 INFO  cic.cs.unb.ca.jnetpcap.FlowGenerator    Forward flow closed due to FIN Flag
2026-05-15 20:05:46 INFO  cic.cs.unb.ca.jnetpcap.FlowGenerator    Forward flow closed due to FIN Flag
2026-05-15 20:05:46 INFO  cic.cs.unb.ca.jnetpcap.FlowGenerator    Forward flow closed due to FIN Flag
2026-05-15 20:05:46 INFO  cic.cs.unb.ca.jnetpcap.FlowGenerator    Forward flow closed due to FIN Flag
2026-05-15 20:05:46 INFO  cic.cs.unb.ca.jnetpcap.FlowGenerator    Forward flow closed due to FIN Flag
2026-05-15 20:05:46 INFO  cic.cs.unb.ca.jnetpcap.FlowGenerator    Forward flow closed due to FIN Flag
2026-05-15 20:05:46 INFO  cic.cs.unb.ca.jnetpcap.FlowGenerator    Forward flow closed due to FIN Flag
2026-05-15 20:05:46 INFO  cic.cs.unb.ca.jnetpcap.FlowGenerator    Forward flow closed due to FIN Flag
2026-05-15 20:05:46 DEBUG cic.cs.unb.ca.jnetpcap.FlowGenerator    FlagRST current has 1033 flow
2026-05-15 20:05:46 DEBUG cic.cs.unb.ca.jnetpcap.FlowGenerator    FlagRST current has 1033 flow
2026-05-15 20:05:46 DEBUG cic.cs.unb.ca.jnetpcap.FlowGenerator    FlagFIN current has 1032 flow
2026-05-15 20:05:46 DEBUG cic.cs.unb.ca.jnetpcap.FlowGenerator    FlagFIN current has 1033 flow
2026-05-15 20:05:47 DEBUG cic.cs.unb.ca.jnetpcap.FlowGenerator    FlagFIN current has 1033 flow
2026-05-15 20:05:47 DEBUG cic.cs.unb.ca.jnetpcap.FlowGenerator    FlagFIN current has 1033 flow
2026-05-15 20:06:00 INFO  cic.cs.unb.ca.jnetpcap.FlowGenerator    Forward flow closed due to FIN Flag
2026-05-15 20:06:00 INFO  cic.cs.unb.ca.jnetpcap.FlowGenerator    Forward flow closed due to FIN Flag
2026-05-15 20:06:00 DEBUG cic.cs.unb.ca.jnetpcap.FlowGenerator    FlagFIN current has 1036 flow
2026-05-15 20:06:00 DEBUG cic.cs.unb.ca.jnetpcap.FlowGenerator    FlagFIN current has 1037 flow
2026-05-15 20:06:07 INFO  cic.cs.unb.ca.jnetpcap.FlowGenerator    Forward flow closed due to FIN Flag
2026-05-15 20:06:07 DEBUG cic.cs.unb.ca.jnetpcap.FlowGenerator    FlagRST current has 1041 flow
2026-05-15 20:06:07 INFO  cic.cs.unb.ca.jnetpcap.FlowGenerator    Forward flow closed due to FIN Flag
2026-05-15 20:06:07 INFO  cic.cs.unb.ca.jnetpcap.FlowGenerator    Forward flow closed due to FIN Flag
2026-05-15 20:06:07 DEBUG cic.cs.unb.ca.jnetpcap.FlowGenerator    FlagRST current has 1040 flow
2026-05-15 20:06:07 INFO  cic.cs.unb.ca.jnetpcap.FlowGenerator    Forward flow closed due to FIN Flag
2026-05-15 20:06:07 DEBUG cic.cs.unb.ca.jnetpcap.FlowGenerator    FlagFIN current has 1040 flow
2026-05-15 20:06:07 DEBUG cic.cs.unb.ca.jnetpcap.FlowGenerator    FlagFIN current has 1039 flow
2026-05-15 20:06:21 DEBUG cic.cs.unb.ca.jnetpcap.FlowGenerator    FlagFIN current has 1040 flow
2026-05-15 20:06:21 INFO  cic.cs.unb.ca.jnetpcap.FlowGenerator    Forward flow closed due to FIN Flag
2026-05-15 20:06:21 INFO  cic.cs.unb.ca.jnetpcap.FlowGenerator    Forward flow closed due to FIN Flag
2026-05-15 20:06:21 INFO  cic.cs.unb.ca.jnetpcap.FlowGenerator    Forward flow closed due to FIN Flag
2026-05-15 20:06:21 INFO  cic.cs.unb.ca.jnetpcap.FlowGenerator    Forward flow closed due to FIN Flag
2026-05-15 20:06:21 INFO  cic.cs.unb.ca.jnetpcap.FlowGenerator    Forward flow closed due to FIN Flag
2026-05-15 20:06:21 INFO  cic.cs.unb.ca.jnetpcap.FlowGenerator    Forward flow closed due to FIN Flag
2026-05-15 20:06:21 INFO  cic.cs.unb.ca.jnetpcap.FlowGenerator    Forward flow closed due to FIN Flag
2026-05-15 20:06:21 INFO  cic.cs.unb.ca.jnetpcap.FlowGenerator    Forward flow closed due to FIN Flag
2026-05-15 20:06:21 INFO  cic.cs.unb.ca.jnetpcap.FlowGenerator    Forward flow closed due to FIN Flag
2026-05-15 20:06:21 DEBUG cic.cs.unb.ca.jnetpcap.FlowGenerator    FlagFIN current has 1040 flow
2026-05-15 20:06:22 DEBUG cic.cs.unb.ca.jnetpcap.FlowGenerator    FlagFIN current has 1040 flow
2026-05-15 20:06:22 DEBUG cic.cs.unb.ca.jnetpcap.FlowGenerator    FlagFIN current has 1040 flow
2026-05-15 20:06:22 DEBUG cic.cs.unb.ca.jnetpcap.FlowGenerator    FlagFIN current has 1040 flow
2026-05-15 20:06:22 DEBUG cic.cs.unb.ca.jnetpcap.FlowGenerator    FlagFIN current has 1040 flow
2026-05-15 20:06:22 DEBUG cic.cs.unb.ca.jnetpcap.FlowGenerator    FlagFIN current has 1040 flow
2026-05-15 20:06:22 DEBUG cic.cs.unb.ca.jnetpcap.FlowGenerator    FlagFIN current has 1040 flow
2026-05-15 20:06:22 DEBUG cic.cs.unb.ca.jnetpcap.FlowGenerator    FlagFIN current has 1040 flow
2026-05-15 20:06:23 DEBUG cic.cs.unb.ca.jnetpcap.FlowGenerator    FlagFIN current has 1040 flow
2026-05-15 20:06:23 INFO  cic.cs.unb.ca.jnetpcap.FlowGenerator    Forward flow closed due to FIN Flag
2026-05-15 20:06:24 DEBUG cic.cs.unb.ca.jnetpcap.FlowGenerator    FlagFIN current has 1040 flow
2026-05-15 20:06:29 DEBUG cic.cs.unb.ca.jnetpcap.FlowGenerator    FlagFIN current has 1040 flow
2026-05-15 20:06:29 INFO  cic.cs.unb.ca.jnetpcap.FlowGenerator    Forward flow closed due to FIN Flag
2026-05-15 20:06:29 WARN  cic.cs.unb.ca.jnetpcap.FlowGenerator    Forward flow received 2 FIN packets
2026-05-15 20:06:29 INFO  cic.cs.unb.ca.jnetpcap.FlowGenerator    Forward flow closed due to FIN Flag
2026-05-15 20:06:29 INFO  cic.cs.unb.ca.jnetpcap.FlowGenerator    Forward flow closed due to FIN Flag
2026-05-15 20:06:29 DEBUG cic.cs.unb.ca.jnetpcap.FlowGenerator    FlagFIN current has 1043 flow
2026-05-15 20:06:29 DEBUG cic.cs.unb.ca.jnetpcap.FlowGenerator    FlagFIN current has 1043 flow
2026-05-15 20:06:29 INFO  cic.cs.unb.ca.jnetpcap.FlowGenerator    Forward flow closed due to FIN Flag
2026-05-15 20:06:29 INFO  cic.cs.unb.ca.jnetpcap.FlowGenerator    Forward flow closed due to FIN Flag
2026-05-15 20:06:29 INFO  cic.cs.unb.ca.jnetpcap.FlowGenerator    Forward flow closed due to FIN Flag
2026-05-15 20:06:29 DEBUG cic.cs.unb.ca.jnetpcap.FlowGenerator    FlagFIN current has 1046 flow
2026-05-15 20:06:29 DEBUG cic.cs.unb.ca.jnetpcap.FlowGenerator    FlagFIN current has 1049 flow
2026-05-15 20:06:29 INFO  cic.cs.unb.ca.jnetpcap.FlowGenerator    Forward flow closed due to FIN Flag
2026-05-15 20:06:29 INFO  cic.cs.unb.ca.jnetpcap.FlowGenerator    Forward flow closed due to FIN Flag
2026-05-15 20:06:29 DEBUG cic.cs.unb.ca.jnetpcap.FlowGenerator    FlagRST current has 1049 flow
2026-05-15 20:06:29 DEBUG cic.cs.unb.ca.jnetpcap.FlowGenerator    FlagFIN current has 1049 flow
2026-05-15 20:06:29 DEBUG cic.cs.unb.ca.jnetpcap.FlowGenerator    FlagFIN current has 1049 flow
2026-05-15 20:06:36 WARN  cic.cs.unb.ca.jnetpcap.FlowGenerator    Forward flow received 3 FIN packets
2026-05-15 20:06:36 INFO  cic.cs.unb.ca.jnetpcap.FlowGenerator    Forward flow closed due to FIN Flag
2026-05-15 20:06:36 DEBUG cic.cs.unb.ca.jnetpcap.FlowGenerator    FlagFIN current has 1049 flow
2026-05-15 20:06:36 WARN  cic.cs.unb.ca.jnetpcap.FlowGenerator    Forward flow received 2 FIN packets
2026-05-15 20:06:36 DEBUG cic.cs.unb.ca.jnetpcap.FlowGenerator    FlagFIN current has 1049 flow
2026-05-15 20:06:36 DEBUG cic.cs.unb.ca.jnetpcap.FlowGenerator    FlagFIN current has 1049 flow
2026-05-15 20:06:36 DEBUG cic.cs.unb.ca.jnetpcap.FlowGenerator    FlagFIN current has 1049 flow
2026-05-15 20:06:36 INFO  cic.cs.unb.ca.jnetpcap.FlowGenerator    Forward flow closed due to FIN Flag
2026-05-15 20:06:36 INFO  cic.cs.unb.ca.jnetpcap.FlowGenerator    Forward flow closed due to FIN Flag
2026-05-15 20:06:36 DEBUG cic.cs.unb.ca.jnetpcap.FlowGenerator    FlagRST current has 1049 flow
2026-05-15 20:06:36 WARN  cic.cs.unb.ca.jnetpcap.FlowGenerator    Forward flow received 4 FIN packets
2026-05-15 20:06:36 WARN  cic.cs.unb.ca.jnetpcap.FlowGenerator    Forward flow received 2 FIN packets
2026-05-15 20:06:36 WARN  cic.cs.unb.ca.jnetpcap.FlowGenerator    Forward flow received 3 FIN packets
2026-05-15 20:06:36 WARN  cic.cs.unb.ca.jnetpcap.FlowGenerator    Forward flow received 4 FIN packets
2026-05-15 20:06:36 WARN  cic.cs.unb.ca.jnetpcap.FlowGenerator    Forward flow received 5 FIN packets
2026-05-15 20:06:36 INFO  cic.cs.unb.ca.jnetpcap.FlowGenerator    Forward flow closed due to FIN Flag
2026-05-15 20:06:36 DEBUG cic.cs.unb.ca.jnetpcap.FlowGenerator    FlagFIN current has 1049 flow
2026-05-15 20:06:36 DEBUG cic.cs.unb.ca.jnetpcap.FlowGenerator    FlagFIN current has 1049 flow
2026-05-15 20:06:36 DEBUG cic.cs.unb.ca.jnetpcap.FlowGenerator    FlagRST current has 1049 flow
2026-05-15 20:06:36 DEBUG cic.cs.unb.ca.jnetpcap.FlowGenerator    FlagRST current has 1049 flow
2026-05-15 20:06:36 WARN  cic.cs.unb.ca.jnetpcap.FlowGenerator    Forward flow received 5 FIN packets
2026-05-15 20:06:39 DEBUG cic.cs.unb.ca.jnetpcap.FlowGenerator    FlagFIN current has 1048 flow
2026-05-15 20:06:39 DEBUG cic.cs.unb.ca.jnetpcap.FlowGenerator    FlagRST current has 1048 flow
2026-05-15 20:06:39 WARN  cic.cs.unb.ca.jnetpcap.FlowGenerator    Forward flow received 6 FIN packets
2026-05-15 20:06:42 DEBUG cic.cs.unb.ca.jnetpcap.FlowGenerator    FlagFIN current has 1048 flow
2026-05-15 20:06:42 DEBUG cic.cs.unb.ca.jnetpcap.FlowGenerator    FlagFIN current has 1048 flow
2026-05-15 20:06:42 WARN  cic.cs.unb.ca.jnetpcap.FlowGenerator    Forward flow received 6 FIN packets
2026-05-15 20:06:46 DEBUG cic.cs.unb.ca.jnetpcap.FlowGenerator    FlagFIN current has 1048 flow
2026-05-15 20:06:46 INFO  cic.cs.unb.ca.jnetpcap.FlowGenerator    Forward flow closed due to FIN Flag
2026-05-15 20:06:46 WARN  cic.cs.unb.ca.jnetpcap.FlowGenerator    Forward flow received 2 FIN packets
2026-05-15 20:06:46 WARN  cic.cs.unb.ca.jnetpcap.FlowGenerator    Forward flow received 3 FIN packets
2026-05-15 20:06:46 WARN  cic.cs.unb.ca.jnetpcap.FlowGenerator    Forward flow received 4 FIN packets
2026-05-15 20:06:52 DEBUG cic.cs.unb.ca.jnetpcap.FlowGenerator    FlagRST current has 1048 flow
2026-05-15 20:06:52 WARN  cic.cs.unb.ca.jnetpcap.FlowGenerator    Forward flow received 5 FIN packets
2026-05-15 20:06:52 DEBUG cic.cs.unb.ca.jnetpcap.FlowGenerator    FlagRST current has 1047 flow
2026-05-15 20:07:06 WARN  cic.cs.unb.ca.jnetpcap.FlowGenerator    Forward flow received 6 FIN packets
2026-05-15 20:07:06 DEBUG cic.cs.unb.ca.jnetpcap.FlowGenerator    FlagRST current has 1046 flow
2026-05-15 20:07:06 INFO  cic.cs.unb.ca.jnetpcap.FlowGenerator    Forward flow closed due to FIN Flag
2026-05-15 20:07:06 INFO  cic.cs.unb.ca.jnetpcap.FlowGenerator    Forward flow closed due to FIN Flag
2026-05-15 20:07:06 DEBUG cic.cs.unb.ca.jnetpcap.FlowGenerator    FlagFIN current has 1047 flow
2026-05-15 20:07:06 INFO  cic.cs.unb.ca.jnetpcap.FlowGenerator    Forward flow closed due to FIN Flag
2026-05-15 20:07:06 DEBUG cic.cs.unb.ca.jnetpcap.FlowGenerator    FlagFIN current has 1047 flow
2026-05-15 20:07:06 INFO  cic.cs.unb.ca.jnetpcap.FlowGenerator    Forward flow closed due to FIN Flag
2026-05-15 20:07:06 DEBUG cic.cs.unb.ca.jnetpcap.FlowGenerator    FlagFIN current has 1047 flow
2026-05-15 20:07:06 DEBUG cic.cs.unb.ca.jnetpcap.FlowGenerator    FlagRST current has 1048 flow
2026-05-15 20:07:24 DEBUG cic.cs.unb.ca.jnetpcap.FlowGenerator    FlagFIN current has 1049 flow
2026-05-15 20:07:24 INFO  cic.cs.unb.ca.jnetpcap.FlowGenerator    Forward flow closed due to FIN Flag
2026-05-15 20:07:24 INFO  cic.cs.unb.ca.jnetpcap.FlowGenerator    Forward flow closed due to FIN Flag
2026-05-15 20:07:24 DEBUG cic.cs.unb.ca.jnetpcap.FlowGenerator    FlagFIN current has 1051 flow
2026-05-15 20:07:24 DEBUG cic.cs.unb.ca.jnetpcap.FlowGenerator    FlagFIN current has 1051 flow
2026-05-15 20:08:00 DEBUG cic.cs.unb.ca.jnetpcap.FlowGenerator    FlagFIN current has 1053 flow
2026-05-15 20:08:00 INFO  cic.cs.unb.ca.jnetpcap.FlowGenerator    Forward flow closed due to FIN Flag
2026-05-15 20:08:00 DEBUG cic.cs.unb.ca.jnetpcap.FlowGenerator    FlagRST current has 1053 flow
2026-05-15 20:08:00 INFO  cic.cs.unb.ca.jnetpcap.FlowGenerator    Forward flow closed due to FIN Flag
2026-05-15 20:08:00 INFO  cic.cs.unb.ca.jnetpcap.FlowGenerator    Forward flow closed due to FIN Flag
2026-05-15 20:08:00 DEBUG cic.cs.unb.ca.jnetpcap.FlowGenerator    FlagFIN current has 1056 flow
2026-05-15 20:08:06 DEBUG cic.cs.unb.ca.jnetpcap.FlowGenerator    FlagFIN current has 1057 flow
2026-05-15 20:08:06 INFO  cic.cs.unb.ca.jnetpcap.FlowGenerator    Forward flow closed due to FIN Flag
2026-05-15 20:08:06 INFO  cic.cs.unb.ca.jnetpcap.FlowGenerator    Forward flow closed due to FIN Flag
2026-05-15 20:08:06 INFO  cic.cs.unb.ca.jnetpcap.FlowGenerator    Forward flow closed due to FIN Flag
2026-05-15 20:08:06 DEBUG cic.cs.unb.ca.jnetpcap.FlowGenerator    FlagFIN current has 1059 flow
2026-05-15 20:08:06 DEBUG cic.cs.unb.ca.jnetpcap.FlowGenerator    FlagFIN current has 1059 flow
2026-05-15 20:08:06 DEBUG cic.cs.unb.ca.jnetpcap.FlowGenerator    FlagFIN current has 1060 flow
2026-05-15 20:08:06 INFO  cic.cs.unb.ca.jnetpcap.FlowGenerator    Forward flow closed due to FIN Flag
2026-05-15 20:08:10 DEBUG cic.cs.unb.ca.jnetpcap.FlowGenerator    FlagRST current has 1061 flow
2026-05-15 20:08:11 DEBUG cic.cs.unb.ca.jnetpcap.FlowGenerator    FlagRST current has 1062 flow
2026-05-15 20:08:22 DEBUG cic.cs.unb.ca.jnetpcap.FlowGenerator    FlagFIN current has 1061 flow
2026-05-15 20:08:48 INFO  cic.cs.unb.ca.jnetpcap.FlowGenerator    Forward flow closed due to FIN Flag
2026-05-15 20:08:48 INFO  cic.cs.unb.ca.jnetpcap.FlowGenerator    Forward flow closed due to FIN Flag
2026-05-15 20:08:48 DEBUG cic.cs.unb.ca.jnetpcap.FlowGenerator    FlagFIN current has 1067 flow
2026-05-15 20:08:48 DEBUG cic.cs.unb.ca.jnetpcap.FlowGenerator    FlagFIN current has 1068 flow
2026-05-15 20:09:06 INFO  cic.cs.unb.ca.jnetpcap.FlowGenerator    Forward flow closed due to FIN Flag
2026-05-15 20:09:06 INFO  cic.cs.unb.ca.jnetpcap.FlowGenerator    Forward flow closed due to FIN Flag
2026-05-15 20:09:06 DEBUG cic.cs.unb.ca.jnetpcap.FlowGenerator    FlagFIN current has 1077 flow
2026-05-15 20:09:06 INFO  cic.cs.unb.ca.jnetpcap.FlowGenerator    Forward flow closed due to FIN Flag
2026-05-15 20:09:06 DEBUG cic.cs.unb.ca.jnetpcap.FlowGenerator    FlagFIN current has 1078 flow
2026-05-15 20:09:07 INFO  cic.cs.unb.ca.jnetpcap.FlowGenerator    Forward flow closed due to FIN Flag
2026-05-15 20:09:07 INFO  cic.cs.unb.ca.jnetpcap.FlowGenerator    Forward flow closed due to FIN Flag
2026-05-15 20:09:07 DEBUG cic.cs.unb.ca.jnetpcap.FlowGenerator    FlagFIN current has 1081 flow
2026-05-15 20:09:07 DEBUG cic.cs.unb.ca.jnetpcap.FlowGenerator    FlagFIN current has 1081 flow
2026-05-15 20:09:17 DEBUG cic.cs.unb.ca.jnetpcap.FlowGenerator    FlagFIN current has 1082 flow
2026-05-15 20:09:17 DEBUG cic.cs.unb.ca.jnetpcap.FlowGenerator    FlagFIN current has 1082 flow
2026-05-15 20:09:48 INFO  cic.cs.unb.ca.jnetpcap.FlowGenerator    Forward flow closed due to FIN Flag
2026-05-15 20:09:48 INFO  cic.cs.unb.ca.jnetpcap.FlowGenerator    Forward flow closed due to FIN Flag
2026-05-15 20:10:06 WARN  cic.cs.unb.ca.jnetpcap.FlowGenerator    Forward flow received 2 FIN packets
2026-05-15 20:10:06 WARN  cic.cs.unb.ca.jnetpcap.FlowGenerator    Forward flow received 2 FIN packets
2026-05-15 20:10:06 INFO  cic.cs.unb.ca.jnetpcap.FlowGenerator    Forward flow closed due to FIN Flag
2026-05-15 20:10:06 DEBUG cic.cs.unb.ca.jnetpcap.FlowGenerator    FlagFIN current has 1084 flow
2026-05-15 20:10:06 WARN  cic.cs.unb.ca.jnetpcap.FlowGenerator    Forward flow received 3 FIN packets
2026-05-15 20:10:06 WARN  cic.cs.unb.ca.jnetpcap.FlowGenerator    Forward flow received 3 FIN packets
2026-05-15 20:10:06 WARN  cic.cs.unb.ca.jnetpcap.FlowGenerator    Forward flow received 4 FIN packets
2026-05-15 20:10:06 WARN  cic.cs.unb.ca.jnetpcap.FlowGenerator    Forward flow received 4 FIN packets
2026-05-15 20:10:06 DEBUG cic.cs.unb.ca.jnetpcap.FlowGenerator    FlagFIN current has 1084 flow
2026-05-15 20:10:06 INFO  cic.cs.unb.ca.jnetpcap.FlowGenerator    Forward flow closed due to FIN Flag
2026-05-15 20:10:06 DEBUG cic.cs.unb.ca.jnetpcap.FlowGenerator    FlagFIN current has 1084 flow
2026-05-15 20:10:06 WARN  cic.cs.unb.ca.jnetpcap.FlowGenerator    Forward flow received 5 FIN packets
2026-05-15 20:10:06 WARN  cic.cs.unb.ca.jnetpcap.FlowGenerator    Forward flow received 5 FIN packets
2026-05-15 20:10:06 WARN  cic.cs.unb.ca.jnetpcap.FlowGenerator    Forward flow received 6 FIN packets
2026-05-15 20:10:06 WARN  cic.cs.unb.ca.jnetpcap.FlowGenerator    Forward flow received 6 FIN packets
2026-05-15 20:10:06 INFO  cic.cs.unb.ca.jnetpcap.FlowGenerator    Forward flow closed due to FIN Flag
2026-05-15 20:10:06 DEBUG cic.cs.unb.ca.jnetpcap.FlowGenerator    FlagFIN current has 1088 flow
2026-05-15 20:10:06 INFO  cic.cs.unb.ca.jnetpcap.FlowGenerator    Forward flow closed due to FIN Flag
2026-05-15 20:10:07 DEBUG cic.cs.unb.ca.jnetpcap.FlowGenerator    FlagFIN current has 1089 flow
2026-05-15 20:10:10 INFO  cic.cs.unb.ca.jnetpcap.FlowGenerator    Forward flow closed due to FIN Flag
2026-05-15 20:10:10 INFO  cic.cs.unb.ca.jnetpcap.FlowGenerator    Forward flow closed due to FIN Flag
2026-05-15 20:10:10 DEBUG cic.cs.unb.ca.jnetpcap.FlowGenerator    FlagFIN current has 1091 flow
2026-05-15 20:10:10 DEBUG cic.cs.unb.ca.jnetpcap.FlowGenerator    FlagFIN current has 1091 flow
2026-05-15 20:10:26 INFO  cic.cs.unb.ca.jnetpcap.FlowGenerator    Forward flow closed due to FIN Flag
2026-05-15 20:10:26 INFO  cic.cs.unb.ca.jnetpcap.FlowGenerator    Forward flow closed due to FIN Flag
2026-05-15 20:10:26 DEBUG cic.cs.unb.ca.jnetpcap.FlowGenerator    FlagFIN current has 1095 flow
2026-05-15 20:10:26 DEBUG cic.cs.unb.ca.jnetpcap.FlowGenerator    FlagFIN current has 1095 flow
2026-05-15 20:10:26 DEBUG cic.cs.unb.ca.jnetpcap.FlowGenerator    FlagRST current has 1095 flow
2026-05-15 20:10:26 DEBUG cic.cs.unb.ca.jnetpcap.FlowGenerator    FlagRST current has 1094 flow
2026-05-15 20:10:26 DEBUG cic.cs.unb.ca.jnetpcap.FlowGenerator    FlagFIN current has 1093 flow
2026-05-15 20:10:26 DEBUG cic.cs.unb.ca.jnetpcap.FlowGenerator    FlagFIN current has 1093 flow
2026-05-15 20:10:44 DEBUG cic.cs.unb.ca.jnetpcap.FlowGenerator    FlagFIN current has 1095 flow
2026-05-15 20:10:44 INFO  cic.cs.unb.ca.jnetpcap.FlowGenerator    Forward flow closed due to FIN Flag
2026-05-15 20:11:06 INFO  cic.cs.unb.ca.jnetpcap.FlowGenerator    Forward flow closed due to FIN Flag
2026-05-15 20:11:06 INFO  cic.cs.unb.ca.jnetpcap.FlowGenerator    Forward flow closed due to FIN Flag
2026-05-15 20:11:06 DEBUG cic.cs.unb.ca.jnetpcap.FlowGenerator    FlagFIN current has 1097 flow
2026-05-15 20:11:06 INFO  cic.cs.unb.ca.jnetpcap.FlowGenerator    Forward flow closed due to FIN Flag
2026-05-15 20:11:06 DEBUG cic.cs.unb.ca.jnetpcap.FlowGenerator    FlagRST current has 1099 flow
2026-05-15 20:11:06 DEBUG cic.cs.unb.ca.jnetpcap.FlowGenerator    FlagFIN current has 1099 flow
2026-05-15 20:11:11 INFO  cic.cs.unb.ca.jnetpcap.FlowGenerator    Forward flow closed due to FIN Flag
2026-05-15 20:11:22 DEBUG cic.cs.unb.ca.jnetpcap.FlowGenerator    FlagFIN current has 1101 flow
2026-05-15 20:11:22 INFO  cic.cs.unb.ca.jnetpcap.FlowGenerator    Forward flow closed due to FIN Flag
2026-05-15 20:11:22 INFO  cic.cs.unb.ca.jnetpcap.FlowGenerator    Forward flow closed due to FIN Flag
2026-05-15 20:11:22 DEBUG cic.cs.unb.ca.jnetpcap.FlowGenerator    FlagFIN current has 1101 flow
2026-05-15 20:11:22 DEBUG cic.cs.unb.ca.jnetpcap.FlowGenerator    FlagFIN current has 1101 flow
2026-05-15 20:11:22 DEBUG cic.cs.unb.ca.jnetpcap.FlowGenerator    FlagFIN current has 1101 flow
2026-05-15 20:11:22 DEBUG cic.cs.unb.ca.jnetpcap.FlowGenerator    FlagFIN current has 1101 flow
2026-05-15 20:11:22 DEBUG cic.cs.unb.ca.jnetpcap.FlowGenerator    FlagFIN current has 1101 flow
2026-05-15 20:12:03 INFO  cic.cs.unb.ca.jnetpcap.FlowGenerator    Forward flow closed due to FIN Flag
2026-05-15 20:12:03 INFO  cic.cs.unb.ca.jnetpcap.FlowGenerator    Forward flow closed due to FIN Flag
2026-05-15 20:12:03 DEBUG cic.cs.unb.ca.jnetpcap.FlowGenerator    FlagFIN current has 1105 flow
2026-05-15 20:12:03 DEBUG cic.cs.unb.ca.jnetpcap.FlowGenerator    FlagFIN current has 1105 flow
2026-05-15 20:12:06 INFO  cic.cs.unb.ca.jnetpcap.FlowGenerator    Forward flow closed due to FIN Flag
2026-05-15 20:12:06 INFO  cic.cs.unb.ca.jnetpcap.FlowGenerator    Forward flow closed due to FIN Flag
2026-05-15 20:12:28 DEBUG cic.cs.unb.ca.jnetpcap.FlowGenerator    FlagFIN current has 1107 flow
2026-05-15 20:12:28 INFO  cic.cs.unb.ca.jnetpcap.FlowGenerator    Forward flow closed due to FIN Flag
2026-05-15 20:12:28 INFO  cic.cs.unb.ca.jnetpcap.FlowGenerator    Forward flow closed due to FIN Flag
2026-05-15 20:12:28 DEBUG cic.cs.unb.ca.jnetpcap.FlowGenerator    FlagFIN current has 1109 flow
2026-05-15 20:12:28 DEBUG cic.cs.unb.ca.jnetpcap.FlowGenerator    FlagFIN current has 1109 flow
2026-05-15 20:12:38 DEBUG cic.cs.unb.ca.jnetpcap.FlowGenerator    FlagRST current has 1116 flow
2026-05-15 20:12:52 DEBUG cic.cs.unb.ca.jnetpcap.FlowGenerator    FlagFIN current has 1123 flow
2026-05-15 20:12:52 DEBUG cic.cs.unb.ca.jnetpcap.FlowGenerator    FlagFIN current has 1123 flow
2026-05-15 20:12:52 INFO  cic.cs.unb.ca.jnetpcap.FlowGenerator    Forward flow closed due to FIN Flag
2026-05-15 20:12:52 DEBUG cic.cs.unb.ca.jnetpcap.FlowGenerator    FlagFIN current has 1125 flow
2026-05-15 20:12:55 INFO  cic.cs.unb.ca.jnetpcap.FlowGenerator    Forward flow closed due to FIN Flag
2026-05-15 20:12:55 INFO  cic.cs.unb.ca.jnetpcap.FlowGenerator    Forward flow closed due to FIN Flag
2026-05-15 20:12:55 DEBUG cic.cs.unb.ca.jnetpcap.FlowGenerator    FlagFIN current has 1126 flow
2026-05-15 20:12:55 DEBUG cic.cs.unb.ca.jnetpcap.FlowGenerator    FlagFIN current has 1126 flow
2026-05-15 20:12:55 DEBUG cic.cs.unb.ca.jnetpcap.FlowGenerator    FlagFIN current has 1126 flow
2026-05-15 20:12:55 DEBUG cic.cs.unb.ca.jnetpcap.FlowGenerator    FlagFIN current has 1126 flow
2026-05-15 20:13:00 INFO  cic.cs.unb.ca.jnetpcap.FlowGenerator    Forward flow closed due to FIN Flag
2026-05-15 20:13:00 INFO  cic.cs.unb.ca.jnetpcap.FlowGenerator    Forward flow closed due to FIN Flag
2026-05-15 20:13:06 DEBUG cic.cs.unb.ca.jnetpcap.FlowGenerator    FlagFIN current has 1130 flow
2026-05-15 20:13:06 DEBUG cic.cs.unb.ca.jnetpcap.FlowGenerator    FlagFIN current has 1130 flow
2026-05-15 20:13:06 INFO  cic.cs.unb.ca.jnetpcap.FlowGenerator    Forward flow closed due to FIN Flag
2026-05-15 20:13:07 INFO  cic.cs.unb.ca.jnetpcap.FlowGenerator    Forward flow closed due to FIN Flag
2026-05-15 20:13:07 INFO  cic.cs.unb.ca.jnetpcap.FlowGenerator    Forward flow closed due to FIN Flag
2026-05-15 20:13:07 DEBUG cic.cs.unb.ca.jnetpcap.FlowGenerator    FlagFIN current has 1132 flow
2026-05-15 20:13:07 DEBUG cic.cs.unb.ca.jnetpcap.FlowGenerator    FlagFIN current has 1132 flow
2026-05-15 20:13:16 DEBUG cic.cs.unb.ca.jnetpcap.FlowGenerator    FlagFIN current has 1133 flow
2026-05-15 20:13:36 DEBUG cic.cs.unb.ca.jnetpcap.FlowGenerator    FlagFIN current has 1133 flow
2026-05-15 20:14:06 INFO  cic.cs.unb.ca.jnetpcap.FlowGenerator    Forward flow closed due to FIN Flag
2026-05-15 20:14:06 INFO  cic.cs.unb.ca.jnetpcap.FlowGenerator    Forward flow closed due to FIN Flag
2026-05-15 20:14:06 INFO  cic.cs.unb.ca.jnetpcap.FlowGenerator    Forward flow closed due to FIN Flag
2026-05-15 20:14:06 DEBUG cic.cs.unb.ca.jnetpcap.FlowGenerator    FlagFIN current has 1146 flow
2026-05-15 20:14:06 DEBUG cic.cs.unb.ca.jnetpcap.FlowGenerator    FlagFIN current has 1146 flow
2026-05-15 20:14:06 DEBUG cic.cs.unb.ca.jnetpcap.FlowGenerator    FlagFIN current has 1147 flow
2026-05-15 20:14:06 INFO  cic.cs.unb.ca.jnetpcap.FlowGenerator    Forward flow closed due to FIN Flag
2026-05-15 20:14:06 DEBUG cic.cs.unb.ca.jnetpcap.FlowGenerator    FlagRST current has 1149 flow
2026-05-15 20:14:28 DEBUG cic.cs.unb.ca.jnetpcap.FlowGenerator    FlagFIN current has 1149 flow
2026-05-15 20:14:28 DEBUG cic.cs.unb.ca.jnetpcap.FlowGenerator    FlagFIN current has 1149 flow
2026-05-15 20:14:28 DEBUG cic.cs.unb.ca.jnetpcap.FlowGenerator    FlagFIN current has 1149 flow
2026-05-15 20:14:28 DEBUG cic.cs.unb.ca.jnetpcap.FlowGenerator    FlagFIN current has 1149 flow
2026-05-15 20:14:28 DEBUG cic.cs.unb.ca.jnetpcap.FlowGenerator    FlagFIN current has 1149 flow
2026-05-15 20:14:28 DEBUG cic.cs.unb.ca.jnetpcap.FlowGenerator    FlagRST current has 1149 flow
2026-05-15 20:14:28 INFO  cic.cs.unb.ca.jnetpcap.FlowGenerator    Forward flow closed due to FIN Flag
2026-05-15 20:14:28 INFO  cic.cs.unb.ca.jnetpcap.FlowGenerator    Forward flow closed due to FIN Flag
2026-05-15 20:14:28 DEBUG cic.cs.unb.ca.jnetpcap.FlowGenerator    FlagRST current has 1148 flow
2026-05-15 20:14:28 DEBUG cic.cs.unb.ca.jnetpcap.FlowGenerator    FlagFIN current has 1148 flow
2026-05-15 20:14:28 INFO  cic.cs.unb.ca.jnetpcap.FlowGenerator    Forward flow closed due to FIN Flag
2026-05-15 20:14:28 INFO  cic.cs.unb.ca.jnetpcap.FlowGenerator    Forward flow closed due to FIN Flag
2026-05-15 20:14:28 DEBUG cic.cs.unb.ca.jnetpcap.FlowGenerator    FlagFIN current has 1150 flow
2026-05-15 20:14:28 DEBUG cic.cs.unb.ca.jnetpcap.FlowGenerator    FlagFIN current has 1150 flow
2026-05-15 20:14:28 INFO  cic.cs.unb.ca.jnetpcap.FlowGenerator    Forward flow closed due to FIN Flag
2026-05-15 20:14:28 INFO  cic.cs.unb.ca.jnetpcap.FlowGenerator    Forward flow closed due to FIN Flag
2026-05-15 20:14:40 DEBUG cic.cs.unb.ca.jnetpcap.FlowGenerator    FlagFIN current has 1152 flow
2026-05-15 20:14:41 DEBUG cic.cs.unb.ca.jnetpcap.FlowGenerator    FlagFIN current has 1152 flow
2026-05-15 20:14:41 INFO  cic.cs.unb.ca.jnetpcap.FlowGenerator    Forward flow closed due to FIN Flag
2026-05-15 20:14:46 INFO  cic.cs.unb.ca.jnetpcap.FlowGenerator    Forward flow closed due to FIN Flag
2026-05-15 20:14:46 DEBUG cic.cs.unb.ca.jnetpcap.FlowGenerator    FlagRST current has 1155 flow
2026-05-15 20:14:54 DEBUG cic.cs.unb.ca.jnetpcap.FlowGenerator    FlagFIN current has 1154 flow
2026-05-15 20:14:54 INFO  cic.cs.unb.ca.jnetpcap.FlowGenerator    Forward flow closed due to FIN Flag
2026-05-15 20:14:54 DEBUG cic.cs.unb.ca.jnetpcap.FlowGenerator    FlagFIN current has 1154 flow
2026-05-15 20:15:06 INFO  cic.cs.unb.ca.jnetpcap.FlowGenerator    Forward flow closed due to FIN Flag
2026-05-15 20:15:06 DEBUG cic.cs.unb.ca.jnetpcap.FlowGenerator    FlagFIN current has 1154 flow
2026-05-15 20:15:28 INFO  cic.cs.unb.ca.jnetpcap.FlowGenerator    Forward flow closed due to FIN Flag
2026-05-15 20:15:28 INFO  cic.cs.unb.ca.jnetpcap.FlowGenerator    Forward flow closed due to FIN Flag
2026-05-15 20:15:28 DEBUG cic.cs.unb.ca.jnetpcap.FlowGenerator    FlagFIN current has 1158 flow
2026-05-15 20:15:28 DEBUG cic.cs.unb.ca.jnetpcap.FlowGenerator    FlagFIN current has 1158 flow
2026-05-15 20:15:28 DEBUG cic.cs.unb.ca.jnetpcap.FlowGenerator    FlagFIN current has 1158 flow
2026-05-15 20:15:28 DEBUG cic.cs.unb.ca.jnetpcap.FlowGenerator    FlagFIN current has 1158 flow
2026-05-15 20:15:28 INFO  cic.cs.unb.ca.jnetpcap.FlowGenerator    Forward flow closed due to FIN Flag
2026-05-15 20:15:28 INFO  cic.cs.unb.ca.jnetpcap.FlowGenerator    Forward flow closed due to FIN Flag
2026-05-15 20:15:28 DEBUG cic.cs.unb.ca.jnetpcap.FlowGenerator    FlagFIN current has 1158 flow
2026-05-15 20:15:28 DEBUG cic.cs.unb.ca.jnetpcap.FlowGenerator    FlagFIN current has 1158 flow
2026-05-15 20:15:35 DEBUG cic.cs.unb.ca.jnetpcap.FlowGenerator    FlagFIN current has 1159 flow
2026-05-15 20:15:35 INFO  cic.cs.unb.ca.jnetpcap.FlowGenerator    Forward flow closed due to FIN Flag
2026-05-15 20:15:35 INFO  cic.cs.unb.ca.jnetpcap.FlowGenerator    Forward flow closed due to FIN Flag
2026-05-15 20:15:35 DEBUG cic.cs.unb.ca.jnetpcap.FlowGenerator    FlagFIN current has 1162 flow
2026-05-15 20:15:35 INFO  cic.cs.unb.ca.jnetpcap.FlowGenerator    Forward flow closed due to FIN Flag
2026-05-15 20:15:35 DEBUG cic.cs.unb.ca.jnetpcap.FlowGenerator    FlagFIN current has 1163 flow
2026-05-15 20:16:06 INFO  cic.cs.unb.ca.jnetpcap.FlowGenerator    Forward flow closed due to FIN Flag
2026-05-15 20:16:06 INFO  cic.cs.unb.ca.jnetpcap.FlowGenerator    Forward flow closed due to FIN Flag
2026-05-15 20:16:06 DEBUG cic.cs.unb.ca.jnetpcap.FlowGenerator    FlagFIN current has 1164 flow
2026-05-15 20:16:35 INFO  cic.cs.unb.ca.jnetpcap.FlowGenerator    Forward flow closed due to FIN Flag
2026-05-15 20:16:35 INFO  cic.cs.unb.ca.jnetpcap.FlowGenerator    Forward flow closed due to FIN Flag
2026-05-15 20:16:35 DEBUG cic.cs.unb.ca.jnetpcap.FlowGenerator    FlagFIN current has 1168 flow
2026-05-15 20:16:35 DEBUG cic.cs.unb.ca.jnetpcap.FlowGenerator    FlagFIN current has 1168 flow
2026-05-15 20:16:35 DEBUG cic.cs.unb.ca.jnetpcap.FlowGenerator    FlagFIN current has 1168 flow
2026-05-15 20:16:35 INFO  cic.cs.unb.ca.jnetpcap.FlowGenerator    Forward flow closed due to FIN Flag
2026-05-15 20:16:35 INFO  cic.cs.unb.ca.jnetpcap.FlowGenerator    Forward flow closed due to FIN Flag
2026-05-15 20:16:35 INFO  cic.cs.unb.ca.jnetpcap.FlowGenerator    Forward flow closed due to FIN Flag
2026-05-15 20:16:35 DEBUG cic.cs.unb.ca.jnetpcap.FlowGenerator    FlagRST current has 1172 flow
2026-05-15 20:16:35 DEBUG cic.cs.unb.ca.jnetpcap.FlowGenerator    FlagRST current has 1171 flow
2026-05-15 20:16:57 INFO  cic.cs.unb.ca.jnetpcap.FlowGenerator    Forward flow closed due to FIN Flag
2026-05-15 20:16:57 INFO  cic.cs.unb.ca.jnetpcap.FlowGenerator    Forward flow closed due to FIN Flag
2026-05-15 20:16:57 DEBUG cic.cs.unb.ca.jnetpcap.FlowGenerator    FlagFIN current has 1170 flow
2026-05-15 20:16:57 DEBUG cic.cs.unb.ca.jnetpcap.FlowGenerator    FlagFIN current has 1170 flow
2026-05-15 20:16:57 INFO  cic.cs.unb.ca.jnetpcap.FlowGenerator    Forward flow closed due to FIN Flag
2026-05-15 20:16:57 DEBUG cic.cs.unb.ca.jnetpcap.FlowGenerator    FlagRST current has 1172 flow
2026-05-15 20:17:06 DEBUG cic.cs.unb.ca.jnetpcap.FlowGenerator    FlagFIN current has 1172 flow
2026-05-15 20:17:06 INFO  cic.cs.unb.ca.jnetpcap.FlowGenerator    Forward flow closed due to FIN Flag
2026-05-15 20:17:06 INFO  cic.cs.unb.ca.jnetpcap.FlowGenerator    Forward flow closed due to FIN Flag
2026-05-15 20:17:06 DEBUG cic.cs.unb.ca.jnetpcap.FlowGenerator    FlagFIN current has 1175 flow
2026-05-15 20:17:06 DEBUG cic.cs.unb.ca.jnetpcap.FlowGenerator    FlagFIN current has 1175 flow
2026-05-15 20:17:11 INFO  cic.cs.unb.ca.jnetpcap.FlowGenerator    Forward flow closed due to FIN Flag
2026-05-15 20:17:45 DEBUG cic.cs.unb.ca.jnetpcap.FlowGenerator    FlagFIN current has 1176 flow
2026-05-15 20:17:45 INFO  cic.cs.unb.ca.jnetpcap.FlowGenerator    Forward flow closed due to FIN Flag
2026-05-15 20:17:45 DEBUG cic.cs.unb.ca.jnetpcap.FlowGenerator    FlagFIN current has 1176 flow
2026-05-15 20:17:45 DEBUG cic.cs.unb.ca.jnetpcap.FlowGenerator    FlagFIN current has 1176 flow
2026-05-15 20:17:45 DEBUG cic.cs.unb.ca.jnetpcap.FlowGenerator    FlagFIN current has 1176 flow
2026-05-15 20:17:45 DEBUG cic.cs.unb.ca.jnetpcap.FlowGenerator    FlagFIN current has 1176 flow
2026-05-15 20:17:45 INFO  cic.cs.unb.ca.jnetpcap.FlowGenerator    Forward flow closed due to FIN Flag
2026-05-15 20:17:45 DEBUG cic.cs.unb.ca.jnetpcap.FlowGenerator    FlagFIN current has 1176 flow
2026-05-15 20:17:45 INFO  cic.cs.unb.ca.jnetpcap.FlowGenerator    Forward flow closed due to FIN Flag
2026-05-15 20:17:45 INFO  cic.cs.unb.ca.jnetpcap.FlowGenerator    Forward flow closed due to FIN Flag
2026-05-15 20:17:45 INFO  cic.cs.unb.ca.jnetpcap.FlowGenerator    Forward flow closed due to FIN Flag
2026-05-15 20:17:45 DEBUG cic.cs.unb.ca.jnetpcap.FlowGenerator    FlagFIN current has 1179 flow
2026-05-15 20:17:45 DEBUG cic.cs.unb.ca.jnetpcap.FlowGenerator    FlagFIN current has 1179 flow
2026-05-15 20:17:46 INFO  cic.cs.unb.ca.jnetpcap.FlowGenerator    Forward flow closed due to FIN Flag
2026-05-15 20:17:46 DEBUG cic.cs.unb.ca.jnetpcap.FlowGenerator    FlagFIN current has 1182 flow
2026-05-15 20:17:46 INFO  cic.cs.unb.ca.jnetpcap.FlowGenerator    Forward flow closed due to FIN Flag
2026-05-15 20:17:47 DEBUG cic.cs.unb.ca.jnetpcap.FlowGenerator    FlagFIN current has 1182 flow
2026-05-15 20:17:47 INFO  cic.cs.unb.ca.jnetpcap.FlowGenerator    Forward flow closed due to FIN Flag
2026-05-15 20:17:47 INFO  cic.cs.unb.ca.jnetpcap.FlowGenerator    Forward flow closed due to FIN Flag
2026-05-15 20:17:47 DEBUG cic.cs.unb.ca.jnetpcap.FlowGenerator    FlagFIN current has 1185 flow
2026-05-15 20:17:47 DEBUG cic.cs.unb.ca.jnetpcap.FlowGenerator    FlagFIN current has 1186 flow
2026-05-15 20:17:47 INFO  cic.cs.unb.ca.jnetpcap.FlowGenerator    Forward flow closed due to FIN Flag
2026-05-15 20:17:47 INFO  cic.cs.unb.ca.jnetpcap.FlowGenerator    Forward flow closed due to FIN Flag
2026-05-15 20:17:47 DEBUG cic.cs.unb.ca.jnetpcap.FlowGenerator    FlagFIN current has 1189 flow
2026-05-15 20:17:47 DEBUG cic.cs.unb.ca.jnetpcap.FlowGenerator    FlagFIN current has 1189 flow
2026-05-15 20:17:48 INFO  cic.cs.unb.ca.jnetpcap.FlowGenerator    Forward flow closed due to FIN Flag
2026-05-15 20:17:48 DEBUG cic.cs.unb.ca.jnetpcap.FlowGenerator    FlagFIN current has 1191 flow
2026-05-15 20:17:48 INFO  cic.cs.unb.ca.jnetpcap.FlowGenerator    Forward flow closed due to FIN Flag
2026-05-15 20:17:48 INFO  cic.cs.unb.ca.jnetpcap.FlowGenerator    Forward flow closed due to FIN Flag
2026-05-15 20:17:48 DEBUG cic.cs.unb.ca.jnetpcap.FlowGenerator    FlagFIN current has 1195 flow
2026-05-15 20:17:48 DEBUG cic.cs.unb.ca.jnetpcap.FlowGenerator    FlagFIN current has 1195 flow
2026-05-15 20:17:52 INFO  cic.cs.unb.ca.jnetpcap.FlowGenerator    Forward flow closed due to FIN Flag
2026-05-15 20:17:52 INFO  cic.cs.unb.ca.jnetpcap.FlowGenerator    Forward flow closed due to FIN Flag
2026-05-15 20:17:52 DEBUG cic.cs.unb.ca.jnetpcap.FlowGenerator    FlagFIN current has 1201 flow
2026-05-15 20:17:52 DEBUG cic.cs.unb.ca.jnetpcap.FlowGenerator    FlagFIN current has 1201 flow
2026-05-15 20:17:52 INFO  cic.cs.unb.ca.jnetpcap.FlowGenerator    Forward flow closed due to FIN Flag
2026-05-15 20:17:52 DEBUG cic.cs.unb.ca.jnetpcap.FlowGenerator    FlagFIN current has 1205 flow
2026-05-15 20:17:52 INFO  cic.cs.unb.ca.jnetpcap.FlowGenerator    Forward flow closed due to FIN Flag
2026-05-15 20:17:52 INFO  cic.cs.unb.ca.jnetpcap.FlowGenerator    Forward flow closed due to FIN Flag
2026-05-15 20:17:52 INFO  cic.cs.unb.ca.jnetpcap.FlowGenerator    Forward flow closed due to FIN Flag
2026-05-15 20:17:52 DEBUG cic.cs.unb.ca.jnetpcap.FlowGenerator    FlagFIN current has 1205 flow
2026-05-15 20:17:52 DEBUG cic.cs.unb.ca.jnetpcap.FlowGenerator    FlagFIN current has 1205 flow
2026-05-15 20:17:52 DEBUG cic.cs.unb.ca.jnetpcap.FlowGenerator    FlagFIN current has 1205 flow
2026-05-15 20:17:59 INFO  cic.cs.unb.ca.jnetpcap.FlowGenerator    Forward flow closed due to FIN Flag
2026-05-15 20:17:59 INFO  cic.cs.unb.ca.jnetpcap.FlowGenerator    Forward flow closed due to FIN Flag
2026-05-15 20:17:59 DEBUG cic.cs.unb.ca.jnetpcap.FlowGenerator    FlagFIN current has 1208 flow
2026-05-15 20:17:59 DEBUG cic.cs.unb.ca.jnetpcap.FlowGenerator    FlagFIN current has 1208 flow
2026-05-15 20:17:59 INFO  cic.cs.unb.ca.jnetpcap.FlowGenerator    Forward flow closed due to FIN Flag
2026-05-15 20:17:59 INFO  cic.cs.unb.ca.jnetpcap.FlowGenerator    Forward flow closed due to FIN Flag
2026-05-15 20:17:59 DEBUG cic.cs.unb.ca.jnetpcap.FlowGenerator    FlagFIN current has 1211 flow
2026-05-15 20:17:59 DEBUG cic.cs.unb.ca.jnetpcap.FlowGenerator    FlagFIN current has 1211 flow
2026-05-15 20:18:00 INFO  cic.cs.unb.ca.jnetpcap.FlowGenerator    Forward flow closed due to FIN Flag
2026-05-15 20:18:00 INFO  cic.cs.unb.ca.jnetpcap.FlowGenerator    Forward flow closed due to FIN Flag
2026-05-15 20:18:00 DEBUG cic.cs.unb.ca.jnetpcap.FlowGenerator    FlagFIN current has 1216 flow
2026-05-15 20:18:00 DEBUG cic.cs.unb.ca.jnetpcap.FlowGenerator    FlagFIN current has 1216 flow
2026-05-15 20:18:01 INFO  cic.cs.unb.ca.jnetpcap.FlowGenerator    Forward flow closed due to FIN Flag
2026-05-15 20:18:01 INFO  cic.cs.unb.ca.jnetpcap.FlowGenerator    Forward flow closed due to FIN Flag
2026-05-15 20:18:01 INFO  cic.cs.unb.ca.jnetpcap.FlowGenerator    Forward flow closed due to FIN Flag
2026-05-15 20:18:01 DEBUG cic.cs.unb.ca.jnetpcap.FlowGenerator    FlagFIN current has 1223 flow
2026-05-15 20:18:01 DEBUG cic.cs.unb.ca.jnetpcap.FlowGenerator    FlagFIN current has 1223 flow
2026-05-15 20:18:01 DEBUG cic.cs.unb.ca.jnetpcap.FlowGenerator    FlagFIN current has 1223 flow
2026-05-15 20:18:02 INFO  cic.cs.unb.ca.jnetpcap.FlowGenerator    Forward flow closed due to FIN Flag
2026-05-15 20:18:02 DEBUG cic.cs.unb.ca.jnetpcap.FlowGenerator    FlagFIN current has 1223 flow
2026-05-15 20:18:02 INFO  cic.cs.unb.ca.jnetpcap.FlowGenerator    Forward flow closed due to FIN Flag
2026-05-15 20:18:02 DEBUG cic.cs.unb.ca.jnetpcap.FlowGenerator    FlagFIN current has 1225 flow
2026-05-15 20:18:02 INFO  cic.cs.unb.ca.jnetpcap.FlowGenerator    Forward flow closed due to FIN Flag
2026-05-15 20:18:02 DEBUG cic.cs.unb.ca.jnetpcap.FlowGenerator    FlagFIN current has 1225 flow
2026-05-15 20:18:07 INFO  cic.cs.unb.ca.jnetpcap.FlowGenerator    Forward flow closed due to FIN Flag
2026-05-15 20:18:07 INFO  cic.cs.unb.ca.jnetpcap.FlowGenerator    Forward flow closed due to FIN Flag
2026-05-15 20:18:07 INFO  cic.cs.unb.ca.jnetpcap.FlowGenerator    Forward flow closed due to FIN Flag
2026-05-15 20:18:07 INFO  cic.cs.unb.ca.jnetpcap.FlowGenerator    Forward flow closed due to FIN Flag
2026-05-15 20:18:07 DEBUG cic.cs.unb.ca.jnetpcap.FlowGenerator    FlagRST current has 1235 flow
2026-05-15 20:18:07 INFO  cic.cs.unb.ca.jnetpcap.FlowGenerator    Forward flow closed due to FIN Flag
2026-05-15 20:18:07 INFO  cic.cs.unb.ca.jnetpcap.FlowGenerator    Forward flow closed due to FIN Flag
2026-05-15 20:18:07 DEBUG cic.cs.unb.ca.jnetpcap.FlowGenerator    FlagRST current has 1234 flow
2026-05-15 20:18:07 DEBUG cic.cs.unb.ca.jnetpcap.FlowGenerator    FlagRST current has 1233 flow
2026-05-15 20:18:07 INFO  cic.cs.unb.ca.jnetpcap.FlowGenerator    Forward flow closed due to FIN Flag
2026-05-15 20:18:07 INFO  cic.cs.unb.ca.jnetpcap.FlowGenerator    Forward flow closed due to FIN Flag
2026-05-15 20:18:07 DEBUG cic.cs.unb.ca.jnetpcap.FlowGenerator    FlagFIN current has 1235 flow
2026-05-15 20:18:07 DEBUG cic.cs.unb.ca.jnetpcap.FlowGenerator    FlagRST current has 1236 flow
2026-05-15 20:18:07 DEBUG cic.cs.unb.ca.jnetpcap.FlowGenerator    FlagRST current has 1235 flow
2026-05-15 20:18:07 DEBUG cic.cs.unb.ca.jnetpcap.FlowGenerator    FlagFIN current has 1235 flow
2026-05-15 20:18:07 DEBUG cic.cs.unb.ca.jnetpcap.FlowGenerator    FlagFIN current has 1236 flow
2026-05-15 20:18:07 DEBUG cic.cs.unb.ca.jnetpcap.FlowGenerator    FlagFIN current has 1246 flow
2026-05-15 20:18:08 INFO  cic.cs.unb.ca.jnetpcap.FlowGenerator    Forward flow closed due to FIN Flag
2026-05-15 20:18:08 INFO  cic.cs.unb.ca.jnetpcap.FlowGenerator    Forward flow closed due to FIN Flag
2026-05-15 20:18:08 INFO  cic.cs.unb.ca.jnetpcap.FlowGenerator    Forward flow closed due to FIN Flag
2026-05-15 20:18:08 INFO  cic.cs.unb.ca.jnetpcap.FlowGenerator    Forward flow closed due to FIN Flag
2026-05-15 20:18:08 DEBUG cic.cs.unb.ca.jnetpcap.FlowGenerator    FlagRST current has 1247 flow
2026-05-15 20:18:08 DEBUG cic.cs.unb.ca.jnetpcap.FlowGenerator    FlagRST current has 1246 flow
2026-05-15 20:18:08 INFO  cic.cs.unb.ca.jnetpcap.FlowGenerator    Forward flow closed due to FIN Flag
2026-05-15 20:18:08 INFO  cic.cs.unb.ca.jnetpcap.FlowGenerator    Forward flow closed due to FIN Flag
2026-05-15 20:18:08 INFO  cic.cs.unb.ca.jnetpcap.FlowGenerator    Forward flow closed due to FIN Flag
2026-05-15 20:18:08 INFO  cic.cs.unb.ca.jnetpcap.FlowGenerator    Forward flow closed due to FIN Flag
2026-05-15 20:18:08 INFO  cic.cs.unb.ca.jnetpcap.FlowGenerator    Forward flow closed due to FIN Flag
2026-05-15 20:18:08 DEBUG cic.cs.unb.ca.jnetpcap.FlowGenerator    FlagFIN current has 1248 flow
2026-05-15 20:18:08 DEBUG cic.cs.unb.ca.jnetpcap.FlowGenerator    FlagFIN current has 1248 flow
2026-05-15 20:18:08 DEBUG cic.cs.unb.ca.jnetpcap.FlowGenerator    FlagFIN current has 1248 flow
2026-05-15 20:18:08 DEBUG cic.cs.unb.ca.jnetpcap.FlowGenerator    FlagFIN current has 1249 flow
2026-05-15 20:18:08 DEBUG cic.cs.unb.ca.jnetpcap.FlowGenerator    FlagFIN current has 1249 flow
2026-05-15 20:18:08 DEBUG cic.cs.unb.ca.jnetpcap.FlowGenerator    FlagFIN current has 1249 flow
2026-05-15 20:18:08 DEBUG cic.cs.unb.ca.jnetpcap.FlowGenerator    FlagFIN current has 1249 flow
2026-05-15 20:18:08 INFO  cic.cs.unb.ca.jnetpcap.FlowGenerator    Forward flow closed due to FIN Flag
2026-05-15 20:18:08 DEBUG cic.cs.unb.ca.jnetpcap.FlowGenerator    FlagFIN current has 1250 flow
2026-05-15 20:18:08 INFO  cic.cs.unb.ca.jnetpcap.FlowGenerator    Forward flow closed due to FIN Flag
2026-05-15 20:18:08 INFO  cic.cs.unb.ca.jnetpcap.FlowGenerator    Forward flow closed due to FIN Flag
2026-05-15 20:18:08 DEBUG cic.cs.unb.ca.jnetpcap.FlowGenerator    FlagFIN current has 1253 flow
2026-05-15 20:18:08 DEBUG cic.cs.unb.ca.jnetpcap.FlowGenerator    FlagFIN current has 1253 flow
2026-05-15 20:18:10 INFO  cic.cs.unb.ca.jnetpcap.FlowGenerator    Forward flow closed due to FIN Flag
2026-05-15 20:18:10 INFO  cic.cs.unb.ca.jnetpcap.FlowGenerator    Forward flow closed due to FIN Flag
2026-05-15 20:18:10 DEBUG cic.cs.unb.ca.jnetpcap.FlowGenerator    FlagFIN current has 1256 flow
2026-05-15 20:18:10 DEBUG cic.cs.unb.ca.jnetpcap.FlowGenerator    FlagFIN current has 1256 flow
2026-05-15 20:18:22 DEBUG cic.cs.unb.ca.jnetpcap.FlowGenerator    FlagFIN current has 1256 flow
2026-05-15 20:19:06 INFO  cic.cs.unb.ca.jnetpcap.FlowGenerator    Forward flow closed due to FIN Flag
2026-05-15 20:19:06 DEBUG cic.cs.unb.ca.jnetpcap.FlowGenerator    FlagFIN current has 1264 flow
2026-05-15 20:19:08 DEBUG cic.cs.unb.ca.jnetpcap.FlowGenerator    FlagRST current has 1266 flow
2026-05-15 20:19:11 INFO  cic.cs.unb.ca.jnetpcap.FlowGenerator    Forward flow closed due to FIN Flag
2026-05-15 20:19:23 INFO  cic.cs.unb.ca.jnetpcap.FlowGenerator    Forward flow closed due to FIN Flag
2026-05-15 20:19:23 INFO  cic.cs.unb.ca.jnetpcap.FlowGenerator    Forward flow closed due to FIN Flag
2026-05-15 20:19:23 DEBUG cic.cs.unb.ca.jnetpcap.FlowGenerator    FlagFIN current has 1268 flow
2026-05-15 20:19:23 DEBUG cic.cs.unb.ca.jnetpcap.FlowGenerator    FlagFIN current has 1268 flow
2026-05-15 20:19:23 DEBUG cic.cs.unb.ca.jnetpcap.FlowGenerator    FlagFIN current has 1268 flow
2026-05-15 20:19:23 DEBUG cic.cs.unb.ca.jnetpcap.FlowGenerator    FlagFIN current has 1268 flow
2026-05-15 20:19:23 DEBUG cic.cs.unb.ca.jnetpcap.FlowGenerator    FlagFIN current has 1268 flow
2026-05-15 20:19:23 DEBUG cic.cs.unb.ca.jnetpcap.FlowGenerator    FlagFIN current has 1268 flow
2026-05-15 20:19:45 INFO  cic.cs.unb.ca.jnetpcap.FlowGenerator    Forward flow closed due to FIN Flag
2026-05-15 20:19:45 INFO  cic.cs.unb.ca.jnetpcap.FlowGenerator    Forward flow closed due to FIN Flag
2026-05-15 20:19:45 DEBUG cic.cs.unb.ca.jnetpcap.FlowGenerator    FlagFIN current has 1272 flow
2026-05-15 20:19:45 DEBUG cic.cs.unb.ca.jnetpcap.FlowGenerator    FlagFIN current has 1272 flow
2026-05-15 20:19:46 DEBUG cic.cs.unb.ca.jnetpcap.FlowGenerator    FlagFIN current has 1274 flow
2026-05-15 20:19:46 INFO  cic.cs.unb.ca.jnetpcap.FlowGenerator    Forward flow closed due to FIN Flag
2026-05-15 20:19:56 DEBUG cic.cs.unb.ca.jnetpcap.FlowGenerator    FlagFIN current has 1274 flow
2026-05-15 20:19:56 INFO  cic.cs.unb.ca.jnetpcap.FlowGenerator    Forward flow closed due to FIN Flag
2026-05-15 20:20:00 INFO  cic.cs.unb.ca.jnetpcap.FlowGenerator    Forward flow closed due to FIN Flag
2026-05-15 20:20:00 INFO  cic.cs.unb.ca.jnetpcap.FlowGenerator    Forward flow closed due to FIN Flag
2026-05-15 20:20:00 DEBUG cic.cs.unb.ca.jnetpcap.FlowGenerator    FlagFIN current has 1278 flow
2026-05-15 20:20:00 DEBUG cic.cs.unb.ca.jnetpcap.FlowGenerator    FlagFIN current has 1278 flow
2026-05-15 20:20:06 INFO  cic.cs.unb.ca.jnetpcap.FlowGenerator    Forward flow closed due to FIN Flag
2026-05-15 20:20:06 INFO  cic.cs.unb.ca.jnetpcap.FlowGenerator    Forward flow closed due to FIN Flag
2026-05-15 20:20:32 DEBUG cic.cs.unb.ca.jnetpcap.FlowGenerator    FlagFIN current has 1280 flow
2026-05-15 20:20:41 INFO  cic.cs.unb.ca.jnetpcap.FlowGenerator    Forward flow closed due to FIN Flag
2026-05-15 20:20:41 DEBUG cic.cs.unb.ca.jnetpcap.FlowGenerator    FlagRST current has 1280 flow
2026-05-15 20:20:41 INFO  cic.cs.unb.ca.jnetpcap.FlowGenerator    Forward flow closed due to FIN Flag
2026-05-15 20:20:41 WARN  cic.cs.unb.ca.jnetpcap.FlowGenerator    Forward flow received 2 FIN packets
2026-05-15 20:20:41 WARN  cic.cs.unb.ca.jnetpcap.FlowGenerator    Forward flow received 3 FIN packets
2026-05-15 20:20:41 WARN  cic.cs.unb.ca.jnetpcap.FlowGenerator    Forward flow received 4 FIN packets
2026-05-15 20:21:06 INFO  cic.cs.unb.ca.jnetpcap.FlowGenerator    Forward flow closed due to FIN Flag
2026-05-15 20:21:06 DEBUG cic.cs.unb.ca.jnetpcap.FlowGenerator    FlagFIN current has 1284 flow
2026-05-15 20:21:06 INFO  cic.cs.unb.ca.jnetpcap.FlowGenerator    Forward flow closed due to FIN Flag
2026-05-15 20:21:06 INFO  cic.cs.unb.ca.jnetpcap.FlowGenerator    Forward flow closed due to FIN Flag
2026-05-15 20:21:06 DEBUG cic.cs.unb.ca.jnetpcap.FlowGenerator    FlagFIN current has 1285 flow
2026-05-15 20:21:06 INFO  cic.cs.unb.ca.jnetpcap.FlowGenerator    Forward flow closed due to FIN Flag
2026-05-15 20:21:06 INFO  cic.cs.unb.ca.jnetpcap.FlowGenerator    Forward flow closed due to FIN Flag
2026-05-15 20:21:06 DEBUG cic.cs.unb.ca.jnetpcap.FlowGenerator    FlagFIN current has 1286 flow
2026-05-15 20:21:06 DEBUG cic.cs.unb.ca.jnetpcap.FlowGenerator    FlagFIN current has 1286 flow
2026-05-15 20:21:11 INFO  cic.cs.unb.ca.jnetpcap.FlowGenerator    Forward flow closed due to FIN Flag
2026-05-15 20:21:11 DEBUG cic.cs.unb.ca.jnetpcap.FlowGenerator    FlagRST current has 1292 flow
2026-05-15 20:21:11 INFO  cic.cs.unb.ca.jnetpcap.FlowGenerator    Forward flow closed due to FIN Flag
2026-05-15 20:21:11 DEBUG cic.cs.unb.ca.jnetpcap.FlowGenerator    FlagFIN current has 1291 flow
2026-05-15 20:21:35 DEBUG cic.cs.unb.ca.jnetpcap.FlowGenerator    FlagFIN current has 1291 flow
2026-05-15 20:21:35 INFO  cic.cs.unb.ca.jnetpcap.FlowGenerator    Forward flow closed due to FIN Flag
2026-05-15 20:21:35 INFO  cic.cs.unb.ca.jnetpcap.FlowGenerator    Forward flow closed due to FIN Flag
2026-05-15 20:21:35 DEBUG cic.cs.unb.ca.jnetpcap.FlowGenerator    FlagFIN current has 1291 flow
2026-05-15 20:21:35 DEBUG cic.cs.unb.ca.jnetpcap.FlowGenerator    FlagFIN current has 1291 flow
2026-05-15 20:21:37 DEBUG cic.cs.unb.ca.jnetpcap.FlowGenerator    FlagRST current has 1296 flow
2026-05-15 20:21:43 DEBUG cic.cs.unb.ca.jnetpcap.FlowGenerator    FlagRST current has 1303 flow
2026-05-15 20:21:53 INFO  cic.cs.unb.ca.jnetpcap.FlowGenerator    Forward flow closed due to FIN Flag
2026-05-15 20:21:53 INFO  cic.cs.unb.ca.jnetpcap.FlowGenerator    Forward flow closed due to FIN Flag
2026-05-15 20:21:53 DEBUG cic.cs.unb.ca.jnetpcap.FlowGenerator    FlagRST current has 1310 flow
2026-05-15 20:21:53 DEBUG cic.cs.unb.ca.jnetpcap.FlowGenerator    FlagRST current has 1309 flow
2026-05-15 20:21:53 INFO  cic.cs.unb.ca.jnetpcap.FlowGenerator    Forward flow closed due to FIN Flag
2026-05-15 20:22:06 DEBUG cic.cs.unb.ca.jnetpcap.FlowGenerator    FlagFIN current has 1310 flow
2026-05-15 20:22:06 INFO  cic.cs.unb.ca.jnetpcap.FlowGenerator    Forward flow closed due to FIN Flag
2026-05-15 20:22:06 DEBUG cic.cs.unb.ca.jnetpcap.FlowGenerator    FlagFIN current has 1312 flow
2026-05-15 20:22:06 INFO  cic.cs.unb.ca.jnetpcap.FlowGenerator    Forward flow closed due to FIN Flag
2026-05-15 20:22:06 DEBUG cic.cs.unb.ca.jnetpcap.FlowGenerator    FlagFIN current has 1312 flow
2026-05-15 20:22:06 INFO  cic.cs.unb.ca.jnetpcap.FlowGenerator    Forward flow closed due to FIN Flag
2026-05-15 20:22:06 DEBUG cic.cs.unb.ca.jnetpcap.FlowGenerator    FlagFIN current has 1315 flow
2026-05-15 20:22:06 INFO  cic.cs.unb.ca.jnetpcap.FlowGenerator    Forward flow closed due to FIN Flag
2026-05-15 20:22:06 DEBUG cic.cs.unb.ca.jnetpcap.FlowGenerator    FlagFIN current has 1316 flow
2026-05-15 20:22:08 INFO  cic.cs.unb.ca.jnetpcap.FlowGenerator    Forward flow closed due to FIN Flag
2026-05-15 20:22:08 INFO  cic.cs.unb.ca.jnetpcap.FlowGenerator    Forward flow closed due to FIN Flag
2026-05-15 20:22:08 DEBUG cic.cs.unb.ca.jnetpcap.FlowGenerator    FlagFIN current has 1318 flow
2026-05-15 20:22:08 DEBUG cic.cs.unb.ca.jnetpcap.FlowGenerator    FlagFIN current has 1319 flow
2026-05-15 20:22:11 INFO  cic.cs.unb.ca.jnetpcap.FlowGenerator    Forward flow closed due to FIN Flag
2026-05-15 20:22:11 INFO  cic.cs.unb.ca.jnetpcap.FlowGenerator    Forward flow closed due to FIN Flag
2026-05-15 20:22:11 INFO  cic.cs.unb.ca.jnetpcap.FlowGenerator    Forward flow closed due to FIN Flag
2026-05-15 20:22:11 DEBUG cic.cs.unb.ca.jnetpcap.FlowGenerator    FlagFIN current has 1319 flow
2026-05-15 20:22:11 DEBUG cic.cs.unb.ca.jnetpcap.FlowGenerator    FlagFIN current has 1319 flow
2026-05-15 20:22:11 DEBUG cic.cs.unb.ca.jnetpcap.FlowGenerator    FlagFIN current has 1319 flow
2026-05-15 20:22:37 DEBUG cic.cs.unb.ca.jnetpcap.FlowGenerator    FlagFIN current has 1319 flow
2026-05-15 20:22:44 INFO  cic.cs.unb.ca.jnetpcap.FlowGenerator    Forward flow closed due to FIN Flag
2026-05-15 20:22:44 INFO  cic.cs.unb.ca.jnetpcap.FlowGenerator    Forward flow closed due to FIN Flag
2026-05-15 20:22:44 DEBUG cic.cs.unb.ca.jnetpcap.FlowGenerator    FlagFIN current has 1323 flow
2026-05-15 20:22:44 DEBUG cic.cs.unb.ca.jnetpcap.FlowGenerator    FlagFIN current has 1323 flow
2026-05-15 20:22:49 INFO  cic.cs.unb.ca.jnetpcap.FlowGenerator    Forward flow closed due to FIN Flag
2026-05-15 20:22:49 DEBUG cic.cs.unb.ca.jnetpcap.FlowGenerator    FlagFIN current has 1325 flow
2026-05-15 20:22:49 INFO  cic.cs.unb.ca.jnetpcap.FlowGenerator    Forward flow closed due to FIN Flag
2026-05-15 20:22:49 DEBUG cic.cs.unb.ca.jnetpcap.FlowGenerator    FlagFIN current has 1327 flow
2026-05-15 20:23:00 INFO  cic.cs.unb.ca.jnetpcap.FlowGenerator    Forward flow closed due to FIN Flag
2026-05-15 20:23:00 INFO  cic.cs.unb.ca.jnetpcap.FlowGenerator    Forward flow closed due to FIN Flag
2026-05-15 20:23:00 DEBUG cic.cs.unb.ca.jnetpcap.FlowGenerator    FlagFIN current has 1330 flow
2026-05-15 20:23:00 DEBUG cic.cs.unb.ca.jnetpcap.FlowGenerator    FlagFIN current has 1331 flow
2026-05-15 20:23:05 INFO  cic.cs.unb.ca.jnetpcap.FlowGenerator    Forward flow closed due to FIN Flag
2026-05-15 20:23:05 DEBUG cic.cs.unb.ca.jnetpcap.FlowGenerator    FlagFIN current has 1331 flow
2026-05-15 20:23:11 INFO  cic.cs.unb.ca.jnetpcap.FlowGenerator    Forward flow closed due to FIN Flag
2026-05-15 20:23:11 INFO  cic.cs.unb.ca.jnetpcap.FlowGenerator    Forward flow closed due to FIN Flag
2026-05-15 20:23:11 DEBUG cic.cs.unb.ca.jnetpcap.FlowGenerator    FlagFIN current has 1332 flow
2026-05-15 20:23:11 DEBUG cic.cs.unb.ca.jnetpcap.FlowGenerator    FlagRST current has 1332 flow
2026-05-15 20:23:11 DEBUG cic.cs.unb.ca.jnetpcap.FlowGenerator    FlagFIN current has 1331 flow
2026-05-15 20:23:11 INFO  cic.cs.unb.ca.jnetpcap.FlowGenerator    Forward flow closed due to FIN Flag
2026-05-15 20:23:22 INFO  cic.cs.unb.ca.jnetpcap.FlowGenerator    Forward flow closed due to FIN Flag
2026-05-15 20:23:22 INFO  cic.cs.unb.ca.jnetpcap.FlowGenerator    Forward flow closed due to FIN Flag
2026-05-15 20:23:22 DEBUG cic.cs.unb.ca.jnetpcap.FlowGenerator    FlagFIN current has 1333 flow
2026-05-15 20:23:22 DEBUG cic.cs.unb.ca.jnetpcap.FlowGenerator    FlagFIN current has 1333 flow
2026-05-15 20:23:22 DEBUG cic.cs.unb.ca.jnetpcap.FlowGenerator    FlagFIN current has 1333 flow
2026-05-15 20:23:28 INFO  cic.cs.unb.ca.jnetpcap.FlowGenerator    Forward flow closed due to FIN Flag
2026-05-15 20:23:28 INFO  cic.cs.unb.ca.jnetpcap.FlowGenerator    Forward flow closed due to FIN Flag
2026-05-15 20:23:28 INFO  cic.cs.unb.ca.jnetpcap.FlowGenerator    Forward flow closed due to FIN Flag
2026-05-15 20:23:28 INFO  cic.cs.unb.ca.jnetpcap.FlowGenerator    Forward flow closed due to FIN Flag
2026-05-15 20:23:28 DEBUG cic.cs.unb.ca.jnetpcap.FlowGenerator    FlagFIN current has 1336 flow
2026-05-15 20:23:55 DEBUG cic.cs.unb.ca.jnetpcap.FlowGenerator    FlagFIN current has 1336 flow
2026-05-15 20:23:55 DEBUG cic.cs.unb.ca.jnetpcap.FlowGenerator    FlagFIN current has 1336 flow
2026-05-15 20:23:55 DEBUG cic.cs.unb.ca.jnetpcap.FlowGenerator    FlagFIN current has 1336 flow
2026-05-15 20:23:55 DEBUG cic.cs.unb.ca.jnetpcap.FlowGenerator    FlagFIN current has 1336 flow
2026-05-15 20:23:55 INFO  cic.cs.unb.ca.jnetpcap.FlowGenerator    Forward flow closed due to FIN Flag
2026-05-15 20:23:55 DEBUG cic.cs.unb.ca.jnetpcap.FlowGenerator    FlagFIN current has 1336 flow
2026-05-15 20:24:06 INFO  cic.cs.unb.ca.jnetpcap.FlowGenerator    Forward flow closed due to FIN Flag
2026-05-15 20:24:06 DEBUG cic.cs.unb.ca.jnetpcap.FlowGenerator    FlagFIN current has 1342 flow
2026-05-15 20:24:06 INFO  cic.cs.unb.ca.jnetpcap.FlowGenerator    Forward flow closed due to FIN Flag
2026-05-15 20:24:06 DEBUG cic.cs.unb.ca.jnetpcap.FlowGenerator    FlagRST current has 1343 flow
2026-05-15 20:24:08 INFO  cic.cs.unb.ca.jnetpcap.FlowGenerator    Forward flow closed due to FIN Flag
2026-05-15 20:24:08 INFO  cic.cs.unb.ca.jnetpcap.FlowGenerator    Forward flow closed due to FIN Flag
2026-05-15 20:24:08 DEBUG cic.cs.unb.ca.jnetpcap.FlowGenerator    FlagFIN current has 1347 flow
2026-05-15 20:24:08 DEBUG cic.cs.unb.ca.jnetpcap.FlowGenerator    FlagFIN current has 1347 flow
2026-05-15 20:24:37 INFO  cic.cs.unb.ca.jnetpcap.FlowGenerator    Forward flow closed due to FIN Flag
2026-05-15 20:24:37 DEBUG cic.cs.unb.ca.jnetpcap.FlowGenerator    FlagFIN current has 1349 flow
2026-05-15 20:24:37 INFO  cic.cs.unb.ca.jnetpcap.FlowGenerator    Forward flow closed due to FIN Flag
2026-05-15 20:24:37 DEBUG cic.cs.unb.ca.jnetpcap.FlowGenerator    FlagFIN current has 1349 flow
2026-05-15 20:24:37 DEBUG cic.cs.unb.ca.jnetpcap.FlowGenerator    FlagFIN current has 1349 flow
2026-05-15 20:24:37 DEBUG cic.cs.unb.ca.jnetpcap.FlowGenerator    FlagFIN current has 1349 flow
2026-05-15 20:24:37 DEBUG cic.cs.unb.ca.jnetpcap.FlowGenerator    FlagFIN current has 1349 flow
2026-05-15 20:24:37 DEBUG cic.cs.unb.ca.jnetpcap.FlowGenerator    FlagFIN current has 1349 flow
2026-05-15 20:24:37 INFO  cic.cs.unb.ca.jnetpcap.FlowGenerator    Forward flow closed due to FIN Flag
2026-05-15 20:24:37 DEBUG cic.cs.unb.ca.jnetpcap.FlowGenerator    FlagFIN current has 1369 flow
2026-05-15 20:24:37 INFO  cic.cs.unb.ca.jnetpcap.FlowGenerator    Forward flow closed due to FIN Flag
2026-05-15 20:24:37 DEBUG cic.cs.unb.ca.jnetpcap.FlowGenerator    FlagRST current has 1368 flow
2026-05-15 20:24:37 INFO  cic.cs.unb.ca.jnetpcap.FlowGenerator    Forward flow closed due to FIN Flag
2026-05-15 20:24:37 DEBUG cic.cs.unb.ca.jnetpcap.FlowGenerator    FlagFIN current has 1367 flow
2026-05-15 20:24:50 DEBUG cic.cs.unb.ca.jnetpcap.FlowGenerator    FlagFIN current has 1371 flow
2026-05-15 20:24:50 DEBUG cic.cs.unb.ca.jnetpcap.FlowGenerator    FlagRST current has 1370 flow
2026-05-15 20:24:50 DEBUG cic.cs.unb.ca.jnetpcap.FlowGenerator    FlagFIN current has 1371 flow
2026-05-15 20:24:50 DEBUG cic.cs.unb.ca.jnetpcap.FlowGenerator    FlagRST current has 1373 flow
2026-05-15 20:24:50 DEBUG cic.cs.unb.ca.jnetpcap.FlowGenerator    FlagFIN current has 1373 flow
2026-05-15 20:24:50 DEBUG cic.cs.unb.ca.jnetpcap.FlowGenerator    FlagRST current has 1373 flow
2026-05-15 20:24:50 DEBUG cic.cs.unb.ca.jnetpcap.FlowGenerator    FlagFIN current has 1382 flow
2026-05-15 20:24:50 INFO  cic.cs.unb.ca.jnetpcap.FlowGenerator    Forward flow closed due to FIN Flag
2026-05-15 20:24:50 WARN  cic.cs.unb.ca.jnetpcap.FlowGenerator    Forward flow received 2 FIN packets
2026-05-15 20:24:50 DEBUG cic.cs.unb.ca.jnetpcap.FlowGenerator    FlagRST current has 1382 flow
2026-05-15 20:24:50 INFO  cic.cs.unb.ca.jnetpcap.FlowGenerator    Forward flow closed due to FIN Flag
2026-05-15 20:24:50 DEBUG cic.cs.unb.ca.jnetpcap.FlowGenerator    FlagFIN current has 1382 flow
2026-05-15 20:25:06 DEBUG cic.cs.unb.ca.jnetpcap.FlowGenerator    FlagFIN current has 1383 flow
2026-05-15 20:25:06 INFO  cic.cs.unb.ca.jnetpcap.FlowGenerator    Forward flow closed due to FIN Flag
2026-05-15 20:25:06 DEBUG cic.cs.unb.ca.jnetpcap.FlowGenerator    FlagFIN current has 1383 flow
2026-05-15 20:25:06 DEBUG cic.cs.unb.ca.jnetpcap.FlowGenerator    FlagFIN current has 1383 flow
2026-05-15 20:25:06 INFO  cic.cs.unb.ca.jnetpcap.FlowGenerator    Forward flow closed due to FIN Flag
2026-05-15 20:25:06 DEBUG cic.cs.unb.ca.jnetpcap.FlowGenerator    FlagFIN current has 1383 flow
2026-05-15 20:25:06 INFO  cic.cs.unb.ca.jnetpcap.FlowGenerator    Forward flow closed due to FIN Flag
2026-05-15 20:25:06 INFO  cic.cs.unb.ca.jnetpcap.FlowGenerator    Forward flow closed due to FIN Flag
2026-05-15 20:25:11 WARN  cic.cs.unb.ca.jnetpcap.FlowGenerator    Forward flow received 2 FIN packets
2026-05-15 20:26:06 DEBUG cic.cs.unb.ca.jnetpcap.FlowGenerator    FlagFIN current has 1388 flow
2026-05-15 20:26:06 DEBUG cic.cs.unb.ca.jnetpcap.FlowGenerator    FlagFIN current has 1388 flow
2026-05-15 20:26:06 DEBUG cic.cs.unb.ca.jnetpcap.FlowGenerator    FlagFIN current has 1388 flow
2026-05-15 20:26:06 INFO  cic.cs.unb.ca.jnetpcap.FlowGenerator    Forward flow closed due to FIN Flag
2026-05-15 20:26:06 INFO  cic.cs.unb.ca.jnetpcap.FlowGenerator    Forward flow closed due to FIN Flag
2026-05-15 20:26:06 INFO  cic.cs.unb.ca.jnetpcap.FlowGenerator    Forward flow closed due to FIN Flag
2026-05-15 20:26:06 INFO  cic.cs.unb.ca.jnetpcap.FlowGenerator    Forward flow closed due to FIN Flag
2026-05-15 20:26:06 DEBUG cic.cs.unb.ca.jnetpcap.FlowGenerator    FlagFIN current has 1391 flow
2026-05-15 20:26:06 DEBUG cic.cs.unb.ca.jnetpcap.FlowGenerator    FlagFIN current has 1391 flow
2026-05-15 20:26:08 INFO  cic.cs.unb.ca.jnetpcap.FlowGenerator    Forward flow closed due to FIN Flag
2026-05-15 20:26:08 INFO  cic.cs.unb.ca.jnetpcap.FlowGenerator    Forward flow closed due to FIN Flag
2026-05-15 20:26:08 DEBUG cic.cs.unb.ca.jnetpcap.FlowGenerator    FlagFIN current has 1395 flow
2026-05-15 20:26:08 DEBUG cic.cs.unb.ca.jnetpcap.FlowGenerator    FlagFIN current has 1395 flow
2026-05-15 20:26:11 DEBUG cic.cs.unb.ca.jnetpcap.FlowGenerator    FlagRST current has 1396 flow
2026-05-15 20:26:27 DEBUG cic.cs.unb.ca.jnetpcap.FlowGenerator    FlagFIN current has 1396 flow
2026-05-15 20:26:27 DEBUG cic.cs.unb.ca.jnetpcap.FlowGenerator    FlagFIN current has 1396 flow
2026-05-15 20:26:27 INFO  cic.cs.unb.ca.jnetpcap.FlowGenerator    Forward flow closed due to FIN Flag
2026-05-15 20:26:27 DEBUG cic.cs.unb.ca.jnetpcap.FlowGenerator    FlagFIN current has 1416 flow
2026-05-15 20:26:27 INFO  cic.cs.unb.ca.jnetpcap.FlowGenerator    Forward flow closed due to FIN Flag
2026-05-15 20:26:27 DEBUG cic.cs.unb.ca.jnetpcap.FlowGenerator    FlagFIN current has 1415 flow
2026-05-15 20:26:27 INFO  cic.cs.unb.ca.jnetpcap.FlowGenerator    Forward flow closed due to FIN Flag
2026-05-15 20:26:27 DEBUG cic.cs.unb.ca.jnetpcap.FlowGenerator    FlagRST current has 1414 flow
2026-05-15 20:26:27 DEBUG cic.cs.unb.ca.jnetpcap.FlowGenerator    FlagFIN current has 1418 flow
2026-05-15 20:26:27 DEBUG cic.cs.unb.ca.jnetpcap.FlowGenerator    FlagRST current has 1417 flow
2026-05-15 20:26:27 DEBUG cic.cs.unb.ca.jnetpcap.FlowGenerator    FlagFIN current has 1419 flow
2026-05-15 20:26:27 DEBUG cic.cs.unb.ca.jnetpcap.FlowGenerator    FlagRST current has 1418 flow
2026-05-15 20:26:27 DEBUG cic.cs.unb.ca.jnetpcap.FlowGenerator    FlagFIN current has 1420 flow
2026-05-15 20:26:27 DEBUG cic.cs.unb.ca.jnetpcap.FlowGenerator    FlagRST current has 1419 flow
2026-05-15 20:26:27 INFO  cic.cs.unb.ca.jnetpcap.FlowGenerator    Forward flow closed due to FIN Flag
2026-05-15 20:26:27 DEBUG cic.cs.unb.ca.jnetpcap.FlowGenerator    FlagFIN current has 1430 flow
2026-05-15 20:26:44 INFO  cic.cs.unb.ca.jnetpcap.FlowGenerator    Forward flow closed due to FIN Flag
2026-05-15 20:26:44 DEBUG cic.cs.unb.ca.jnetpcap.FlowGenerator    FlagFIN current has 1431 flow
2026-05-15 20:27:06 INFO  cic.cs.unb.ca.jnetpcap.FlowGenerator    Forward flow closed due to FIN Flag
2026-05-15 20:27:07 INFO  cic.cs.unb.ca.jnetpcap.FlowGenerator    Forward flow closed due to FIN Flag
2026-05-15 20:27:07 DEBUG cic.cs.unb.ca.jnetpcap.FlowGenerator    FlagFIN current has 1436 flow
2026-05-15 20:27:07 DEBUG cic.cs.unb.ca.jnetpcap.FlowGenerator    FlagFIN current has 1435 flow
2026-05-15 20:27:07 INFO  cic.cs.unb.ca.jnetpcap.FlowGenerator    Forward flow closed due to FIN Flag
2026-05-15 20:27:07 DEBUG cic.cs.unb.ca.jnetpcap.FlowGenerator    FlagFIN current has 1441 flow
2026-05-15 20:27:07 INFO  cic.cs.unb.ca.jnetpcap.FlowGenerator    Forward flow closed due to FIN Flag
2026-05-15 20:27:07 INFO  cic.cs.unb.ca.jnetpcap.FlowGenerator    Forward flow closed due to FIN Flag
2026-05-15 20:27:07 DEBUG cic.cs.unb.ca.jnetpcap.FlowGenerator    FlagFIN current has 1442 flow
2026-05-15 20:27:07 DEBUG cic.cs.unb.ca.jnetpcap.FlowGenerator    FlagFIN current has 1442 flow
2026-05-15 20:27:51 DEBUG cic.cs.unb.ca.jnetpcap.FlowGenerator    FlagFIN current has 1442 flow
2026-05-15 20:27:51 DEBUG cic.cs.unb.ca.jnetpcap.FlowGenerator    FlagFIN current has 1442 flow
2026-05-15 20:27:51 DEBUG cic.cs.unb.ca.jnetpcap.FlowGenerator    FlagFIN current has 1442 flow
2026-05-15 20:27:51 DEBUG cic.cs.unb.ca.jnetpcap.FlowGenerator    FlagFIN current has 1442 flow
2026-05-15 20:28:06 INFO  cic.cs.unb.ca.jnetpcap.FlowGenerator    Forward flow closed due to FIN Flag
2026-05-15 20:28:08 INFO  cic.cs.unb.ca.jnetpcap.FlowGenerator    Forward flow closed due to FIN Flag
2026-05-15 20:28:08 INFO  cic.cs.unb.ca.jnetpcap.FlowGenerator    Forward flow closed due to FIN Flag
2026-05-15 20:28:08 DEBUG cic.cs.unb.ca.jnetpcap.FlowGenerator    FlagFIN current has 1446 flow
2026-05-15 20:28:08 DEBUG cic.cs.unb.ca.jnetpcap.FlowGenerator    FlagFIN current has 1447 flow
2026-05-15 20:28:11 INFO  cic.cs.unb.ca.jnetpcap.FlowGenerator    Forward flow closed due to FIN Flag
2026-05-15 20:28:22 INFO  cic.cs.unb.ca.jnetpcap.FlowGenerator    Forward flow closed due to FIN Flag
2026-05-15 20:28:22 INFO  cic.cs.unb.ca.jnetpcap.FlowGenerator    Forward flow closed due to FIN Flag
2026-05-15 20:28:22 DEBUG cic.cs.unb.ca.jnetpcap.FlowGenerator    FlagFIN current has 1449 flow
2026-05-15 20:28:22 DEBUG cic.cs.unb.ca.jnetpcap.FlowGenerator    FlagFIN current has 1449 flow
2026-05-15 20:28:22 DEBUG cic.cs.unb.ca.jnetpcap.FlowGenerator    FlagFIN current has 1449 flow
2026-05-15 20:28:22 DEBUG cic.cs.unb.ca.jnetpcap.FlowGenerator    FlagFIN current has 1449 flow
2026-05-15 20:28:22 DEBUG cic.cs.unb.ca.jnetpcap.FlowGenerator    FlagFIN current has 1449 flow
2026-05-15 20:28:22 DEBUG cic.cs.unb.ca.jnetpcap.FlowGenerator    FlagFIN current has 1449 flow
2026-05-15 20:28:22 DEBUG cic.cs.unb.ca.jnetpcap.FlowGenerator    FlagFIN current has 1449 flow
2026-05-15 20:28:23 INFO  cic.cs.unb.ca.jnetpcap.FlowGenerator    Forward flow closed due to FIN Flag
2026-05-15 20:28:23 INFO  cic.cs.unb.ca.jnetpcap.FlowGenerator    Forward flow closed due to FIN Flag
2026-05-15 20:28:23 INFO  cic.cs.unb.ca.jnetpcap.FlowGenerator    Forward flow closed due to FIN Flag
2026-05-15 20:28:24 INFO  cic.cs.unb.ca.jnetpcap.FlowGenerator    Forward flow closed due to FIN Flag
2026-05-15 20:28:24 DEBUG cic.cs.unb.ca.jnetpcap.FlowGenerator    FlagFIN current has 1463 flow
2026-05-15 20:28:25 DEBUG cic.cs.unb.ca.jnetpcap.FlowGenerator    FlagFIN current has 1465 flow
2026-05-15 20:28:25 DEBUG cic.cs.unb.ca.jnetpcap.FlowGenerator    FlagFIN current has 1465 flow
2026-05-15 20:28:36 INFO  cic.cs.unb.ca.jnetpcap.FlowGenerator    Forward flow closed due to FIN Flag
2026-05-15 20:28:36 DEBUG cic.cs.unb.ca.jnetpcap.FlowGenerator    FlagFIN current has 1498 flow
2026-05-15 20:28:36 INFO  cic.cs.unb.ca.jnetpcap.FlowGenerator    Forward flow closed due to FIN Flag
2026-05-15 20:28:36 DEBUG cic.cs.unb.ca.jnetpcap.FlowGenerator    FlagFIN current has 1497 flow
2026-05-15 20:28:36 INFO  cic.cs.unb.ca.jnetpcap.FlowGenerator    Forward flow closed due to FIN Flag
2026-05-15 20:28:36 DEBUG cic.cs.unb.ca.jnetpcap.FlowGenerator    FlagRST current has 1496 flow
2026-05-15 20:28:36 DEBUG cic.cs.unb.ca.jnetpcap.FlowGenerator    FlagFIN current has 1500 flow
2026-05-15 20:28:36 DEBUG cic.cs.unb.ca.jnetpcap.FlowGenerator    FlagRST current has 1499 flow
2026-05-15 20:28:36 DEBUG cic.cs.unb.ca.jnetpcap.FlowGenerator    FlagFIN current has 1501 flow
2026-05-15 20:28:36 DEBUG cic.cs.unb.ca.jnetpcap.FlowGenerator    FlagRST current has 1500 flow
2026-05-15 20:28:36 DEBUG cic.cs.unb.ca.jnetpcap.FlowGenerator    FlagRST current has 1502 flow
2026-05-15 20:28:36 DEBUG cic.cs.unb.ca.jnetpcap.FlowGenerator    FlagFIN current has 1502 flow
2026-05-15 20:28:50 INFO  cic.cs.unb.ca.jnetpcap.FlowGenerator    Forward flow closed due to FIN Flag
2026-05-15 20:28:50 DEBUG cic.cs.unb.ca.jnetpcap.FlowGenerator    FlagFIN current has 1514 flow
2026-05-15 20:28:56 INFO  cic.cs.unb.ca.jnetpcap.FlowGenerator    Forward flow closed due to FIN Flag
2026-05-15 20:28:56 DEBUG cic.cs.unb.ca.jnetpcap.FlowGenerator    FlagFIN current has 1524 flow
2026-05-15 20:29:34 INFO  cic.cs.unb.ca.jnetpcap.FlowGenerator    Forward flow closed due to FIN Flag
2026-05-15 20:29:34 DEBUG cic.cs.unb.ca.jnetpcap.FlowGenerator    FlagRST current has 1536 flow
2026-05-15 20:29:40 INFO  cic.cs.unb.ca.jnetpcap.FlowGenerator    Forward flow closed due to FIN Flag
2026-05-15 20:29:40 INFO  cic.cs.unb.ca.jnetpcap.FlowGenerator    Forward flow closed due to FIN Flag
2026-05-15 20:29:40 DEBUG cic.cs.unb.ca.jnetpcap.FlowGenerator    FlagFIN current has 1556 flow
2026-05-15 20:29:40 DEBUG cic.cs.unb.ca.jnetpcap.FlowGenerator    FlagFIN current has 1555 flow
2026-05-15 20:29:40 INFO  cic.cs.unb.ca.jnetpcap.FlowGenerator    Forward flow closed due to FIN Flag
2026-05-15 20:29:40 DEBUG cic.cs.unb.ca.jnetpcap.FlowGenerator    FlagRST current has 1554 flow
2026-05-15 20:29:40 DEBUG cic.cs.unb.ca.jnetpcap.FlowGenerator    FlagFIN current has 1558 flow
2026-05-15 20:29:40 DEBUG cic.cs.unb.ca.jnetpcap.FlowGenerator    FlagRST current has 1557 flow
2026-05-15 20:29:40 DEBUG cic.cs.unb.ca.jnetpcap.FlowGenerator    FlagRST current has 1559 flow
2026-05-15 20:29:40 DEBUG cic.cs.unb.ca.jnetpcap.FlowGenerator    FlagFIN current has 1558 flow
2026-05-15 20:29:40 DEBUG cic.cs.unb.ca.jnetpcap.FlowGenerator    FlagRST current has 1560 flow
2026-05-15 20:29:40 DEBUG cic.cs.unb.ca.jnetpcap.FlowGenerator    FlagFIN current has 1559 flow
2026-05-15 20:29:43 INFO  cic.cs.unb.ca.jnetpcap.FlowGenerator    Forward flow closed due to FIN Flag
2026-05-15 20:29:43 DEBUG cic.cs.unb.ca.jnetpcap.FlowGenerator    FlagFIN current has 1569 flow
2026-05-15 20:29:43 DEBUG cic.cs.unb.ca.jnetpcap.FlowGenerator    FlagFIN current has 1570 flow
2026-05-15 20:29:43 DEBUG cic.cs.unb.ca.jnetpcap.FlowGenerator    FlagFIN current has 1571 flow
2026-05-15 20:29:43 DEBUG cic.cs.unb.ca.jnetpcap.FlowGenerator    FlagFIN current has 1572 flow
2026-05-15 20:29:43 INFO  cic.cs.unb.ca.jnetpcap.FlowGenerator    Forward flow closed due to FIN Flag
2026-05-15 20:29:45 DEBUG cic.cs.unb.ca.jnetpcap.FlowGenerator    FlagFIN current has 1573 flow
2026-05-15 20:29:45 INFO  cic.cs.unb.ca.jnetpcap.FlowGenerator    Forward flow closed due to FIN Flag
2026-05-15 20:29:45 DEBUG cic.cs.unb.ca.jnetpcap.FlowGenerator    FlagFIN current has 1574 flow
2026-05-15 20:29:45 INFO  cic.cs.unb.ca.jnetpcap.FlowGenerator    Forward flow closed due to FIN Flag
2026-05-15 20:29:45 DEBUG cic.cs.unb.ca.jnetpcap.FlowGenerator    FlagFIN current has 1575 flow
2026-05-15 20:29:45 INFO  cic.cs.unb.ca.jnetpcap.FlowGenerator    Forward flow closed due to FIN Flag
2026-05-15 20:29:45 DEBUG cic.cs.unb.ca.jnetpcap.FlowGenerator    FlagFIN current has 1576 flow
2026-05-15 20:29:45 INFO  cic.cs.unb.ca.jnetpcap.FlowGenerator    Forward flow closed due to FIN Flag
2026-05-15 20:29:45 DEBUG cic.cs.unb.ca.jnetpcap.FlowGenerator    FlagFIN current has 1577 flow
2026-05-15 20:29:45 INFO  cic.cs.unb.ca.jnetpcap.FlowGenerator    Forward flow closed due to FIN Flag
2026-05-15 20:30:01 INFO  cic.cs.unb.ca.jnetpcap.FlowGenerator    Forward flow closed due to FIN Flag
2026-05-15 20:30:01 DEBUG cic.cs.unb.ca.jnetpcap.FlowGenerator    FlagFIN current has 1577 flow
2026-05-15 20:30:01 DEBUG cic.cs.unb.ca.jnetpcap.FlowGenerator    FlagFIN current has 1578 flow
2026-05-15 20:30:01 DEBUG cic.cs.unb.ca.jnetpcap.FlowGenerator    FlagFIN current has 1578 flow
2026-05-15 20:30:01 INFO  cic.cs.unb.ca.jnetpcap.FlowGenerator    Forward flow closed due to FIN Flag
2026-05-15 20:30:01 DEBUG cic.cs.unb.ca.jnetpcap.FlowGenerator    FlagFIN current has 1578 flow
2026-05-15 20:30:11 DEBUG cic.cs.unb.ca.jnetpcap.FlowGenerator    FlagFIN current has 1584 flow
2026-05-15 20:30:11 INFO  cic.cs.unb.ca.jnetpcap.FlowGenerator    Forward flow closed due to FIN Flag
2026-05-15 20:31:06 DEBUG cic.cs.unb.ca.jnetpcap.FlowGenerator    FlagFIN current has 1585 flow
2026-05-15 20:31:06 INFO  cic.cs.unb.ca.jnetpcap.FlowGenerator    Forward flow closed due to FIN Flag
2026-05-15 20:31:06 DEBUG cic.cs.unb.ca.jnetpcap.FlowGenerator    FlagFIN current has 1588 flow
2026-05-15 20:31:06 INFO  cic.cs.unb.ca.jnetpcap.FlowGenerator    Forward flow closed due to FIN Flag
2026-05-15 20:31:06 DEBUG cic.cs.unb.ca.jnetpcap.FlowGenerator    FlagRST current has 1589 flow
2026-05-15 20:31:11 INFO  cic.cs.unb.ca.jnetpcap.FlowGenerator    Forward flow closed due to FIN Flag
2026-05-15 20:31:17 DEBUG cic.cs.unb.ca.jnetpcap.FlowGenerator    FlagFIN current has 1589 flow
2026-05-15 20:31:17 DEBUG cic.cs.unb.ca.jnetpcap.FlowGenerator    FlagFIN current has 1590 flow
2026-05-15 20:31:18 INFO  cic.cs.unb.ca.jnetpcap.FlowGenerator    Forward flow closed due to FIN Flag
2026-05-15 20:31:18 INFO  cic.cs.unb.ca.jnetpcap.FlowGenerator    Forward flow closed due to FIN Flag
2026-05-15 20:31:18 DEBUG cic.cs.unb.ca.jnetpcap.FlowGenerator    FlagFIN current has 1596 flow
2026-05-15 20:31:19 DEBUG cic.cs.unb.ca.jnetpcap.FlowGenerator    FlagFIN current has 1601 flow
2026-05-15 20:31:19 INFO  cic.cs.unb.ca.jnetpcap.FlowGenerator    Forward flow closed due to FIN Flag
2026-05-15 20:31:20 DEBUG cic.cs.unb.ca.jnetpcap.FlowGenerator    FlagFIN current has 1603 flow
2026-05-15 20:31:20 DEBUG cic.cs.unb.ca.jnetpcap.FlowGenerator    FlagRST current has 1603 flow
2026-05-15 20:31:32 DEBUG cic.cs.unb.ca.jnetpcap.FlowGenerator    FlagRST current has 1603 flow
2026-05-15 20:31:56 DEBUG cic.cs.unb.ca.jnetpcap.FlowGenerator    FlagRST current has 1604 flow
2026-05-15 20:32:50 DEBUG cic.cs.unb.ca.jnetpcap.FlowGenerator    FlagFIN current has 1609 flow
2026-05-15 20:32:50 DEBUG cic.cs.unb.ca.jnetpcap.FlowGenerator    FlagFIN current has 1609 flow
2026-05-15 20:32:50 DEBUG cic.cs.unb.ca.jnetpcap.FlowGenerator    FlagFIN current has 1609 flow
2026-05-15 20:33:06 INFO  cic.cs.unb.ca.jnetpcap.FlowGenerator    Forward flow closed due to FIN Flag
2026-05-15 20:33:11 INFO  cic.cs.unb.ca.jnetpcap.FlowGenerator    Forward flow closed due to FIN Flag
2026-05-15 20:33:11 INFO  cic.cs.unb.ca.jnetpcap.FlowGenerator    Forward flow closed due to FIN Flag
2026-05-15 20:33:11 INFO  cic.cs.unb.ca.jnetpcap.FlowGenerator    Forward flow closed due to FIN Flag
2026-05-15 20:33:11 INFO  cic.cs.unb.ca.jnetpcap.FlowGenerator    Forward flow closed due to FIN Flag
2026-05-15 20:33:11 INFO  cic.cs.unb.ca.jnetpcap.FlowGenerator    Forward flow closed due to FIN Flag
2026-05-15 20:33:11 INFO  cic.cs.unb.ca.jnetpcap.FlowGenerator    Forward flow closed due to FIN Flag
2026-05-15 20:33:11 INFO  cic.cs.unb.ca.jnetpcap.FlowGenerator    Forward flow closed due to FIN Flag
2026-05-15 20:33:11 INFO  cic.cs.unb.ca.jnetpcap.FlowGenerator    Forward flow closed due to FIN Flag
2026-05-15 20:33:11 INFO  cic.cs.unb.ca.jnetpcap.FlowGenerator    Forward flow closed due to FIN Flag
2026-05-15 20:33:11 DEBUG cic.cs.unb.ca.jnetpcap.FlowGenerator    FlagFIN current has 1620 flow
2026-05-15 20:33:11 DEBUG cic.cs.unb.ca.jnetpcap.FlowGenerator    FlagFIN current has 1620 flow
2026-05-15 20:33:11 DEBUG cic.cs.unb.ca.jnetpcap.FlowGenerator    FlagFIN current has 1620 flow
2026-05-15 20:33:11 DEBUG cic.cs.unb.ca.jnetpcap.FlowGenerator    FlagFIN current has 1620 flow
2026-05-15 20:33:11 DEBUG cic.cs.unb.ca.jnetpcap.FlowGenerator    FlagFIN current has 1620 flow
2026-05-15 20:33:11 DEBUG cic.cs.unb.ca.jnetpcap.FlowGenerator    FlagFIN current has 1620 flow
2026-05-15 20:33:11 DEBUG cic.cs.unb.ca.jnetpcap.FlowGenerator    FlagFIN current has 1620 flow
2026-05-15 20:33:11 DEBUG cic.cs.unb.ca.jnetpcap.FlowGenerator    FlagFIN current has 1620 flow
2026-05-15 20:33:11 DEBUG cic.cs.unb.ca.jnetpcap.FlowGenerator    FlagFIN current has 1620 flow
2026-05-15 20:33:11 DEBUG cic.cs.unb.ca.jnetpcap.FlowGenerator    FlagFIN current has 1620 flow
2026-05-15 20:33:11 DEBUG cic.cs.unb.ca.jnetpcap.FlowGenerator    FlagFIN current has 1620 flow
2026-05-15 20:33:29 DEBUG cic.cs.unb.ca.jnetpcap.FlowGenerator    FlagFIN current has 1620 flow
2026-05-15 20:33:29 DEBUG cic.cs.unb.ca.jnetpcap.FlowGenerator    FlagFIN current has 1620 flow
2026-05-15 20:33:29 INFO  cic.cs.unb.ca.jnetpcap.FlowGenerator    Forward flow closed due to FIN Flag
2026-05-15 20:33:29 DEBUG cic.cs.unb.ca.jnetpcap.FlowGenerator    FlagFIN current has 1620 flow
2026-05-15 20:33:44 DEBUG cic.cs.unb.ca.jnetpcap.FlowGenerator    FlagRST current has 1627 flow
2026-05-15 20:33:55 INFO  cic.cs.unb.ca.jnetpcap.FlowGenerator    Forward flow closed due to FIN Flag
2026-05-15 20:33:55 DEBUG cic.cs.unb.ca.jnetpcap.FlowGenerator    FlagFIN current has 1631 flow
2026-05-15 20:33:55 DEBUG cic.cs.unb.ca.jnetpcap.FlowGenerator    FlagRST current has 1633 flow
2026-05-15 20:33:59 INFO  cic.cs.unb.ca.jnetpcap.FlowGenerator    Forward flow closed due to FIN Flag
2026-05-15 20:33:59 INFO  cic.cs.unb.ca.jnetpcap.FlowGenerator    Forward flow closed due to FIN Flag
2026-05-15 20:33:59 DEBUG cic.cs.unb.ca.jnetpcap.FlowGenerator    FlagFIN current has 1635 flow
2026-05-15 20:34:00 DEBUG cic.cs.unb.ca.jnetpcap.FlowGenerator    FlagRST current has 1635 flow
2026-05-15 20:34:00 DEBUG cic.cs.unb.ca.jnetpcap.FlowGenerator    FlagFIN current has 1634 flow
2026-05-15 20:34:00 DEBUG cic.cs.unb.ca.jnetpcap.FlowGenerator    FlagFIN current has 1633 flow
2026-05-15 20:34:00 DEBUG cic.cs.unb.ca.jnetpcap.FlowGenerator    FlagFIN current has 1633 flow
2026-05-15 20:34:00 DEBUG cic.cs.unb.ca.jnetpcap.FlowGenerator    FlagFIN current has 1632 flow
2026-05-15 20:34:00 WARN  cic.cs.unb.ca.jnetpcap.FlowGenerator    Forward flow received 2 FIN packets
2026-05-15 20:34:06 WARN  cic.cs.unb.ca.jnetpcap.FlowGenerator    Forward flow received 3 FIN packets
2026-05-15 20:34:06 WARN  cic.cs.unb.ca.jnetpcap.FlowGenerator    Forward flow received 4 FIN packets
2026-05-15 20:34:06 DEBUG cic.cs.unb.ca.jnetpcap.FlowGenerator    FlagFIN current has 1643 flow
2026-05-15 20:34:06 INFO  cic.cs.unb.ca.jnetpcap.FlowGenerator    Forward flow closed due to FIN Flag
2026-05-15 20:34:06 DEBUG cic.cs.unb.ca.jnetpcap.FlowGenerator    FlagRST current has 1644 flow
2026-05-15 20:34:17 DEBUG cic.cs.unb.ca.jnetpcap.FlowGenerator    FlagFIN current has 1648 flow
2026-05-15 20:34:17 DEBUG cic.cs.unb.ca.jnetpcap.FlowGenerator    FlagFIN current has 1648 flow
2026-05-15 20:34:17 DEBUG cic.cs.unb.ca.jnetpcap.FlowGenerator    FlagFIN current has 1648 flow
2026-05-15 20:34:44 DEBUG cic.cs.unb.ca.jnetpcap.FlowGenerator    FlagFIN current has 1648 flow
2026-05-15 20:34:44 DEBUG cic.cs.unb.ca.jnetpcap.FlowGenerator    FlagFIN current has 1648 flow
2026-05-15 20:34:44 DEBUG cic.cs.unb.ca.jnetpcap.FlowGenerator    FlagFIN current has 1648 flow
2026-05-15 20:34:44 INFO  cic.cs.unb.ca.jnetpcap.FlowGenerator    Forward flow closed due to FIN Flag
2026-05-15 20:34:44 DEBUG cic.cs.unb.ca.jnetpcap.FlowGenerator    FlagFIN current has 1648 flow
2026-05-15 20:34:44 INFO  cic.cs.unb.ca.jnetpcap.FlowGenerator    Forward flow closed due to FIN Flag
2026-05-15 20:34:44 DEBUG cic.cs.unb.ca.jnetpcap.FlowGenerator    FlagRST current has 1650 flow
2026-05-15 20:34:48 INFO  cic.cs.unb.ca.flow.ui.FlowMonitorPane    Pcap stop listening
2026-05-15 20:34:48 INFO  cic.cs.unb.ca.flow.ui.FlowMonitorPane    path:C:\Users\Lenovo\Desktop\Project\AI-based-IDS\CICFlowMeter\target\data\daily\2026-05-15_Flow.csv
2026-05-15 20:34:50 DEBUG cic.cs.unb.ca.jnetpcap.worker.TrafficFlowWorker    break Packet loop
2026-05-15 21:16:35 DEBUG swing.common.SwingUtils    C:\Users\Lenovo\Desktop\Project\AI-based-IDS\CICFlowMeter\target\classes (Access is denied)
2026-05-15 21:16:35 DEBUG swing.common.SwingUtils    C:\Users\Lenovo\Desktop\Project\AI-based-IDS\CICFlowMeter\target\data (Access is denied)
2026-05-15 21:16:35 DEBUG swing.common.SwingUtils    C:\Users\Lenovo\Desktop\Project\AI-based-IDS\CICFlowMeter\target\generated-sources (Access is denied)
2026-05-15 21:16:35 DEBUG swing.common.SwingUtils    C:\Users\Lenovo\Desktop\Project\AI-based-IDS\CICFlowMeter\target\logs (Access is denied)
2026-05-15 21:16:35 DEBUG swing.common.SwingUtils    C:\Users\Lenovo\Desktop\Project\AI-based-IDS\CICFlowMeter\target\maven-archiver (Access is denied)
2026-05-15 21:16:35 DEBUG swing.common.SwingUtils    C:\Users\Lenovo\Desktop\Project\AI-based-IDS\CICFlowMeter\target\maven-status (Access is denied)
2026-05-15 21:16:44 INFO  cic.cs.unb.ca.jnetpcap.worker.TrafficFlowWorker    Pcap is listening...
2026-05-15 21:16:45 DEBUG cic.cs.unb.ca.jnetpcap.FlowGenerator    FlagRST current has 37 flow
2026-05-15 21:16:45 DEBUG cic.cs.unb.ca.jnetpcap.FlowGenerator    FlagRST current has 38 flow
2026-05-15 21:16:46 DEBUG cic.cs.unb.ca.jnetpcap.FlowGenerator    FlagRST current has 63 flow
2026-05-15 21:16:46 DEBUG cic.cs.unb.ca.jnetpcap.FlowGenerator    FlagRST current has 62 flow
2026-05-15 21:16:46 DEBUG cic.cs.unb.ca.jnetpcap.FlowGenerator    FlagRST current has 62 flow
2026-05-15 21:16:46 DEBUG cic.cs.unb.ca.jnetpcap.FlowGenerator    FlagRST current has 64 flow
2026-05-15 21:16:47 DEBUG cic.cs.unb.ca.jnetpcap.FlowGenerator    FlagRST current has 78 flow
2026-05-15 21:16:47 DEBUG cic.cs.unb.ca.jnetpcap.FlowGenerator    FlagRST current has 77 flow
2026-05-15 21:16:47 DEBUG cic.cs.unb.ca.jnetpcap.FlowGenerator    FlagRST current has 76 flow
2026-05-15 21:16:47 DEBUG cic.cs.unb.ca.jnetpcap.FlowGenerator    FlagRST current has 75 flow
2026-05-15 21:16:47 DEBUG cic.cs.unb.ca.jnetpcap.FlowGenerator    FlagRST current has 74 flow
2026-05-15 21:16:48 DEBUG cic.cs.unb.ca.jnetpcap.FlowGenerator    FlagFIN current has 84 flow
2026-05-15 21:16:48 INFO  cic.cs.unb.ca.jnetpcap.FlowGenerator    Forward flow closed due to FIN Flag
2026-05-15 21:16:48 DEBUG cic.cs.unb.ca.jnetpcap.FlowGenerator    FlagFIN current has 84 flow
2026-05-15 21:16:48 DEBUG cic.cs.unb.ca.jnetpcap.FlowGenerator    FlagFIN current has 86 flow
2026-05-15 21:16:48 DEBUG cic.cs.unb.ca.jnetpcap.FlowGenerator    FlagRST current has 89 flow
2026-05-15 21:16:48 DEBUG cic.cs.unb.ca.jnetpcap.FlowGenerator    FlagRST current has 89 flow
2026-05-15 21:16:48 DEBUG cic.cs.unb.ca.jnetpcap.FlowGenerator    FlagFIN current has 88 flow
2026-05-15 21:16:48 DEBUG cic.cs.unb.ca.jnetpcap.FlowGenerator    FlagRST current has 87 flow
2026-05-15 21:16:48 DEBUG cic.cs.unb.ca.jnetpcap.FlowGenerator    FlagRST current has 86 flow
2026-05-15 21:16:49 INFO  cic.cs.unb.ca.jnetpcap.FlowGenerator    Forward flow closed due to FIN Flag
2026-05-15 21:16:49 DEBUG cic.cs.unb.ca.jnetpcap.FlowGenerator    FlagRST current has 107 flow
2026-05-15 21:16:49 DEBUG cic.cs.unb.ca.jnetpcap.FlowGenerator    FlagRST current has 106 flow
2026-05-15 21:16:50 DEBUG cic.cs.unb.ca.jnetpcap.FlowGenerator    FlagRST current has 108 flow
2026-05-15 21:16:50 DEBUG cic.cs.unb.ca.jnetpcap.FlowGenerator    FlagRST current has 128 flow
2026-05-15 21:16:50 DEBUG cic.cs.unb.ca.jnetpcap.FlowGenerator    FlagRST current has 127 flow
2026-05-15 21:16:50 DEBUG cic.cs.unb.ca.jnetpcap.FlowGenerator    FlagFIN current has 126 flow
2026-05-15 21:16:50 DEBUG cic.cs.unb.ca.jnetpcap.FlowGenerator    FlagRST current has 127 flow
2026-05-15 21:16:50 DEBUG cic.cs.unb.ca.jnetpcap.FlowGenerator    FlagRST current has 126 flow
2026-05-15 21:16:50 DEBUG cic.cs.unb.ca.jnetpcap.FlowGenerator    FlagRST current has 125 flow
2026-05-15 21:16:51 DEBUG cic.cs.unb.ca.jnetpcap.FlowGenerator    FlagRST current has 126 flow
2026-05-15 21:16:51 DEBUG cic.cs.unb.ca.jnetpcap.FlowGenerator    FlagRST current has 138 flow
2026-05-15 21:16:52 DEBUG cic.cs.unb.ca.jnetpcap.FlowGenerator    FlagRST current has 139 flow
2026-05-15 21:16:53 DEBUG cic.cs.unb.ca.jnetpcap.FlowGenerator    FlagRST current has 153 flow
2026-05-15 21:16:53 INFO  cic.cs.unb.ca.jnetpcap.FlowGenerator    Forward flow closed due to FIN Flag
2026-05-15 21:16:53 DEBUG cic.cs.unb.ca.jnetpcap.FlowGenerator    FlagFIN current has 172 flow
2026-05-15 21:16:53 INFO  cic.cs.unb.ca.jnetpcap.FlowGenerator    Forward flow closed due to FIN Flag
2026-05-15 21:16:53 DEBUG cic.cs.unb.ca.jnetpcap.FlowGenerator    FlagRST current has 174 flow
2026-05-15 21:16:53 DEBUG cic.cs.unb.ca.jnetpcap.FlowGenerator    FlagFIN current has 174 flow
2026-05-15 21:16:54 DEBUG cic.cs.unb.ca.jnetpcap.FlowGenerator    FlagRST current has 174 flow
2026-05-15 21:16:54 DEBUG cic.cs.unb.ca.jnetpcap.FlowGenerator    FlagFIN current has 177 flow
2026-05-15 21:16:54 DEBUG cic.cs.unb.ca.jnetpcap.FlowGenerator    FlagRST current has 177 flow
2026-05-15 21:16:54 DEBUG cic.cs.unb.ca.jnetpcap.FlowGenerator    FlagRST current has 179 flow
2026-05-15 21:16:55 DEBUG cic.cs.unb.ca.jnetpcap.FlowGenerator    FlagRST current has 192 flow
2026-05-15 21:16:55 DEBUG cic.cs.unb.ca.jnetpcap.FlowGenerator    FlagRST current has 191 flow
2026-05-15 21:16:55 DEBUG cic.cs.unb.ca.jnetpcap.FlowGenerator    FlagRST current has 190 flow
2026-05-15 21:16:56 INFO  cic.cs.unb.ca.jnetpcap.FlowGenerator    Forward flow closed due to FIN Flag
2026-05-15 21:16:56 DEBUG cic.cs.unb.ca.jnetpcap.FlowGenerator    FlagRST current has 212 flow
2026-05-15 21:16:56 DEBUG cic.cs.unb.ca.jnetpcap.FlowGenerator    FlagRST current has 212 flow
2026-05-15 21:16:56 DEBUG cic.cs.unb.ca.jnetpcap.FlowGenerator    FlagRST current has 211 flow
2026-05-15 21:16:56 DEBUG cic.cs.unb.ca.jnetpcap.FlowGenerator    FlagRST current has 211 flow
2026-05-15 21:16:56 DEBUG cic.cs.unb.ca.jnetpcap.FlowGenerator    FlagRST current has 210 flow
2026-05-15 21:16:57 INFO  cic.cs.unb.ca.jnetpcap.FlowGenerator    Forward flow closed due to FIN Flag
2026-05-15 21:16:57 DEBUG cic.cs.unb.ca.jnetpcap.FlowGenerator    FlagRST current has 228 flow
2026-05-15 21:16:57 DEBUG cic.cs.unb.ca.jnetpcap.FlowGenerator    FlagFIN current has 227 flow
2026-05-15 21:16:57 DEBUG cic.cs.unb.ca.jnetpcap.FlowGenerator    FlagFIN current has 226 flow
2026-05-15 21:16:57 INFO  cic.cs.unb.ca.jnetpcap.FlowGenerator    Forward flow closed due to FIN Flag
2026-05-15 21:16:57 DEBUG cic.cs.unb.ca.jnetpcap.FlowGenerator    FlagRST current has 227 flow
2026-05-15 21:16:57 DEBUG cic.cs.unb.ca.jnetpcap.FlowGenerator    FlagRST current has 226 flow
2026-05-15 21:16:57 DEBUG cic.cs.unb.ca.jnetpcap.FlowGenerator    FlagRST current has 225 flow
2026-05-15 21:16:57 DEBUG cic.cs.unb.ca.jnetpcap.FlowGenerator    FlagRST current has 224 flow
2026-05-15 21:16:57 INFO  cic.cs.unb.ca.jnetpcap.FlowGenerator    Forward flow closed due to FIN Flag
2026-05-15 21:16:58 WARN  cic.cs.unb.ca.jnetpcap.FlowGenerator    Forward flow received 2 FIN packets
2026-05-15 21:16:58 DEBUG cic.cs.unb.ca.jnetpcap.FlowGenerator    FlagRST current has 245 flow
2026-05-15 21:16:58 DEBUG cic.cs.unb.ca.jnetpcap.FlowGenerator    FlagRST current has 244 flow
2026-05-15 21:16:59 DEBUG cic.cs.unb.ca.jnetpcap.FlowGenerator    FlagRST current has 244 flow
2026-05-15 21:16:59 DEBUG cic.cs.unb.ca.jnetpcap.FlowGenerator    FlagRST current has 243 flow
2026-05-15 21:16:59 DEBUG cic.cs.unb.ca.jnetpcap.FlowGenerator    FlagRST current has 255 flow
2026-05-15 21:16:59 DEBUG cic.cs.unb.ca.jnetpcap.FlowGenerator    FlagRST current has 254 flow
2026-05-15 21:16:59 DEBUG cic.cs.unb.ca.jnetpcap.FlowGenerator    FlagRST current has 253 flow
2026-05-15 21:16:59 DEBUG cic.cs.unb.ca.jnetpcap.FlowGenerator    FlagRST current has 252 flow
2026-05-15 21:16:59 DEBUG cic.cs.unb.ca.jnetpcap.FlowGenerator    FlagFIN current has 251 flow
2026-05-15 21:16:59 DEBUG cic.cs.unb.ca.jnetpcap.FlowGenerator    FlagRST current has 252 flow
2026-05-15 21:16:59 DEBUG cic.cs.unb.ca.jnetpcap.FlowGenerator    FlagRST current has 251 flow
2026-05-15 21:17:00 DEBUG cic.cs.unb.ca.jnetpcap.FlowGenerator    FlagRST current has 266 flow
2026-05-15 21:17:00 DEBUG cic.cs.unb.ca.jnetpcap.FlowGenerator    FlagRST current has 265 flow
2026-05-15 21:17:00 DEBUG cic.cs.unb.ca.jnetpcap.FlowGenerator    FlagRST current has 271 flow
2026-05-15 21:17:00 DEBUG cic.cs.unb.ca.jnetpcap.FlowGenerator    FlagRST current has 270 flow
2026-05-15 21:17:00 DEBUG cic.cs.unb.ca.jnetpcap.FlowGenerator    FlagRST current has 270 flow
2026-05-15 21:17:00 DEBUG cic.cs.unb.ca.jnetpcap.FlowGenerator    FlagRST current has 269 flow
2026-05-15 21:17:00 DEBUG cic.cs.unb.ca.jnetpcap.FlowGenerator    FlagRST current has 268 flow
2026-05-15 21:17:00 DEBUG cic.cs.unb.ca.jnetpcap.FlowGenerator    FlagRST current has 267 flow
2026-05-15 21:17:01 DEBUG cic.cs.unb.ca.jnetpcap.FlowGenerator    FlagRST current has 266 flow
2026-05-15 21:17:01 WARN  cic.cs.unb.ca.jnetpcap.FlowGenerator    Forward flow received 3 FIN packets
2026-05-15 21:17:01 INFO  cic.cs.unb.ca.jnetpcap.FlowGenerator    Forward flow closed due to FIN Flag
2026-05-15 21:17:01 DEBUG cic.cs.unb.ca.jnetpcap.FlowGenerator    FlagRST current has 278 flow
2026-05-15 21:17:01 DEBUG cic.cs.unb.ca.jnetpcap.FlowGenerator    FlagRST current has 284 flow
2026-05-15 21:17:01 DEBUG cic.cs.unb.ca.jnetpcap.FlowGenerator    FlagRST current has 283 flow
2026-05-15 21:17:01 DEBUG cic.cs.unb.ca.jnetpcap.FlowGenerator    FlagRST current has 284 flow
2026-05-15 21:17:02 DEBUG cic.cs.unb.ca.jnetpcap.FlowGenerator    FlagRST current has 285 flow
2026-05-15 21:17:02 DEBUG cic.cs.unb.ca.jnetpcap.FlowGenerator    FlagRST current has 291 flow
2026-05-15 21:17:02 DEBUG cic.cs.unb.ca.jnetpcap.FlowGenerator    FlagRST current has 290 flow
2026-05-15 21:17:02 DEBUG cic.cs.unb.ca.jnetpcap.FlowGenerator    FlagRST current has 293 flow
2026-05-15 21:17:02 DEBUG cic.cs.unb.ca.jnetpcap.FlowGenerator    FlagRST current has 292 flow
2026-05-15 21:17:02 DEBUG cic.cs.unb.ca.jnetpcap.FlowGenerator    FlagRST current has 291 flow
2026-05-15 21:17:02 INFO  cic.cs.unb.ca.jnetpcap.FlowGenerator    Forward flow closed due to FIN Flag
2026-05-15 21:17:03 DEBUG cic.cs.unb.ca.jnetpcap.FlowGenerator    FlagRST current has 313 flow
2026-05-15 21:17:03 DEBUG cic.cs.unb.ca.jnetpcap.FlowGenerator    FlagRST current has 312 flow
2026-05-15 21:17:03 DEBUG cic.cs.unb.ca.jnetpcap.FlowGenerator    FlagFIN current has 311 flow
2026-05-15 21:17:03 DEBUG cic.cs.unb.ca.jnetpcap.FlowGenerator    FlagRST current has 312 flow
2026-05-15 21:17:03 DEBUG cic.cs.unb.ca.jnetpcap.FlowGenerator    FlagRST current has 311 flow
2026-05-15 21:17:04 DEBUG cic.cs.unb.ca.jnetpcap.FlowGenerator    FlagRST current has 311 flow
2026-05-15 21:17:04 DEBUG cic.cs.unb.ca.jnetpcap.FlowGenerator    FlagRST current has 320 flow
2026-05-15 21:17:05 DEBUG cic.cs.unb.ca.jnetpcap.FlowGenerator    FlagRST current has 319 flow
2026-05-15 21:17:05 DEBUG cic.cs.unb.ca.jnetpcap.FlowGenerator    FlagRST current has 318 flow
2026-05-15 21:17:05 DEBUG cic.cs.unb.ca.jnetpcap.FlowGenerator    FlagRST current has 327 flow
2026-05-15 21:17:05 INFO  cic.cs.unb.ca.jnetpcap.FlowGenerator    Forward flow closed due to FIN Flag
2026-05-15 21:17:05 INFO  cic.cs.unb.ca.jnetpcap.FlowGenerator    Forward flow closed due to FIN Flag
2026-05-15 21:17:05 WARN  cic.cs.unb.ca.jnetpcap.FlowGenerator    Forward flow received 4 FIN packets
2026-05-15 21:17:05 DEBUG cic.cs.unb.ca.jnetpcap.FlowGenerator    FlagRST current has 331 flow
2026-05-15 21:17:05 DEBUG cic.cs.unb.ca.jnetpcap.FlowGenerator    FlagRST current has 330 flow
2026-05-15 21:17:06 DEBUG cic.cs.unb.ca.jnetpcap.FlowGenerator    FlagFIN current has 346 flow
2026-05-15 21:17:06 INFO  cic.cs.unb.ca.jnetpcap.FlowGenerator    Forward flow closed due to FIN Flag
2026-05-15 21:17:06 DEBUG cic.cs.unb.ca.jnetpcap.FlowGenerator    FlagRST current has 347 flow
2026-05-15 21:17:06 INFO  cic.cs.unb.ca.jnetpcap.FlowGenerator    Forward flow closed due to FIN Flag
2026-05-15 21:17:06 DEBUG cic.cs.unb.ca.jnetpcap.FlowGenerator    FlagRST current has 348 flow
2026-05-15 21:17:07 INFO  cic.cs.unb.ca.jnetpcap.FlowGenerator    Forward flow closed due to FIN Flag
2026-05-15 21:17:07 DEBUG cic.cs.unb.ca.jnetpcap.FlowGenerator    FlagRST current has 352 flow
2026-05-15 21:17:07 DEBUG cic.cs.unb.ca.jnetpcap.FlowGenerator    FlagRST current has 351 flow
2026-05-15 21:17:07 DEBUG cic.cs.unb.ca.jnetpcap.FlowGenerator    FlagRST current has 350 flow
2026-05-15 21:17:08 INFO  cic.cs.unb.ca.jnetpcap.FlowGenerator    Forward flow closed due to FIN Flag
2026-05-15 21:17:08 DEBUG cic.cs.unb.ca.jnetpcap.FlowGenerator    FlagRST current has 369 flow
2026-05-15 21:17:08 DEBUG cic.cs.unb.ca.jnetpcap.FlowGenerator    FlagRST current has 369 flow
2026-05-15 21:17:08 DEBUG cic.cs.unb.ca.jnetpcap.FlowGenerator    FlagRST current has 368 flow
2026-05-15 21:17:08 DEBUG cic.cs.unb.ca.jnetpcap.FlowGenerator    FlagRST current has 368 flow
2026-05-15 21:17:08 DEBUG cic.cs.unb.ca.jnetpcap.FlowGenerator    FlagRST current has 367 flow
2026-05-15 21:17:09 DEBUG cic.cs.unb.ca.jnetpcap.FlowGenerator    FlagRST current has 366 flow
2026-05-15 21:17:09 INFO  cic.cs.unb.ca.jnetpcap.FlowGenerator    Forward flow closed due to FIN Flag
2026-05-15 21:17:09 INFO  cic.cs.unb.ca.jnetpcap.FlowGenerator    Forward flow closed due to FIN Flag
2026-05-15 21:17:09 DEBUG cic.cs.unb.ca.jnetpcap.FlowGenerator    FlagRST current has 376 flow
2026-05-15 21:17:09 DEBUG cic.cs.unb.ca.jnetpcap.FlowGenerator    FlagRST current has 376 flow
2026-05-15 21:17:09 DEBUG cic.cs.unb.ca.jnetpcap.FlowGenerator    FlagRST current has 375 flow
2026-05-15 21:17:09 INFO  cic.cs.unb.ca.jnetpcap.FlowGenerator    Forward flow closed due to FIN Flag
2026-05-15 21:17:09 DEBUG cic.cs.unb.ca.jnetpcap.FlowGenerator    FlagRST current has 374 flow
2026-05-15 21:17:09 DEBUG cic.cs.unb.ca.jnetpcap.FlowGenerator    FlagRST current has 373 flow
2026-05-15 21:17:10 DEBUG cic.cs.unb.ca.jnetpcap.FlowGenerator    FlagRST current has 372 flow
2026-05-15 21:17:10 DEBUG cic.cs.unb.ca.jnetpcap.FlowGenerator    FlagRST current has 386 flow
2026-05-15 21:17:10 DEBUG cic.cs.unb.ca.jnetpcap.FlowGenerator    FlagRST current has 385 flow
2026-05-15 21:17:10 INFO  cic.cs.unb.ca.jnetpcap.FlowGenerator    Forward flow closed due to FIN Flag
2026-05-15 21:17:11 INFO  cic.cs.unb.ca.jnetpcap.FlowGenerator    Forward flow closed due to FIN Flag
2026-05-15 21:17:11 INFO  cic.cs.unb.ca.jnetpcap.FlowGenerator    Forward flow closed due to FIN Flag
2026-05-15 21:17:11 DEBUG cic.cs.unb.ca.jnetpcap.FlowGenerator    FlagFIN current has 399 flow
2026-05-15 21:17:12 DEBUG cic.cs.unb.ca.jnetpcap.FlowGenerator    FlagRST current has 400 flow
2026-05-15 21:17:12 DEBUG cic.cs.unb.ca.jnetpcap.FlowGenerator    FlagRST current has 399 flow
2026-05-15 21:17:12 INFO  cic.cs.unb.ca.jnetpcap.FlowGenerator    Forward flow closed due to FIN Flag
2026-05-15 21:17:12 INFO  cic.cs.unb.ca.jnetpcap.FlowGenerator    Forward flow closed due to FIN Flag
2026-05-15 21:17:12 DEBUG cic.cs.unb.ca.jnetpcap.FlowGenerator    FlagFIN current has 407 flow
2026-05-15 21:17:12 INFO  cic.cs.unb.ca.jnetpcap.FlowGenerator    Forward flow closed due to FIN Flag
2026-05-15 21:17:12 DEBUG cic.cs.unb.ca.jnetpcap.FlowGenerator    FlagRST current has 409 flow
2026-05-15 21:17:12 DEBUG cic.cs.unb.ca.jnetpcap.FlowGenerator    FlagFIN current has 408 flow
2026-05-15 21:17:12 DEBUG cic.cs.unb.ca.jnetpcap.FlowGenerator    FlagFIN current has 408 flow
2026-05-15 21:17:12 DEBUG cic.cs.unb.ca.jnetpcap.FlowGenerator    FlagRST current has 408 flow
2026-05-15 21:17:13 DEBUG cic.cs.unb.ca.jnetpcap.FlowGenerator    FlagRST current has 407 flow
2026-05-15 21:17:13 DEBUG cic.cs.unb.ca.jnetpcap.FlowGenerator    FlagRST current has 416 flow
2026-05-15 21:17:13 DEBUG cic.cs.unb.ca.jnetpcap.FlowGenerator    FlagRST current has 415 flow
2026-05-15 21:17:13 DEBUG cic.cs.unb.ca.jnetpcap.FlowGenerator    FlagRST current has 414 flow
2026-05-15 21:17:13 DEBUG cic.cs.unb.ca.jnetpcap.FlowGenerator    FlagFIN current has 414 flow
2026-05-15 21:17:13 INFO  cic.cs.unb.ca.jnetpcap.FlowGenerator    Forward flow closed due to FIN Flag
2026-05-15 21:17:13 INFO  cic.cs.unb.ca.jnetpcap.FlowGenerator    Forward flow closed due to FIN Flag
2026-05-15 21:17:13 DEBUG cic.cs.unb.ca.jnetpcap.FlowGenerator    FlagRST current has 415 flow
2026-05-15 21:17:13 DEBUG cic.cs.unb.ca.jnetpcap.FlowGenerator    FlagRST current has 414 flow
2026-05-15 21:17:14 WARN  cic.cs.unb.ca.jnetpcap.FlowGenerator    Forward flow received 5 FIN packets
2026-05-15 21:17:14 DEBUG cic.cs.unb.ca.jnetpcap.FlowGenerator    FlagRST current has 431 flow
2026-05-15 21:17:14 WARN  cic.cs.unb.ca.jnetpcap.FlowGenerator    Forward flow received 2 FIN packets
2026-05-15 21:17:15 DEBUG cic.cs.unb.ca.jnetpcap.FlowGenerator    FlagRST current has 430 flow
2026-05-15 21:17:15 DEBUG cic.cs.unb.ca.jnetpcap.FlowGenerator    FlagRST current has 438 flow
2026-05-15 21:17:16 DEBUG cic.cs.unb.ca.jnetpcap.FlowGenerator    FlagRST current has 437 flow
2026-05-15 21:17:16 DEBUG cic.cs.unb.ca.jnetpcap.FlowGenerator    FlagRST current has 450 flow
2026-05-15 21:17:17 DEBUG cic.cs.unb.ca.jnetpcap.FlowGenerator    FlagRST current has 449 flow
2026-05-15 21:17:17 WARN  cic.cs.unb.ca.jnetpcap.FlowGenerator    Forward flow received 3 FIN packets
2026-05-15 21:17:17 INFO  cic.cs.unb.ca.jnetpcap.FlowGenerator    Forward flow closed due to FIN Flag
2026-05-15 21:17:17 DEBUG cic.cs.unb.ca.jnetpcap.FlowGenerator    FlagFIN current has 468 flow
2026-05-15 21:17:18 DEBUG cic.cs.unb.ca.jnetpcap.FlowGenerator    FlagRST current has 468 flow
2026-05-15 21:17:18 DEBUG cic.cs.unb.ca.jnetpcap.FlowGenerator    FlagRST current has 467 flow
2026-05-15 21:17:18 DEBUG cic.cs.unb.ca.jnetpcap.FlowGenerator    FlagRST current has 478 flow
2026-05-15 21:17:18 DEBUG cic.cs.unb.ca.jnetpcap.FlowGenerator    FlagFIN current has 477 flow
2026-05-15 21:17:18 INFO  cic.cs.unb.ca.jnetpcap.FlowGenerator    Forward flow closed due to FIN Flag
2026-05-15 21:17:18 DEBUG cic.cs.unb.ca.jnetpcap.FlowGenerator    FlagFIN current has 479 flow
2026-05-15 21:17:18 DEBUG cic.cs.unb.ca.jnetpcap.FlowGenerator    FlagRST current has 480 flow
2026-05-15 21:17:19 DEBUG cic.cs.unb.ca.jnetpcap.FlowGenerator    FlagRST current has 480 flow
2026-05-15 21:17:19 DEBUG cic.cs.unb.ca.jnetpcap.FlowGenerator    FlagRST current has 480 flow
2026-05-15 21:17:19 DEBUG cic.cs.unb.ca.jnetpcap.FlowGenerator    FlagRST current has 493 flow
2026-05-15 21:17:19 DEBUG cic.cs.unb.ca.jnetpcap.FlowGenerator    FlagRST current has 492 flow
2026-05-15 21:17:19 INFO  cic.cs.unb.ca.jnetpcap.FlowGenerator    Forward flow closed due to FIN Flag
2026-05-15 21:17:19 DEBUG cic.cs.unb.ca.jnetpcap.FlowGenerator    FlagRST current has 494 flow
2026-05-15 21:17:19 DEBUG cic.cs.unb.ca.jnetpcap.FlowGenerator    FlagRST current has 493 flow
2026-05-15 21:17:20 DEBUG cic.cs.unb.ca.jnetpcap.FlowGenerator    FlagRST current has 492 flow
2026-05-15 21:17:20 DEBUG cic.cs.unb.ca.jnetpcap.FlowGenerator    FlagFIN current has 504 flow
2026-05-15 21:17:20 INFO  cic.cs.unb.ca.jnetpcap.FlowGenerator    Forward flow closed due to FIN Flag
2026-05-15 21:17:20 DEBUG cic.cs.unb.ca.jnetpcap.FlowGenerator    FlagFIN current has 506 flow
2026-05-15 21:17:21 DEBUG cic.cs.unb.ca.jnetpcap.FlowGenerator    FlagRST current has 568 flow
2026-05-15 21:17:21 DEBUG cic.cs.unb.ca.jnetpcap.FlowGenerator    FlagRST current has 567 flow
2026-05-15 21:17:22 DEBUG cic.cs.unb.ca.jnetpcap.FlowGenerator    FlagRST current has 578 flow
2026-05-15 21:17:22 DEBUG cic.cs.unb.ca.jnetpcap.FlowGenerator    FlagRST current has 577 flow
2026-05-15 21:17:22 DEBUG cic.cs.unb.ca.jnetpcap.FlowGenerator    FlagFIN current has 576 flow
2026-05-15 21:17:22 INFO  cic.cs.unb.ca.jnetpcap.FlowGenerator    Forward flow closed due to FIN Flag
2026-05-15 21:17:22 WARN  cic.cs.unb.ca.jnetpcap.FlowGenerator    Forward flow received 4 FIN packets
2026-05-15 21:17:22 DEBUG cic.cs.unb.ca.jnetpcap.FlowGenerator    FlagRST current has 576 flow
2026-05-15 21:17:22 DEBUG cic.cs.unb.ca.jnetpcap.FlowGenerator    FlagRST current has 575 flow
2026-05-15 21:17:22 DEBUG cic.cs.unb.ca.jnetpcap.FlowGenerator    FlagRST current has 574 flow
2026-05-15 21:17:23 DEBUG cic.cs.unb.ca.jnetpcap.FlowGenerator    FlagFIN current has 573 flow
2026-05-15 21:17:23 DEBUG cic.cs.unb.ca.jnetpcap.FlowGenerator    FlagFIN current has 587 flow
2026-05-15 21:17:23 INFO  cic.cs.unb.ca.jnetpcap.FlowGenerator    Forward flow closed due to FIN Flag
2026-05-15 21:17:24 DEBUG cic.cs.unb.ca.jnetpcap.FlowGenerator    FlagRST current has 587 flow
2026-05-15 21:17:24 DEBUG cic.cs.unb.ca.jnetpcap.FlowGenerator    FlagRST current has 586 flow
2026-05-15 21:17:24 DEBUG cic.cs.unb.ca.jnetpcap.FlowGenerator    FlagRST current has 605 flow
2026-05-15 21:17:24 INFO  cic.cs.unb.ca.jnetpcap.FlowGenerator    Forward flow closed due to FIN Flag
2026-05-15 21:17:24 INFO  cic.cs.unb.ca.jnetpcap.FlowGenerator    Forward flow closed due to FIN Flag
2026-05-15 21:17:24 DEBUG cic.cs.unb.ca.jnetpcap.FlowGenerator    FlagRST current has 605 flow
2026-05-15 21:17:24 DEBUG cic.cs.unb.ca.jnetpcap.FlowGenerator    FlagRST current has 605 flow
2026-05-15 21:17:24 INFO  cic.cs.unb.ca.jnetpcap.FlowGenerator    Forward flow closed due to FIN Flag
2026-05-15 21:17:24 DEBUG cic.cs.unb.ca.jnetpcap.FlowGenerator    FlagFIN current has 605 flow
2026-05-15 21:17:25 INFO  cic.cs.unb.ca.jnetpcap.FlowGenerator    Forward flow closed due to FIN Flag
2026-05-15 21:17:25 DEBUG cic.cs.unb.ca.jnetpcap.FlowGenerator    FlagRST current has 618 flow
2026-05-15 21:17:25 DEBUG cic.cs.unb.ca.jnetpcap.FlowGenerator    FlagFIN current has 619 flow
2026-05-15 21:17:25 DEBUG cic.cs.unb.ca.jnetpcap.FlowGenerator    FlagRST current has 618 flow
2026-05-15 21:17:25 DEBUG cic.cs.unb.ca.jnetpcap.FlowGenerator    FlagFIN current has 619 flow
2026-05-15 21:17:25 DEBUG cic.cs.unb.ca.jnetpcap.FlowGenerator    FlagFIN current has 619 flow
2026-05-15 21:17:25 DEBUG cic.cs.unb.ca.jnetpcap.FlowGenerator    FlagRST current has 619 flow
2026-05-15 21:17:25 DEBUG cic.cs.unb.ca.jnetpcap.FlowGenerator    FlagFIN current has 618 flow
2026-05-15 21:17:25 DEBUG cic.cs.unb.ca.jnetpcap.FlowGenerator    FlagRST current has 618 flow
2026-05-15 21:17:25 DEBUG cic.cs.unb.ca.jnetpcap.FlowGenerator    FlagRST current has 618 flow
2026-05-15 21:17:26 DEBUG cic.cs.unb.ca.jnetpcap.FlowGenerator    FlagFIN current has 618 flow
2026-05-15 21:17:26 INFO  cic.cs.unb.ca.jnetpcap.FlowGenerator    Forward flow closed due to FIN Flag
2026-05-15 21:17:26 DEBUG cic.cs.unb.ca.jnetpcap.FlowGenerator    FlagFIN current has 618 flow
2026-05-15 21:17:26 INFO  cic.cs.unb.ca.jnetpcap.FlowGenerator    Forward flow closed due to FIN Flag
2026-05-15 21:17:26 DEBUG cic.cs.unb.ca.jnetpcap.FlowGenerator    FlagFIN current has 635 flow
2026-05-15 21:17:26 DEBUG cic.cs.unb.ca.jnetpcap.FlowGenerator    FlagFIN current has 637 flow
2026-05-15 21:17:26 INFO  cic.cs.unb.ca.jnetpcap.FlowGenerator    Forward flow closed due to FIN Flag
2026-05-15 21:17:26 DEBUG cic.cs.unb.ca.jnetpcap.FlowGenerator    FlagRST current has 637 flow
2026-05-15 21:17:26 DEBUG cic.cs.unb.ca.jnetpcap.FlowGenerator    FlagFIN current has 636 flow
2026-05-15 21:17:26 INFO  cic.cs.unb.ca.jnetpcap.FlowGenerator    Forward flow closed due to FIN Flag
2026-05-15 21:17:26 DEBUG cic.cs.unb.ca.jnetpcap.FlowGenerator    FlagRST current has 636 flow
2026-05-15 21:17:26 WARN  cic.cs.unb.ca.jnetpcap.FlowGenerator    Forward flow received 2 FIN packets
2026-05-15 21:17:26 DEBUG cic.cs.unb.ca.jnetpcap.FlowGenerator    FlagRST current has 636 flow
2026-05-15 21:17:26 DEBUG cic.cs.unb.ca.jnetpcap.FlowGenerator    FlagRST current has 635 flow
2026-05-15 21:17:27 DEBUG cic.cs.unb.ca.jnetpcap.FlowGenerator    FlagFIN current has 634 flow
2026-05-15 21:17:27 DEBUG cic.cs.unb.ca.jnetpcap.FlowGenerator    FlagRST current has 655 flow
2026-05-15 21:17:27 DEBUG cic.cs.unb.ca.jnetpcap.FlowGenerator    FlagRST current has 654 flow
2026-05-15 21:17:28 DEBUG cic.cs.unb.ca.jnetpcap.FlowGenerator    FlagRST current has 653 flow
2026-05-15 21:17:28 INFO  cic.cs.unb.ca.jnetpcap.FlowGenerator    Forward flow closed due to FIN Flag
2026-05-15 21:17:28 DEBUG cic.cs.unb.ca.jnetpcap.FlowGenerator    FlagRST current has 660 flow
2026-05-15 21:17:28 DEBUG cic.cs.unb.ca.jnetpcap.FlowGenerator    FlagFIN current has 659 flow
2026-05-15 21:17:29 DEBUG cic.cs.unb.ca.jnetpcap.FlowGenerator    FlagRST current has 670 flow
2026-05-15 21:17:29 DEBUG cic.cs.unb.ca.jnetpcap.FlowGenerator    FlagRST current has 669 flow
2026-05-15 21:17:30 DEBUG cic.cs.unb.ca.jnetpcap.FlowGenerator    FlagFIN current has 679 flow
2026-05-15 21:17:30 INFO  cic.cs.unb.ca.jnetpcap.FlowGenerator    Forward flow closed due to FIN Flag
2026-05-15 21:17:31 DEBUG cic.cs.unb.ca.jnetpcap.FlowGenerator    FlagRST current has 679 flow
2026-05-15 21:17:31 INFO  cic.cs.unb.ca.jnetpcap.FlowGenerator    Forward flow closed due to FIN Flag
2026-05-15 21:17:31 DEBUG cic.cs.unb.ca.jnetpcap.FlowGenerator    FlagFIN current has 686 flow
2026-05-15 21:17:31 WARN  cic.cs.unb.ca.jnetpcap.FlowGenerator    Forward flow received 6 FIN packets
2026-05-15 21:17:31 DEBUG cic.cs.unb.ca.jnetpcap.FlowGenerator    FlagRST current has 688 flow
2026-05-15 21:17:31 DEBUG cic.cs.unb.ca.jnetpcap.FlowGenerator    FlagFIN current has 687 flow
2026-05-15 21:17:32 DEBUG cic.cs.unb.ca.jnetpcap.FlowGenerator    FlagRST current has 687 flow
2026-05-15 21:17:32 DEBUG cic.cs.unb.ca.jnetpcap.FlowGenerator    FlagRST current has 686 flow
2026-05-15 21:17:32 INFO  cic.cs.unb.ca.jnetpcap.FlowGenerator    Forward flow closed due to FIN Flag
2026-05-15 21:17:32 INFO  cic.cs.unb.ca.jnetpcap.FlowGenerator    Forward flow closed due to FIN Flag
2026-05-15 21:17:32 DEBUG cic.cs.unb.ca.jnetpcap.FlowGenerator    FlagRST current has 696 flow
2026-05-15 21:17:32 INFO  cic.cs.unb.ca.jnetpcap.FlowGenerator    Forward flow closed due to FIN Flag
2026-05-15 21:17:32 DEBUG cic.cs.unb.ca.jnetpcap.FlowGenerator    FlagRST current has 698 flow
2026-05-15 21:17:33 DEBUG cic.cs.unb.ca.jnetpcap.FlowGenerator    FlagRST current has 704 flow
2026-05-15 21:17:33 WARN  cic.cs.unb.ca.jnetpcap.FlowGenerator    Forward flow received 5 FIN packets
2026-05-15 21:17:33 DEBUG cic.cs.unb.ca.jnetpcap.FlowGenerator    FlagRST current has 704 flow
2026-05-15 21:17:34 DEBUG cic.cs.unb.ca.jnetpcap.FlowGenerator    FlagRST current has 716 flow
2026-05-15 21:17:34 DEBUG cic.cs.unb.ca.jnetpcap.FlowGenerator    FlagFIN current has 716 flow
2026-05-15 21:17:34 DEBUG cic.cs.unb.ca.jnetpcap.FlowGenerator    FlagRST current has 716 flow
2026-05-15 21:17:34 DEBUG cic.cs.unb.ca.jnetpcap.FlowGenerator    FlagRST current has 717 flow
2026-05-15 21:17:35 INFO  cic.cs.unb.ca.jnetpcap.FlowGenerator    Forward flow closed due to FIN Flag
2026-05-15 21:17:35 WARN  cic.cs.unb.ca.jnetpcap.FlowGenerator    Forward flow received 2 FIN packets
2026-05-15 21:17:35 DEBUG cic.cs.unb.ca.jnetpcap.FlowGenerator    FlagFIN current has 729 flow
2026-05-15 21:17:35 INFO  cic.cs.unb.ca.jnetpcap.FlowGenerator    Forward flow closed due to FIN Flag
2026-05-15 21:17:35 DEBUG cic.cs.unb.ca.jnetpcap.FlowGenerator    FlagFIN current has 729 flow
2026-05-15 21:17:35 INFO  cic.cs.unb.ca.jnetpcap.FlowGenerator    Forward flow closed due to FIN Flag
2026-05-15 21:17:35 INFO  cic.cs.unb.ca.jnetpcap.FlowGenerator    Forward flow closed due to FIN Flag
2026-05-15 21:17:35 DEBUG cic.cs.unb.ca.jnetpcap.FlowGenerator    FlagFIN current has 729 flow
2026-05-15 21:17:35 DEBUG cic.cs.unb.ca.jnetpcap.FlowGenerator    FlagRST current has 729 flow
2026-05-15 21:17:35 DEBUG cic.cs.unb.ca.jnetpcap.FlowGenerator    FlagRST current has 728 flow
2026-05-15 21:17:36 WARN  cic.cs.unb.ca.jnetpcap.FlowGenerator    Forward flow received 2 FIN packets
2026-05-15 21:17:36 WARN  cic.cs.unb.ca.jnetpcap.FlowGenerator    Forward flow received 2 FIN packets
2026-05-15 21:17:36 DEBUG cic.cs.unb.ca.jnetpcap.FlowGenerator    FlagRST current has 742 flow
2026-05-15 21:17:36 DEBUG cic.cs.unb.ca.jnetpcap.FlowGenerator    FlagRST current has 741 flow
2026-05-15 21:17:36 WARN  cic.cs.unb.ca.jnetpcap.FlowGenerator    Forward flow received 2 FIN packets
2026-05-15 21:17:37 DEBUG cic.cs.unb.ca.jnetpcap.FlowGenerator    FlagFIN current has 749 flow
2026-05-15 21:17:37 INFO  cic.cs.unb.ca.jnetpcap.FlowGenerator    Forward flow closed due to FIN Flag
2026-05-15 21:17:38 DEBUG cic.cs.unb.ca.jnetpcap.FlowGenerator    FlagRST current has 749 flow
2026-05-15 21:17:38 DEBUG cic.cs.unb.ca.jnetpcap.FlowGenerator    FlagRST current has 764 flow
2026-05-15 21:17:38 INFO  cic.cs.unb.ca.jnetpcap.FlowGenerator    Forward flow closed due to FIN Flag
2026-05-15 21:17:38 DEBUG cic.cs.unb.ca.jnetpcap.FlowGenerator    FlagRST current has 765 flow
2026-05-15 21:17:39 WARN  cic.cs.unb.ca.jnetpcap.FlowGenerator    Forward flow received 3 FIN packets
2026-05-15 21:17:39 DEBUG cic.cs.unb.ca.jnetpcap.FlowGenerator    FlagRST current has 764 flow
2026-05-15 21:17:39 DEBUG cic.cs.unb.ca.jnetpcap.FlowGenerator    FlagFIN current has 783 flow
2026-05-15 21:17:39 INFO  cic.cs.unb.ca.jnetpcap.FlowGenerator    Forward flow closed due to FIN Flag
2026-05-15 21:17:39 INFO  cic.cs.unb.ca.jnetpcap.FlowGenerator    Forward flow closed due to FIN Flag
2026-05-15 21:17:39 WARN  cic.cs.unb.ca.jnetpcap.FlowGenerator    Forward flow received 2 FIN packets
2026-05-15 21:17:39 DEBUG cic.cs.unb.ca.jnetpcap.FlowGenerator    FlagRST current has 783 flow
2026-05-15 21:17:39 DEBUG cic.cs.unb.ca.jnetpcap.FlowGenerator    FlagRST current has 782 flow
2026-05-15 21:17:40 DEBUG cic.cs.unb.ca.jnetpcap.FlowGenerator    FlagRST current has 781 flow
2026-05-15 21:17:40 DEBUG cic.cs.unb.ca.jnetpcap.FlowGenerator    FlagFIN current has 794 flow
2026-05-15 21:17:40 WARN  cic.cs.unb.ca.jnetpcap.FlowGenerator    Forward flow received 3 FIN packets
2026-05-15 21:17:40 WARN  cic.cs.unb.ca.jnetpcap.FlowGenerator    Forward flow received 3 FIN packets
2026-05-15 21:17:40 DEBUG cic.cs.unb.ca.jnetpcap.FlowGenerator    FlagRST current has 797 flow
2026-05-15 21:17:40 DEBUG cic.cs.unb.ca.jnetpcap.FlowGenerator    FlagRST current has 796 flow
2026-05-15 21:17:41 DEBUG cic.cs.unb.ca.jnetpcap.FlowGenerator    FlagRST current has 807 flow
2026-05-15 21:17:41 DEBUG cic.cs.unb.ca.jnetpcap.FlowGenerator    FlagRST current has 806 flow
2026-05-15 21:17:41 DEBUG cic.cs.unb.ca.jnetpcap.FlowGenerator    FlagRST current has 805 flow
2026-05-15 21:17:41 DEBUG cic.cs.unb.ca.jnetpcap.FlowGenerator    FlagFIN current has 807 flow
2026-05-15 21:17:41 INFO  cic.cs.unb.ca.jnetpcap.FlowGenerator    Forward flow closed due to FIN Flag
2026-05-15 21:17:42 DEBUG cic.cs.unb.ca.jnetpcap.FlowGenerator    FlagRST current has 811 flow
2026-05-15 21:17:42 DEBUG cic.cs.unb.ca.jnetpcap.FlowGenerator    FlagFIN current has 824 flow
2026-05-15 21:17:42 INFO  cic.cs.unb.ca.jnetpcap.FlowGenerator    Forward flow closed due to FIN Flag
2026-05-15 21:17:42 DEBUG cic.cs.unb.ca.jnetpcap.FlowGenerator    FlagRST current has 824 flow
2026-05-15 21:17:42 DEBUG cic.cs.unb.ca.jnetpcap.FlowGenerator    FlagRST current has 824 flow
2026-05-15 21:17:43 WARN  cic.cs.unb.ca.jnetpcap.FlowGenerator    Forward flow received 2 FIN packets
2026-05-15 21:17:43 WARN  cic.cs.unb.ca.jnetpcap.FlowGenerator    Forward flow received 3 FIN packets
2026-05-15 21:17:43 INFO  cic.cs.unb.ca.jnetpcap.FlowGenerator    Forward flow closed due to FIN Flag
2026-05-15 21:17:43 DEBUG cic.cs.unb.ca.jnetpcap.FlowGenerator    FlagRST current has 833 flow
2026-05-15 21:17:43 DEBUG cic.cs.unb.ca.jnetpcap.FlowGenerator    FlagRST current has 832 flow
2026-05-15 21:17:43 DEBUG cic.cs.unb.ca.jnetpcap.FlowGenerator    FlagRST current has 831 flow
2026-05-15 21:17:44 WARN  cic.cs.unb.ca.jnetpcap.FlowGenerator    Forward flow received 2 FIN packets
2026-05-15 21:17:44 WARN  cic.cs.unb.ca.jnetpcap.FlowGenerator    Forward flow received 4 FIN packets
2026-05-15 21:17:44 DEBUG cic.cs.unb.ca.jnetpcap.FlowGenerator    FlagFIN current has 841 flow
2026-05-15 21:17:44 DEBUG cic.cs.unb.ca.jnetpcap.FlowGenerator    FlagRST current has 842 flow
2026-05-15 21:17:44 DEBUG cic.cs.unb.ca.jnetpcap.FlowGenerator    FlagRST current has 841 flow
2026-05-15 21:17:44 DEBUG cic.cs.unb.ca.jnetpcap.FlowGenerator    FlagRST current has 840 flow
2026-05-15 21:17:45 DEBUG cic.cs.unb.ca.jnetpcap.FlowGenerator    FlagRST current has 839 flow
2026-05-15 21:17:45 DEBUG cic.cs.unb.ca.jnetpcap.FlowGenerator    FlagFIN current has 838 flow
2026-05-15 21:17:45 INFO  cic.cs.unb.ca.jnetpcap.FlowGenerator    Forward flow closed due to FIN Flag
2026-05-15 21:17:45 DEBUG cic.cs.unb.ca.jnetpcap.FlowGenerator    FlagRST current has 838 flow
2026-05-15 21:17:45 DEBUG cic.cs.unb.ca.jnetpcap.FlowGenerator    FlagRST current has 853 flow
2026-05-15 21:17:45 DEBUG cic.cs.unb.ca.jnetpcap.FlowGenerator    FlagRST current has 852 flow
2026-05-15 21:17:45 WARN  cic.cs.unb.ca.jnetpcap.FlowGenerator    Forward flow received 2 FIN packets
2026-05-15 21:17:45 DEBUG cic.cs.unb.ca.jnetpcap.FlowGenerator    FlagRST current has 851 flow
2026-05-15 21:17:46 INFO  cic.cs.unb.ca.jnetpcap.FlowGenerator    Forward flow closed due to FIN Flag
2026-05-15 21:17:46 INFO  cic.cs.unb.ca.jnetpcap.FlowGenerator    Forward flow closed due to FIN Flag
2026-05-15 21:17:46 WARN  cic.cs.unb.ca.jnetpcap.FlowGenerator    Forward flow received 3 FIN packets
2026-05-15 21:17:46 DEBUG cic.cs.unb.ca.jnetpcap.FlowGenerator    FlagRST current has 863 flow
2026-05-15 21:17:47 DEBUG cic.cs.unb.ca.jnetpcap.FlowGenerator    FlagFIN current has 867 flow
2026-05-15 21:17:47 INFO  cic.cs.unb.ca.jnetpcap.FlowGenerator    Forward flow closed due to FIN Flag
2026-05-15 21:17:47 INFO  cic.cs.unb.ca.jnetpcap.FlowGenerator    Forward flow closed due to FIN Flag
2026-05-15 21:17:47 INFO  cic.cs.unb.ca.jnetpcap.FlowGenerator    Forward flow closed due to FIN Flag
2026-05-15 21:17:47 INFO  cic.cs.unb.ca.jnetpcap.FlowGenerator    Forward flow closed due to FIN Flag
2026-05-15 21:17:47 INFO  cic.cs.unb.ca.jnetpcap.FlowGenerator    Forward flow closed due to FIN Flag
2026-05-15 21:17:47 DEBUG cic.cs.unb.ca.jnetpcap.FlowGenerator    FlagRST current has 871 flow
2026-05-15 21:17:47 WARN  cic.cs.unb.ca.jnetpcap.FlowGenerator    Forward flow received 4 FIN packets
2026-05-15 21:17:47 DEBUG cic.cs.unb.ca.jnetpcap.FlowGenerator    FlagFIN current has 891 flow
2026-05-15 21:17:47 DEBUG cic.cs.unb.ca.jnetpcap.FlowGenerator    FlagFIN current has 891 flow
2026-05-15 21:17:48 WARN  cic.cs.unb.ca.jnetpcap.FlowGenerator    Forward flow received 2 FIN packets
2026-05-15 21:17:48 DEBUG cic.cs.unb.ca.jnetpcap.FlowGenerator    FlagFIN current has 905 flow
2026-05-15 21:17:48 DEBUG cic.cs.unb.ca.jnetpcap.FlowGenerator    FlagFIN current has 905 flow
2026-05-15 21:17:48 DEBUG cic.cs.unb.ca.jnetpcap.FlowGenerator    FlagFIN current has 905 flow
2026-05-15 21:17:48 WARN  cic.cs.unb.ca.jnetpcap.FlowGenerator    Forward flow received 2 FIN packets
2026-05-15 21:17:48 DEBUG cic.cs.unb.ca.jnetpcap.FlowGenerator    FlagFIN current has 905 flow
2026-05-15 21:17:48 INFO  cic.cs.unb.ca.jnetpcap.FlowGenerator    Forward flow closed due to FIN Flag
2026-05-15 21:17:48 DEBUG cic.cs.unb.ca.jnetpcap.FlowGenerator    FlagRST current has 905 flow
2026-05-15 21:17:48 DEBUG cic.cs.unb.ca.jnetpcap.FlowGenerator    FlagFIN current has 904 flow
2026-05-15 21:17:48 DEBUG cic.cs.unb.ca.jnetpcap.FlowGenerator    FlagFIN current has 904 flow
2026-05-15 21:17:48 DEBUG cic.cs.unb.ca.jnetpcap.FlowGenerator    FlagRST current has 904 flow
2026-05-15 21:17:48 DEBUG cic.cs.unb.ca.jnetpcap.FlowGenerator    FlagFIN current has 903 flow
2026-05-15 21:17:49 DEBUG cic.cs.unb.ca.jnetpcap.FlowGenerator    FlagFIN current has 908 flow
2026-05-15 21:17:49 INFO  cic.cs.unb.ca.jnetpcap.FlowGenerator    Forward flow closed due to FIN Flag
2026-05-15 21:17:49 DEBUG cic.cs.unb.ca.jnetpcap.FlowGenerator    FlagRST current has 909 flow
2026-05-15 21:17:49 DEBUG cic.cs.unb.ca.jnetpcap.FlowGenerator    FlagRST current has 909 flow
2026-05-15 21:17:49 DEBUG cic.cs.unb.ca.jnetpcap.FlowGenerator    FlagRST current has 908 flow
2026-05-15 21:17:50 DEBUG cic.cs.unb.ca.jnetpcap.FlowGenerator    FlagRST current has 907 flow
2026-05-15 21:17:50 DEBUG cic.cs.unb.ca.jnetpcap.FlowGenerator    FlagRST current has 915 flow
2026-05-15 21:17:50 DEBUG cic.cs.unb.ca.jnetpcap.FlowGenerator    FlagRST current has 915 flow
2026-05-15 21:17:50 DEBUG cic.cs.unb.ca.jnetpcap.FlowGenerator    FlagRST current has 914 flow
2026-05-15 21:17:51 INFO  cic.cs.unb.ca.jnetpcap.FlowGenerator    Forward flow closed due to FIN Flag
2026-05-15 21:17:51 DEBUG cic.cs.unb.ca.jnetpcap.FlowGenerator    FlagRST current has 921 flow
2026-05-15 21:17:51 INFO  cic.cs.unb.ca.jnetpcap.FlowGenerator    Forward flow closed due to FIN Flag
2026-05-15 21:17:51 WARN  cic.cs.unb.ca.jnetpcap.FlowGenerator    Forward flow received 3 FIN packets
2026-05-15 21:17:51 DEBUG cic.cs.unb.ca.jnetpcap.FlowGenerator    FlagFIN current has 924 flow
2026-05-15 21:17:51 WARN  cic.cs.unb.ca.jnetpcap.FlowGenerator    Forward flow received 4 FIN packets
2026-05-15 21:17:51 WARN  cic.cs.unb.ca.jnetpcap.FlowGenerator    Forward flow received 4 FIN packets
2026-05-15 21:17:51 DEBUG cic.cs.unb.ca.jnetpcap.FlowGenerator    FlagRST current has 924 flow
2026-05-15 21:17:52 DEBUG cic.cs.unb.ca.jnetpcap.FlowGenerator    FlagRST current has 923 flow
2026-05-15 21:17:52 DEBUG cic.cs.unb.ca.jnetpcap.FlowGenerator    FlagRST current has 931 flow
2026-05-15 21:17:53 DEBUG cic.cs.unb.ca.jnetpcap.FlowGenerator    FlagRST current has 943 flow
2026-05-15 21:17:53 WARN  cic.cs.unb.ca.jnetpcap.FlowGenerator    Forward flow received 4 FIN packets
2026-05-15 21:17:54 WARN  cic.cs.unb.ca.jnetpcap.FlowGenerator    Forward flow received 5 FIN packets
2026-05-15 21:17:54 WARN  cic.cs.unb.ca.jnetpcap.FlowGenerator    Forward flow received 6 FIN packets
2026-05-15 21:17:54 DEBUG cic.cs.unb.ca.jnetpcap.FlowGenerator    FlagFIN current has 952 flow
2026-05-15 21:17:54 INFO  cic.cs.unb.ca.jnetpcap.FlowGenerator    Forward flow closed due to FIN Flag
2026-05-15 21:17:56 WARN  cic.cs.unb.ca.jnetpcap.FlowGenerator    Forward flow received 2 FIN packets
2026-05-15 21:17:56 INFO  cic.cs.unb.ca.jnetpcap.FlowGenerator    Forward flow closed due to FIN Flag
2026-05-15 21:17:57 DEBUG cic.cs.unb.ca.jnetpcap.FlowGenerator    FlagRST current has 975 flow
2026-05-15 21:17:57 DEBUG cic.cs.unb.ca.jnetpcap.FlowGenerator    FlagFIN current has 984 flow
2026-05-15 21:17:57 WARN  cic.cs.unb.ca.jnetpcap.FlowGenerator    Forward flow received 4 FIN packets
2026-05-15 21:17:57 DEBUG cic.cs.unb.ca.jnetpcap.FlowGenerator    FlagFIN current has 985 flow
2026-05-15 21:17:57 INFO  cic.cs.unb.ca.jnetpcap.FlowGenerator    Forward flow closed due to FIN Flag
2026-05-15 21:17:57 DEBUG cic.cs.unb.ca.jnetpcap.FlowGenerator    FlagFIN current has 985 flow
2026-05-15 21:17:57 DEBUG cic.cs.unb.ca.jnetpcap.FlowGenerator    FlagFIN current has 985 flow
2026-05-15 21:17:58 DEBUG cic.cs.unb.ca.jnetpcap.FlowGenerator    FlagFIN current has 985 flow
2026-05-15 21:17:58 DEBUG cic.cs.unb.ca.jnetpcap.FlowGenerator    FlagRST current has 994 flow
2026-05-15 21:17:58 DEBUG cic.cs.unb.ca.jnetpcap.FlowGenerator    FlagRST current has 993 flow
2026-05-15 21:17:58 DEBUG cic.cs.unb.ca.jnetpcap.FlowGenerator    FlagRST current has 993 flow
2026-05-15 21:17:58 INFO  cic.cs.unb.ca.jnetpcap.FlowGenerator    Forward flow closed due to FIN Flag
2026-05-15 21:17:58 DEBUG cic.cs.unb.ca.jnetpcap.FlowGenerator    FlagRST current has 994 flow
2026-05-15 21:17:59 INFO  cic.cs.unb.ca.jnetpcap.FlowGenerator    Forward flow closed due to FIN Flag
2026-05-15 21:17:59 WARN  cic.cs.unb.ca.jnetpcap.FlowGenerator    Forward flow received 3 FIN packets
2026-05-15 21:17:59 DEBUG cic.cs.unb.ca.jnetpcap.FlowGenerator    FlagFIN current has 1006 flow
2026-05-15 21:18:00 INFO  cic.cs.unb.ca.jnetpcap.FlowGenerator    Forward flow closed due to FIN Flag
2026-05-15 21:18:00 DEBUG cic.cs.unb.ca.jnetpcap.FlowGenerator    FlagFIN current has 1024 flow
2026-05-15 21:18:00 WARN  cic.cs.unb.ca.jnetpcap.FlowGenerator    Forward flow received 5 FIN packets
2026-05-15 21:18:02 DEBUG cic.cs.unb.ca.jnetpcap.FlowGenerator    FlagFIN current has 1030 flow
2026-05-15 21:18:02 DEBUG cic.cs.unb.ca.jnetpcap.FlowGenerator    FlagFIN current has 1043 flow
2026-05-15 21:18:02 INFO  cic.cs.unb.ca.jnetpcap.FlowGenerator    Forward flow closed due to FIN Flag
2026-05-15 21:18:03 DEBUG cic.cs.unb.ca.jnetpcap.FlowGenerator    FlagFIN current has 1043 flow
2026-05-15 21:18:03 DEBUG cic.cs.unb.ca.jnetpcap.FlowGenerator    FlagFIN current has 1043 flow
2026-05-15 21:18:03 INFO  cic.cs.unb.ca.jnetpcap.FlowGenerator    Forward flow closed due to FIN Flag
2026-05-15 21:18:04 DEBUG cic.cs.unb.ca.jnetpcap.FlowGenerator    FlagFIN current has 1051 flow
2026-05-15 21:18:06 WARN  cic.cs.unb.ca.jnetpcap.FlowGenerator    Forward flow received 4 FIN packets
2026-05-15 21:18:06 DEBUG cic.cs.unb.ca.jnetpcap.FlowGenerator    FlagRST current has 1065 flow
2026-05-15 21:18:07 DEBUG cic.cs.unb.ca.jnetpcap.FlowGenerator    FlagFIN current has 1066 flow
2026-05-15 21:18:07 INFO  cic.cs.unb.ca.jnetpcap.FlowGenerator    Forward flow closed due to FIN Flag
2026-05-15 21:18:07 WARN  cic.cs.unb.ca.jnetpcap.FlowGenerator    Forward flow received 5 FIN packets
2026-05-15 21:18:08 WARN  cic.cs.unb.ca.jnetpcap.FlowGenerator    Forward flow received 5 FIN packets
2026-05-15 21:18:08 INFO  cic.cs.unb.ca.jnetpcap.FlowGenerator    Forward flow closed due to FIN Flag
2026-05-15 21:18:09 DEBUG cic.cs.unb.ca.jnetpcap.FlowGenerator    FlagFIN current has 1071 flow
2026-05-15 21:18:09 WARN  cic.cs.unb.ca.jnetpcap.FlowGenerator    Forward flow received 5 FIN packets
2026-05-15 21:18:09 INFO  cic.cs.unb.ca.jnetpcap.FlowGenerator    Forward flow closed due to FIN Flag
2026-05-15 21:18:09 DEBUG cic.cs.unb.ca.jnetpcap.FlowGenerator    FlagRST current has 1071 flow
2026-05-15 21:18:10 DEBUG cic.cs.unb.ca.jnetpcap.FlowGenerator    FlagRST current has 1070 flow
2026-05-15 21:18:10 DEBUG cic.cs.unb.ca.jnetpcap.FlowGenerator    FlagFIN current has 1073 flow
2026-05-15 21:18:10 DEBUG cic.cs.unb.ca.jnetpcap.FlowGenerator    FlagRST current has 1076 flow
2026-05-15 21:18:11 DEBUG cic.cs.unb.ca.jnetpcap.FlowGenerator    FlagRST current has 1075 flow
2026-05-15 21:18:11 INFO  cic.cs.unb.ca.jnetpcap.FlowGenerator    Forward flow closed due to FIN Flag
2026-05-15 21:18:11 DEBUG cic.cs.unb.ca.jnetpcap.FlowGenerator    FlagFIN current has 1081 flow
2026-05-15 21:18:11 DEBUG cic.cs.unb.ca.jnetpcap.FlowGenerator    FlagRST current has 1081 flow
2026-05-15 21:18:12 INFO  cic.cs.unb.ca.jnetpcap.FlowGenerator    Forward flow closed due to FIN Flag
2026-05-15 21:18:12 INFO  cic.cs.unb.ca.jnetpcap.FlowGenerator    Forward flow closed due to FIN Flag
2026-05-15 21:18:12 DEBUG cic.cs.unb.ca.jnetpcap.FlowGenerator    FlagFIN current has 1088 flow
2026-05-15 21:18:12 DEBUG cic.cs.unb.ca.jnetpcap.FlowGenerator    FlagRST current has 1089 flow
2026-05-15 21:18:13 DEBUG cic.cs.unb.ca.jnetpcap.FlowGenerator    FlagRST current has 1088 flow
2026-05-15 21:18:13 DEBUG cic.cs.unb.ca.jnetpcap.FlowGenerator    FlagFIN current has 1088 flow
2026-05-15 21:18:13 DEBUG cic.cs.unb.ca.jnetpcap.FlowGenerator    FlagFIN current has 1088 flow
2026-05-15 21:18:13 INFO  cic.cs.unb.ca.jnetpcap.FlowGenerator    Forward flow closed due to FIN Flag
2026-05-15 21:18:13 DEBUG cic.cs.unb.ca.jnetpcap.FlowGenerator    FlagFIN current has 1088 flow
2026-05-15 21:18:13 DEBUG cic.cs.unb.ca.jnetpcap.FlowGenerator    FlagFIN current has 1088 flow
2026-05-15 21:18:13 INFO  cic.cs.unb.ca.jnetpcap.FlowGenerator    Forward flow closed due to FIN Flag
2026-05-15 21:18:13 DEBUG cic.cs.unb.ca.jnetpcap.FlowGenerator    FlagFIN current has 1088 flow
2026-05-15 21:18:13 INFO  cic.cs.unb.ca.jnetpcap.FlowGenerator    Forward flow closed due to FIN Flag
2026-05-15 21:18:13 DEBUG cic.cs.unb.ca.jnetpcap.FlowGenerator    FlagFIN current has 1088 flow
2026-05-15 21:18:13 DEBUG cic.cs.unb.ca.jnetpcap.FlowGenerator    FlagFIN current has 1089 flow
2026-05-15 21:18:13 INFO  cic.cs.unb.ca.jnetpcap.FlowGenerator    Forward flow closed due to FIN Flag
2026-05-15 21:18:13 DEBUG cic.cs.unb.ca.jnetpcap.FlowGenerator    FlagFIN current has 1089 flow
2026-05-15 21:18:13 DEBUG cic.cs.unb.ca.jnetpcap.FlowGenerator    FlagFIN current has 1090 flow
2026-05-15 21:18:13 DEBUG cic.cs.unb.ca.jnetpcap.FlowGenerator    FlagRST current has 1090 flow
2026-05-15 21:18:14 WARN  cic.cs.unb.ca.jnetpcap.FlowGenerator    Forward flow received 5 FIN packets
2026-05-15 21:18:14 WARN  cic.cs.unb.ca.jnetpcap.FlowGenerator    Forward flow received 6 FIN packets
2026-05-15 21:18:14 INFO  cic.cs.unb.ca.jnetpcap.FlowGenerator    Forward flow closed due to FIN Flag
2026-05-15 21:18:14 DEBUG cic.cs.unb.ca.jnetpcap.FlowGenerator    FlagRST current has 1095 flow
2026-05-15 21:18:14 DEBUG cic.cs.unb.ca.jnetpcap.FlowGenerator    FlagRST current has 1094 flow
2026-05-15 21:18:14 DEBUG cic.cs.unb.ca.jnetpcap.FlowGenerator    FlagFIN current has 1093 flow
2026-05-15 21:18:14 DEBUG cic.cs.unb.ca.jnetpcap.FlowGenerator    FlagRST current has 1093 flow
2026-05-15 21:18:15 DEBUG cic.cs.unb.ca.jnetpcap.FlowGenerator    FlagRST current has 1092 flow
2026-05-15 21:18:15 INFO  cic.cs.unb.ca.jnetpcap.FlowGenerator    Forward flow closed due to FIN Flag
2026-05-15 21:18:15 DEBUG cic.cs.unb.ca.jnetpcap.FlowGenerator    FlagFIN current has 1093 flow
2026-05-15 21:18:15 INFO  cic.cs.unb.ca.jnetpcap.FlowGenerator    Forward flow closed due to FIN Flag
2026-05-15 21:18:15 DEBUG cic.cs.unb.ca.jnetpcap.FlowGenerator    FlagFIN current has 1095 flow
2026-05-15 21:18:15 DEBUG cic.cs.unb.ca.jnetpcap.FlowGenerator    FlagRST current has 1096 flow
2026-05-15 21:18:15 DEBUG cic.cs.unb.ca.jnetpcap.FlowGenerator    FlagFIN current has 1095 flow
2026-05-15 21:18:15 DEBUG cic.cs.unb.ca.jnetpcap.FlowGenerator    FlagFIN current has 1094 flow
2026-05-15 21:18:16 DEBUG cic.cs.unb.ca.jnetpcap.FlowGenerator    FlagRST current has 1094 flow
2026-05-15 21:18:16 DEBUG cic.cs.unb.ca.jnetpcap.FlowGenerator    FlagFIN current has 1094 flow
2026-05-15 21:18:16 DEBUG cic.cs.unb.ca.jnetpcap.FlowGenerator    FlagRST current has 1094 flow
2026-05-15 21:18:16 DEBUG cic.cs.unb.ca.jnetpcap.FlowGenerator    FlagRST current has 1093 flow
2026-05-15 21:18:17 DEBUG cic.cs.unb.ca.jnetpcap.FlowGenerator    FlagRST current has 1095 flow
2026-05-15 21:18:17 DEBUG cic.cs.unb.ca.jnetpcap.FlowGenerator    FlagRST current has 1094 flow
2026-05-15 21:18:17 DEBUG cic.cs.unb.ca.jnetpcap.FlowGenerator    FlagRST current has 1098 flow
2026-05-15 21:18:17 DEBUG cic.cs.unb.ca.jnetpcap.FlowGenerator    FlagRST current has 1100 flow
2026-05-15 21:18:18 DEBUG cic.cs.unb.ca.jnetpcap.FlowGenerator    FlagRST current has 1099 flow
2026-05-15 21:18:18 DEBUG cic.cs.unb.ca.jnetpcap.FlowGenerator    FlagRST current has 1098 flow
2026-05-15 21:18:18 INFO  cic.cs.unb.ca.jnetpcap.FlowGenerator    Forward flow closed due to FIN Flag
2026-05-15 21:18:18 DEBUG cic.cs.unb.ca.jnetpcap.FlowGenerator    FlagRST current has 1109 flow
2026-05-15 21:18:18 DEBUG cic.cs.unb.ca.jnetpcap.FlowGenerator    FlagRST current has 1108 flow
2026-05-15 21:18:19 DEBUG cic.cs.unb.ca.jnetpcap.FlowGenerator    FlagRST current has 1108 flow
2026-05-15 21:18:19 DEBUG cic.cs.unb.ca.jnetpcap.FlowGenerator    FlagRST current has 1107 flow
2026-05-15 21:18:19 DEBUG cic.cs.unb.ca.jnetpcap.FlowGenerator    FlagFIN current has 1110 flow
2026-05-15 21:18:19 INFO  cic.cs.unb.ca.jnetpcap.FlowGenerator    Forward flow closed due to FIN Flag
2026-05-15 21:18:19 WARN  cic.cs.unb.ca.jnetpcap.FlowGenerator    Forward flow received 5 FIN packets
2026-05-15 21:18:19 INFO  cic.cs.unb.ca.jnetpcap.FlowGenerator    Forward flow closed due to FIN Flag
2026-05-15 21:18:19 DEBUG cic.cs.unb.ca.jnetpcap.FlowGenerator    FlagRST current has 1118 flow
2026-05-15 21:18:19 DEBUG cic.cs.unb.ca.jnetpcap.FlowGenerator    FlagRST current has 1117 flow
2026-05-15 21:18:19 DEBUG cic.cs.unb.ca.jnetpcap.FlowGenerator    FlagRST current has 1116 flow
2026-05-15 21:18:19 DEBUG cic.cs.unb.ca.jnetpcap.FlowGenerator    FlagRST current has 1115 flow
2026-05-15 21:18:20 DEBUG cic.cs.unb.ca.jnetpcap.FlowGenerator    FlagFIN current has 1115 flow
2026-05-15 21:18:20 DEBUG cic.cs.unb.ca.jnetpcap.FlowGenerator    FlagRST current has 1116 flow
2026-05-15 21:18:20 DEBUG cic.cs.unb.ca.jnetpcap.FlowGenerator    FlagRST current has 1117 flow
2026-05-15 21:18:20 INFO  cic.cs.unb.ca.jnetpcap.FlowGenerator    Forward flow closed due to FIN Flag
2026-05-15 21:18:20 DEBUG cic.cs.unb.ca.jnetpcap.FlowGenerator    FlagRST current has 1119 flow
2026-05-15 21:18:20 DEBUG cic.cs.unb.ca.jnetpcap.FlowGenerator    FlagRST current has 1118 flow
2026-05-15 21:18:20 DEBUG cic.cs.unb.ca.jnetpcap.FlowGenerator    FlagRST current has 1118 flow
2026-05-15 21:18:20 DEBUG cic.cs.unb.ca.jnetpcap.FlowGenerator    FlagRST current has 1118 flow
2026-05-15 21:18:21 DEBUG cic.cs.unb.ca.jnetpcap.FlowGenerator    FlagRST current has 1119 flow
2026-05-15 21:18:21 DEBUG cic.cs.unb.ca.jnetpcap.FlowGenerator    FlagRST current has 1122 flow
2026-05-15 21:18:21 DEBUG cic.cs.unb.ca.jnetpcap.FlowGenerator    FlagRST current has 1122 flow
2026-05-15 21:18:21 DEBUG cic.cs.unb.ca.jnetpcap.FlowGenerator    FlagRST current has 1121 flow
2026-05-15 21:18:21 INFO  cic.cs.unb.ca.jnetpcap.FlowGenerator    Forward flow closed due to FIN Flag
2026-05-15 21:18:22 DEBUG cic.cs.unb.ca.jnetpcap.FlowGenerator    FlagFIN current has 1122 flow
2026-05-15 21:18:22 DEBUG cic.cs.unb.ca.jnetpcap.FlowGenerator    FlagRST current has 1128 flow
2026-05-15 21:18:22 DEBUG cic.cs.unb.ca.jnetpcap.FlowGenerator    FlagRST current has 1127 flow
2026-05-15 21:18:22 DEBUG cic.cs.unb.ca.jnetpcap.FlowGenerator    FlagRST current has 1126 flow
2026-05-15 21:18:22 DEBUG cic.cs.unb.ca.jnetpcap.FlowGenerator    FlagRST current has 1125 flow
2026-05-15 21:18:22 DEBUG cic.cs.unb.ca.jnetpcap.FlowGenerator    FlagRST current has 1124 flow
2026-05-15 21:18:23 INFO  cic.cs.unb.ca.jnetpcap.FlowGenerator    Forward flow closed due to FIN Flag
2026-05-15 21:18:23 DEBUG cic.cs.unb.ca.jnetpcap.FlowGenerator    FlagRST current has 1127 flow
2026-05-15 21:18:23 DEBUG cic.cs.unb.ca.jnetpcap.FlowGenerator    FlagRST current has 1126 flow
2026-05-15 21:18:23 DEBUG cic.cs.unb.ca.jnetpcap.FlowGenerator    FlagRST current has 1125 flow
2026-05-15 21:18:23 DEBUG cic.cs.unb.ca.jnetpcap.FlowGenerator    FlagRST current has 1124 flow
2026-05-15 21:18:23 DEBUG cic.cs.unb.ca.jnetpcap.FlowGenerator    FlagFIN current has 1123 flow
2026-05-15 21:18:24 DEBUG cic.cs.unb.ca.jnetpcap.FlowGenerator    FlagRST current has 1134 flow
2026-05-15 21:18:24 DEBUG cic.cs.unb.ca.jnetpcap.FlowGenerator    FlagRST current has 1133 flow
2026-05-15 21:18:24 DEBUG cic.cs.unb.ca.jnetpcap.FlowGenerator    FlagRST current has 1134 flow
2026-05-15 21:18:25 DEBUG cic.cs.unb.ca.jnetpcap.FlowGenerator    FlagRST current has 1133 flow
2026-05-15 21:18:25 INFO  cic.cs.unb.ca.jnetpcap.FlowGenerator    Forward flow closed due to FIN Flag
2026-05-15 21:18:25 DEBUG cic.cs.unb.ca.jnetpcap.FlowGenerator    FlagRST current has 1138 flow
2026-05-15 21:18:25 DEBUG cic.cs.unb.ca.jnetpcap.FlowGenerator    FlagRST current has 1137 flow
2026-05-15 21:18:25 DEBUG cic.cs.unb.ca.jnetpcap.FlowGenerator    FlagRST current has 1136 flow
2026-05-15 21:18:25 INFO  cic.cs.unb.ca.jnetpcap.FlowGenerator    Forward flow closed due to FIN Flag
2026-05-15 21:18:25 DEBUG cic.cs.unb.ca.jnetpcap.FlowGenerator    FlagRST current has 1136 flow
2026-05-15 21:18:26 DEBUG cic.cs.unb.ca.jnetpcap.FlowGenerator    FlagRST current has 1135 flow
2026-05-15 21:18:26 DEBUG cic.cs.unb.ca.jnetpcap.FlowGenerator    FlagRST current has 1134 flow
2026-05-15 21:18:26 INFO  cic.cs.unb.ca.jnetpcap.FlowGenerator    Forward flow closed due to FIN Flag
2026-05-15 21:18:26 DEBUG cic.cs.unb.ca.jnetpcap.FlowGenerator    FlagRST current has 1135 flow
2026-05-15 21:18:26 INFO  cic.cs.unb.ca.jnetpcap.FlowGenerator    Forward flow closed due to FIN Flag
2026-05-15 21:18:26 DEBUG cic.cs.unb.ca.jnetpcap.FlowGenerator    FlagFIN current has 1146 flow
2026-05-15 21:18:26 DEBUG cic.cs.unb.ca.jnetpcap.FlowGenerator    FlagRST current has 1147 flow
2026-05-15 21:18:26 DEBUG cic.cs.unb.ca.jnetpcap.FlowGenerator    FlagRST current has 1146 flow
2026-05-15 21:18:27 DEBUG cic.cs.unb.ca.jnetpcap.FlowGenerator    FlagRST current has 1146 flow
2026-05-15 21:18:27 DEBUG cic.cs.unb.ca.jnetpcap.FlowGenerator    FlagRST current has 1145 flow
2026-05-15 21:18:27 DEBUG cic.cs.unb.ca.jnetpcap.FlowGenerator    FlagRST current has 1144 flow
2026-05-15 21:18:27 DEBUG cic.cs.unb.ca.jnetpcap.FlowGenerator    FlagRST current has 1143 flow
2026-05-15 21:18:27 DEBUG cic.cs.unb.ca.jnetpcap.FlowGenerator    FlagFIN current has 1142 flow
2026-05-15 21:18:27 DEBUG cic.cs.unb.ca.jnetpcap.FlowGenerator    FlagRST current has 1142 flow
2026-05-15 21:18:27 DEBUG cic.cs.unb.ca.jnetpcap.FlowGenerator    FlagRST current has 1141 flow
2026-05-15 21:18:27 DEBUG cic.cs.unb.ca.jnetpcap.FlowGenerator    FlagRST current has 1140 flow
2026-05-15 21:18:27 DEBUG cic.cs.unb.ca.jnetpcap.FlowGenerator    FlagRST current has 1139 flow
2026-05-15 21:18:27 DEBUG cic.cs.unb.ca.jnetpcap.FlowGenerator    FlagRST current has 1154 flow
2026-05-15 21:18:27 DEBUG cic.cs.unb.ca.jnetpcap.FlowGenerator    FlagFIN current has 1155 flow
2026-05-15 21:18:27 DEBUG cic.cs.unb.ca.jnetpcap.FlowGenerator    FlagRST current has 1154 flow
2026-05-15 21:18:27 INFO  cic.cs.unb.ca.jnetpcap.FlowGenerator    Forward flow closed due to FIN Flag
2026-05-15 21:18:27 DEBUG cic.cs.unb.ca.jnetpcap.FlowGenerator    FlagRST current has 1155 flow
2026-05-15 21:18:27 DEBUG cic.cs.unb.ca.jnetpcap.FlowGenerator    FlagRST current has 1154 flow
2026-05-15 21:18:27 DEBUG cic.cs.unb.ca.jnetpcap.FlowGenerator    FlagRST current has 1153 flow
2026-05-15 21:18:28 DEBUG cic.cs.unb.ca.jnetpcap.FlowGenerator    FlagRST current has 1152 flow
2026-05-15 21:18:28 DEBUG cic.cs.unb.ca.jnetpcap.FlowGenerator    FlagRST current has 1151 flow
2026-05-15 21:18:28 INFO  cic.cs.unb.ca.jnetpcap.FlowGenerator    Forward flow closed due to FIN Flag
2026-05-15 21:18:28 DEBUG cic.cs.unb.ca.jnetpcap.FlowGenerator    FlagRST current has 1152 flow
2026-05-15 21:18:28 INFO  cic.cs.unb.ca.jnetpcap.FlowGenerator    Forward flow closed due to FIN Flag
2026-05-15 21:18:28 DEBUG cic.cs.unb.ca.jnetpcap.FlowGenerator    FlagRST current has 1151 flow
2026-05-15 21:18:28 DEBUG cic.cs.unb.ca.jnetpcap.FlowGenerator    FlagRST current has 1150 flow
2026-05-15 21:18:28 WARN  cic.cs.unb.ca.jnetpcap.FlowGenerator    Forward flow received 6 FIN packets
2026-05-15 21:18:28 INFO  cic.cs.unb.ca.jnetpcap.FlowGenerator    Forward flow closed due to FIN Flag
2026-05-15 21:18:28 INFO  cic.cs.unb.ca.jnetpcap.FlowGenerator    Forward flow closed due to FIN Flag
2026-05-15 21:18:28 DEBUG cic.cs.unb.ca.jnetpcap.FlowGenerator    FlagFIN current has 1169 flow
2026-05-15 21:18:28 DEBUG cic.cs.unb.ca.jnetpcap.FlowGenerator    FlagRST current has 1170 flow
2026-05-15 21:18:28 DEBUG cic.cs.unb.ca.jnetpcap.FlowGenerator    FlagRST current has 1170 flow
2026-05-15 21:18:28 DEBUG cic.cs.unb.ca.jnetpcap.FlowGenerator    FlagRST current has 1169 flow
2026-05-15 21:18:28 DEBUG cic.cs.unb.ca.jnetpcap.FlowGenerator    FlagRST current has 1168 flow
2026-05-15 21:18:29 INFO  cic.cs.unb.ca.jnetpcap.FlowGenerator    Forward flow closed due to FIN Flag
2026-05-15 21:18:29 DEBUG cic.cs.unb.ca.jnetpcap.FlowGenerator    FlagRST current has 1168 flow
2026-05-15 21:18:29 DEBUG cic.cs.unb.ca.jnetpcap.FlowGenerator    FlagRST current has 1167 flow
2026-05-15 21:18:29 DEBUG cic.cs.unb.ca.jnetpcap.FlowGenerator    FlagFIN current has 1167 flow
2026-05-15 21:18:29 DEBUG cic.cs.unb.ca.jnetpcap.FlowGenerator    FlagRST current has 1168 flow
2026-05-15 21:18:29 INFO  cic.cs.unb.ca.jnetpcap.FlowGenerator    Forward flow closed due to FIN Flag
2026-05-15 21:18:29 DEBUG cic.cs.unb.ca.jnetpcap.FlowGenerator    FlagRST current has 1196 flow
2026-05-15 21:18:29 DEBUG cic.cs.unb.ca.jnetpcap.FlowGenerator    FlagFIN current has 1195 flow
2026-05-15 21:18:29 DEBUG cic.cs.unb.ca.jnetpcap.FlowGenerator    FlagRST current has 1196 flow
2026-05-15 21:18:29 DEBUG cic.cs.unb.ca.jnetpcap.FlowGenerator    FlagRST current has 1196 flow
2026-05-15 21:18:29 DEBUG cic.cs.unb.ca.jnetpcap.FlowGenerator    FlagRST current has 1195 flow
2026-05-15 21:18:29 DEBUG cic.cs.unb.ca.jnetpcap.FlowGenerator    FlagRST current has 1194 flow
2026-05-15 21:18:30 DEBUG cic.cs.unb.ca.jnetpcap.FlowGenerator    FlagRST current has 1194 flow
2026-05-15 21:18:30 INFO  cic.cs.unb.ca.jnetpcap.FlowGenerator    Forward flow closed due to FIN Flag
2026-05-15 21:18:30 DEBUG cic.cs.unb.ca.jnetpcap.FlowGenerator    FlagRST current has 1193 flow
2026-05-15 21:18:30 DEBUG cic.cs.unb.ca.jnetpcap.FlowGenerator    FlagRST current has 1208 flow
2026-05-15 21:18:30 INFO  cic.cs.unb.ca.jnetpcap.FlowGenerator    Forward flow closed due to FIN Flag
2026-05-15 21:18:30 DEBUG cic.cs.unb.ca.jnetpcap.FlowGenerator    FlagRST current has 1211 flow
2026-05-15 21:18:30 DEBUG cic.cs.unb.ca.jnetpcap.FlowGenerator    FlagRST current has 1211 flow
2026-05-15 21:18:30 DEBUG cic.cs.unb.ca.jnetpcap.FlowGenerator    FlagRST current has 1210 flow
2026-05-15 21:18:31 DEBUG cic.cs.unb.ca.jnetpcap.FlowGenerator    FlagRST current has 1209 flow
2026-05-15 21:18:31 DEBUG cic.cs.unb.ca.jnetpcap.FlowGenerator    FlagRST current has 1208 flow
2026-05-15 21:18:31 DEBUG cic.cs.unb.ca.jnetpcap.FlowGenerator    FlagRST current has 1207 flow
2026-05-15 21:18:31 DEBUG cic.cs.unb.ca.jnetpcap.FlowGenerator    FlagRST current has 1206 flow
2026-05-15 21:18:31 DEBUG cic.cs.unb.ca.jnetpcap.FlowGenerator    FlagFIN current has 1205 flow
2026-05-15 21:18:31 DEBUG cic.cs.unb.ca.jnetpcap.FlowGenerator    FlagRST current has 1205 flow
2026-05-15 21:18:31 DEBUG cic.cs.unb.ca.jnetpcap.FlowGenerator    FlagRST current has 1232 flow
2026-05-15 21:18:31 DEBUG cic.cs.unb.ca.jnetpcap.FlowGenerator    FlagFIN current has 1233 flow
2026-05-15 21:18:32 DEBUG cic.cs.unb.ca.jnetpcap.FlowGenerator    FlagRST current has 1234 flow
2026-05-15 21:18:32 DEBUG cic.cs.unb.ca.jnetpcap.FlowGenerator    FlagRST current has 1233 flow
2026-05-15 21:18:32 DEBUG cic.cs.unb.ca.jnetpcap.FlowGenerator    FlagRST current has 1233 flow
2026-05-15 21:18:32 DEBUG cic.cs.unb.ca.jnetpcap.FlowGenerator    FlagRST current has 1232 flow
2026-05-15 21:18:32 DEBUG cic.cs.unb.ca.jnetpcap.FlowGenerator    FlagRST current has 1231 flow
2026-05-15 21:18:32 DEBUG cic.cs.unb.ca.jnetpcap.FlowGenerator    FlagRST current has 1230 flow
2026-05-15 21:18:32 DEBUG cic.cs.unb.ca.jnetpcap.FlowGenerator    FlagRST current has 1259 flow
2026-05-15 21:18:32 DEBUG cic.cs.unb.ca.jnetpcap.FlowGenerator    FlagRST current has 1258 flow
2026-05-15 21:18:32 DEBUG cic.cs.unb.ca.jnetpcap.FlowGenerator    FlagRST current has 1257 flow
2026-05-15 21:18:32 DEBUG cic.cs.unb.ca.jnetpcap.FlowGenerator    FlagRST current has 1256 flow
2026-05-15 21:18:33 DEBUG cic.cs.unb.ca.jnetpcap.FlowGenerator    FlagRST current has 1255 flow
2026-05-15 21:18:33 DEBUG cic.cs.unb.ca.jnetpcap.FlowGenerator    FlagRST current has 1254 flow
2026-05-15 21:18:33 WARN  cic.cs.unb.ca.jnetpcap.FlowGenerator    Forward flow received 6 FIN packets
2026-05-15 21:18:33 DEBUG cic.cs.unb.ca.jnetpcap.FlowGenerator    FlagRST current has 1253 flow
2026-05-15 21:18:33 DEBUG cic.cs.unb.ca.jnetpcap.FlowGenerator    FlagRST current has 1260 flow
2026-05-15 21:18:34 DEBUG cic.cs.unb.ca.jnetpcap.FlowGenerator    FlagRST current has 1290 flow
2026-05-15 21:18:34 DEBUG cic.cs.unb.ca.jnetpcap.FlowGenerator    FlagRST current has 1289 flow
2026-05-15 21:18:34 DEBUG cic.cs.unb.ca.jnetpcap.FlowGenerator    FlagRST current has 1288 flow
2026-05-15 21:18:34 DEBUG cic.cs.unb.ca.jnetpcap.FlowGenerator    FlagRST current has 1287 flow
2026-05-15 21:18:34 DEBUG cic.cs.unb.ca.jnetpcap.FlowGenerator    FlagRST current has 1286 flow
2026-05-15 21:18:34 DEBUG cic.cs.unb.ca.jnetpcap.FlowGenerator    FlagRST current has 1285 flow
2026-05-15 21:18:34 DEBUG cic.cs.unb.ca.jnetpcap.FlowGenerator    FlagRST current has 1284 flow
2026-05-15 21:18:34 DEBUG cic.cs.unb.ca.jnetpcap.FlowGenerator    FlagRST current has 1283 flow
2026-05-15 21:18:34 DEBUG cic.cs.unb.ca.jnetpcap.FlowGenerator    FlagRST current has 1304 flow
2026-05-15 21:18:34 DEBUG cic.cs.unb.ca.jnetpcap.FlowGenerator    FlagRST current has 1310 flow
2026-05-15 21:18:35 DEBUG cic.cs.unb.ca.jnetpcap.FlowGenerator    FlagRST current has 1309 flow
2026-05-15 21:18:35 DEBUG cic.cs.unb.ca.jnetpcap.FlowGenerator    FlagRST current has 1308 flow
2026-05-15 21:18:35 DEBUG cic.cs.unb.ca.jnetpcap.FlowGenerator    FlagRST current has 1307 flow
2026-05-15 21:18:35 DEBUG cic.cs.unb.ca.jnetpcap.FlowGenerator    FlagRST current has 1306 flow
2026-05-15 21:18:35 WARN  cic.cs.unb.ca.jnetpcap.FlowGenerator    Forward flow received 6 FIN packets
2026-05-15 21:18:36 DEBUG cic.cs.unb.ca.jnetpcap.FlowGenerator    FlagRST current has 1335 flow
2026-05-15 21:18:36 DEBUG cic.cs.unb.ca.jnetpcap.FlowGenerator    FlagRST current has 1334 flow
2026-05-15 21:18:36 DEBUG cic.cs.unb.ca.jnetpcap.FlowGenerator    FlagRST current has 1333 flow
2026-05-15 21:18:36 DEBUG cic.cs.unb.ca.jnetpcap.FlowGenerator    FlagRST current has 1332 flow
2026-05-15 21:18:36 DEBUG cic.cs.unb.ca.jnetpcap.FlowGenerator    FlagRST current has 1331 flow
2026-05-15 21:18:36 DEBUG cic.cs.unb.ca.jnetpcap.FlowGenerator    FlagRST current has 1330 flow
2026-05-15 21:18:36 DEBUG cic.cs.unb.ca.jnetpcap.FlowGenerator    FlagRST current has 1329 flow
2026-05-15 21:18:36 INFO  cic.cs.unb.ca.jnetpcap.FlowGenerator    Forward flow closed due to FIN Flag
2026-05-15 21:18:36 INFO  cic.cs.unb.ca.jnetpcap.FlowGenerator    Forward flow closed due to FIN Flag
2026-05-15 21:18:36 INFO  cic.cs.unb.ca.jnetpcap.FlowGenerator    Forward flow closed due to FIN Flag
2026-05-15 21:18:37 DEBUG cic.cs.unb.ca.jnetpcap.FlowGenerator    FlagRST current has 1353 flow
2026-05-15 21:18:37 DEBUG cic.cs.unb.ca.jnetpcap.FlowGenerator    FlagRST current has 1352 flow
2026-05-15 21:18:37 DEBUG cic.cs.unb.ca.jnetpcap.FlowGenerator    FlagRST current has 1351 flow
2026-05-15 21:18:37 DEBUG cic.cs.unb.ca.jnetpcap.FlowGenerator    FlagFIN current has 1351 flow
2026-05-15 21:18:37 INFO  cic.cs.unb.ca.jnetpcap.FlowGenerator    Forward flow closed due to FIN Flag
2026-05-15 21:18:37 DEBUG cic.cs.unb.ca.jnetpcap.FlowGenerator    FlagRST current has 1353 flow
2026-05-15 21:18:37 DEBUG cic.cs.unb.ca.jnetpcap.FlowGenerator    FlagRST current has 1352 flow
2026-05-15 21:18:37 DEBUG cic.cs.unb.ca.jnetpcap.FlowGenerator    FlagRST current has 1352 flow
2026-05-15 21:18:37 INFO  cic.cs.unb.ca.jnetpcap.FlowGenerator    Forward flow closed due to FIN Flag
2026-05-15 21:18:37 DEBUG cic.cs.unb.ca.jnetpcap.FlowGenerator    FlagFIN current has 1357 flow
2026-05-15 21:18:38 DEBUG cic.cs.unb.ca.jnetpcap.FlowGenerator    FlagRST current has 1359 flow
2026-05-15 21:18:38 DEBUG cic.cs.unb.ca.jnetpcap.FlowGenerator    FlagRST current has 1364 flow
2026-05-15 21:18:38 DEBUG cic.cs.unb.ca.jnetpcap.FlowGenerator    FlagRST current has 1363 flow
2026-05-15 21:18:38 DEBUG cic.cs.unb.ca.jnetpcap.FlowGenerator    FlagFIN current has 1363 flow
2026-05-15 21:18:38 INFO  cic.cs.unb.ca.jnetpcap.FlowGenerator    Forward flow closed due to FIN Flag
2026-05-15 21:18:39 DEBUG cic.cs.unb.ca.jnetpcap.FlowGenerator    FlagRST current has 1365 flow
2026-05-15 21:18:40 DEBUG cic.cs.unb.ca.jnetpcap.FlowGenerator    FlagRST current has 1366 flow
2026-05-15 21:18:40 DEBUG cic.cs.unb.ca.jnetpcap.FlowGenerator    FlagRST current has 1365 flow
2026-05-15 21:18:40 DEBUG cic.cs.unb.ca.jnetpcap.FlowGenerator    FlagRST current has 1367 flow
2026-05-15 21:18:40 WARN  cic.cs.unb.ca.jnetpcap.FlowGenerator    Forward flow received 6 FIN packets
2026-05-15 21:18:42 DEBUG cic.cs.unb.ca.jnetpcap.FlowGenerator    FlagRST current has 1370 flow
2026-05-15 21:18:42 DEBUG cic.cs.unb.ca.jnetpcap.FlowGenerator    FlagRST current has 1369 flow
2026-05-15 21:18:44 DEBUG cic.cs.unb.ca.jnetpcap.FlowGenerator    FlagRST current has 1373 flow
2026-05-15 21:18:44 DEBUG cic.cs.unb.ca.jnetpcap.FlowGenerator    FlagFIN current has 1374 flow
2026-05-15 21:18:44 DEBUG cic.cs.unb.ca.jnetpcap.FlowGenerator    FlagRST current has 1374 flow
2026-05-15 21:18:45 DEBUG cic.cs.unb.ca.jnetpcap.FlowGenerator    FlagFIN current has 1373 flow
2026-05-15 21:18:45 INFO  cic.cs.unb.ca.jnetpcap.FlowGenerator    Forward flow closed due to FIN Flag
2026-05-15 21:18:45 DEBUG cic.cs.unb.ca.jnetpcap.FlowGenerator    FlagRST current has 1374 flow
2026-05-15 21:18:45 DEBUG cic.cs.unb.ca.jnetpcap.FlowGenerator    FlagRST current has 1373 flow
2026-05-15 21:18:45 WARN  cic.cs.unb.ca.jnetpcap.FlowGenerator    Forward flow received 6 FIN packets
2026-05-15 21:18:47 WARN  cic.cs.unb.ca.jnetpcap.FlowGenerator    Forward flow received 2 FIN packets
2026-05-15 21:18:47 INFO  cic.cs.unb.ca.jnetpcap.FlowGenerator    Forward flow closed due to FIN Flag
2026-05-15 21:18:48 DEBUG cic.cs.unb.ca.jnetpcap.FlowGenerator    FlagFIN current has 1381 flow
2026-05-15 21:18:49 DEBUG cic.cs.unb.ca.jnetpcap.FlowGenerator    Timeout current has 1400 flow
2026-05-15 21:18:50 DEBUG cic.cs.unb.ca.jnetpcap.FlowGenerator    FlagFIN current has 1400 flow
2026-05-15 21:18:50 INFO  cic.cs.unb.ca.jnetpcap.FlowGenerator    Forward flow closed due to FIN Flag
2026-05-15 21:18:50 DEBUG cic.cs.unb.ca.jnetpcap.FlowGenerator    Timeout current has 1400 flow
2026-05-15 21:18:50 WARN  cic.cs.unb.ca.jnetpcap.FlowGenerator    Forward flow received 3 FIN packets
2026-05-15 21:18:51 DEBUG cic.cs.unb.ca.jnetpcap.FlowGenerator    FlagFIN current has 1424 flow
2026-05-15 21:18:51 INFO  cic.cs.unb.ca.jnetpcap.FlowGenerator    Forward flow closed due to FIN Flag
2026-05-15 21:18:51 INFO  cic.cs.unb.ca.jnetpcap.FlowGenerator    Forward flow closed due to FIN Flag
2026-05-15 21:18:51 DEBUG cic.cs.unb.ca.jnetpcap.FlowGenerator    FlagRST current has 1424 flow
2026-05-15 21:18:52 DEBUG cic.cs.unb.ca.jnetpcap.FlowGenerator    FlagFIN current has 1445 flow
2026-05-15 21:18:52 DEBUG cic.cs.unb.ca.jnetpcap.FlowGenerator    FlagFIN current has 1445 flow
2026-05-15 21:18:52 INFO  cic.cs.unb.ca.jnetpcap.FlowGenerator    Forward flow closed due to FIN Flag
2026-05-15 21:18:52 DEBUG cic.cs.unb.ca.jnetpcap.FlowGenerator    FlagFIN current has 1445 flow
2026-05-15 21:18:52 INFO  cic.cs.unb.ca.jnetpcap.FlowGenerator    Forward flow closed due to FIN Flag
2026-05-15 21:18:53 INFO  cic.cs.unb.ca.jnetpcap.FlowGenerator    Forward flow closed due to FIN Flag
2026-05-15 21:18:53 DEBUG cic.cs.unb.ca.jnetpcap.FlowGenerator    FlagRST current has 1446 flow
2026-05-15 21:18:53 INFO  cic.cs.unb.ca.jnetpcap.FlowGenerator    Forward flow closed due to FIN Flag
2026-05-15 21:18:53 DEBUG cic.cs.unb.ca.jnetpcap.FlowGenerator    FlagFIN current has 1446 flow
2026-05-15 21:18:53 INFO  cic.cs.unb.ca.jnetpcap.FlowGenerator    Forward flow closed due to FIN Flag
2026-05-15 21:18:53 DEBUG cic.cs.unb.ca.jnetpcap.FlowGenerator    FlagFIN current has 1446 flow
2026-05-15 21:18:53 WARN  cic.cs.unb.ca.jnetpcap.FlowGenerator    Forward flow received 2 FIN packets
2026-05-15 21:18:53 DEBUG cic.cs.unb.ca.jnetpcap.FlowGenerator    FlagRST current has 1446 flow
2026-05-15 21:18:53 DEBUG cic.cs.unb.ca.jnetpcap.FlowGenerator    FlagFIN current has 1445 flow
2026-05-15 21:18:53 DEBUG cic.cs.unb.ca.jnetpcap.FlowGenerator    FlagFIN current has 1445 flow
2026-05-15 21:18:54 DEBUG cic.cs.unb.ca.jnetpcap.FlowGenerator    FlagRST current has 1451 flow
2026-05-15 21:18:54 DEBUG cic.cs.unb.ca.jnetpcap.FlowGenerator    FlagRST current has 1450 flow
2026-05-15 21:18:54 DEBUG cic.cs.unb.ca.jnetpcap.FlowGenerator    FlagFIN current has 1449 flow
2026-05-15 21:18:54 INFO  cic.cs.unb.ca.jnetpcap.FlowGenerator    Forward flow closed due to FIN Flag
2026-05-15 21:18:54 DEBUG cic.cs.unb.ca.jnetpcap.FlowGenerator    FlagRST current has 1450 flow
2026-05-15 21:18:55 DEBUG cic.cs.unb.ca.jnetpcap.FlowGenerator    FlagRST current has 1449 flow
2026-05-15 21:18:55 INFO  cic.cs.unb.ca.jnetpcap.FlowGenerator    Forward flow closed due to FIN Flag
2026-05-15 21:18:55 INFO  cic.cs.unb.ca.jnetpcap.FlowGenerator    Forward flow closed due to FIN Flag
2026-05-15 21:18:55 DEBUG cic.cs.unb.ca.jnetpcap.FlowGenerator    FlagFIN current has 1450 flow
2026-05-15 21:18:55 WARN  cic.cs.unb.ca.jnetpcap.FlowGenerator    Forward flow received 3 FIN packets
2026-05-15 21:18:55 DEBUG cic.cs.unb.ca.jnetpcap.FlowGenerator    FlagFIN current has 1450 flow
2026-05-15 21:18:55 INFO  cic.cs.unb.ca.jnetpcap.FlowGenerator    Forward flow closed due to FIN Flag
2026-05-15 21:18:56 DEBUG cic.cs.unb.ca.jnetpcap.FlowGenerator    FlagFIN current has 1453 flow
2026-05-15 21:18:56 DEBUG cic.cs.unb.ca.jnetpcap.FlowGenerator    FlagFIN current has 1453 flow
2026-05-15 21:18:57 DEBUG cic.cs.unb.ca.jnetpcap.FlowGenerator    FlagFIN current has 1456 flow
2026-05-15 21:18:57 INFO  cic.cs.unb.ca.jnetpcap.FlowGenerator    Forward flow closed due to FIN Flag
2026-05-15 21:18:57 DEBUG cic.cs.unb.ca.jnetpcap.FlowGenerator    FlagFIN current has 1456 flow
2026-05-15 21:18:57 INFO  cic.cs.unb.ca.jnetpcap.FlowGenerator    Forward flow closed due to FIN Flag
2026-05-15 21:18:57 DEBUG cic.cs.unb.ca.jnetpcap.FlowGenerator    FlagRST current has 1456 flow
2026-05-15 21:18:58 DEBUG cic.cs.unb.ca.jnetpcap.FlowGenerator    FlagFIN current has 1457 flow
2026-05-15 21:18:58 WARN  cic.cs.unb.ca.jnetpcap.FlowGenerator    Forward flow received 4 FIN packets
2026-05-15 21:18:58 DEBUG cic.cs.unb.ca.jnetpcap.FlowGenerator    FlagRST current has 1457 flow
2026-05-15 21:18:58 DEBUG cic.cs.unb.ca.jnetpcap.FlowGenerator    FlagRST current has 1456 flow
2026-05-15 21:18:59 DEBUG cic.cs.unb.ca.jnetpcap.FlowGenerator    FlagFIN current has 1455 flow
2026-05-15 21:18:59 INFO  cic.cs.unb.ca.jnetpcap.FlowGenerator    Forward flow closed due to FIN Flag
2026-05-15 21:18:59 INFO  cic.cs.unb.ca.jnetpcap.FlowGenerator    Forward flow closed due to FIN Flag
2026-05-15 21:18:59 DEBUG cic.cs.unb.ca.jnetpcap.FlowGenerator    FlagFIN current has 1455 flow
2026-05-15 21:18:59 DEBUG cic.cs.unb.ca.jnetpcap.FlowGenerator    FlagFIN current has 1455 flow
2026-05-15 21:18:59 DEBUG cic.cs.unb.ca.jnetpcap.FlowGenerator    FlagFIN current has 1455 flow
2026-05-15 21:19:00 WARN  cic.cs.unb.ca.jnetpcap.FlowGenerator    Forward flow received 4 FIN packets
2026-05-15 21:19:02 INFO  cic.cs.unb.ca.jnetpcap.FlowGenerator    Forward flow closed due to FIN Flag
2026-05-15 21:19:03 DEBUG cic.cs.unb.ca.jnetpcap.FlowGenerator    FlagFIN current has 1464 flow
2026-05-15 21:19:04 DEBUG cic.cs.unb.ca.jnetpcap.FlowGenerator    FlagRST current has 1466 flow
2026-05-15 21:19:05 INFO  cic.cs.unb.ca.jnetpcap.FlowGenerator    Forward flow closed due to FIN Flag
2026-05-15 21:19:05 INFO  cic.cs.unb.ca.jnetpcap.FlowGenerator    Forward flow closed due to FIN Flag
2026-05-15 21:19:06 DEBUG cic.cs.unb.ca.jnetpcap.FlowGenerator    FlagFIN current has 1472 flow
2026-05-15 21:19:07 DEBUG cic.cs.unb.ca.jnetpcap.FlowGenerator    FlagRST current has 1474 flow
2026-05-15 21:19:08 DEBUG cic.cs.unb.ca.jnetpcap.FlowGenerator    FlagRST current has 1473 flow
2026-05-15 21:19:08 DEBUG cic.cs.unb.ca.jnetpcap.FlowGenerator    FlagRST current has 1475 flow
2026-05-15 21:19:09 WARN  cic.cs.unb.ca.jnetpcap.FlowGenerator    Forward flow received 5 FIN packets
2026-05-15 21:19:09 INFO  cic.cs.unb.ca.jnetpcap.FlowGenerator    Forward flow closed due to FIN Flag
2026-05-15 21:19:10 DEBUG cic.cs.unb.ca.jnetpcap.FlowGenerator    FlagRST current has 1477 flow
2026-05-15 21:19:10 DEBUG cic.cs.unb.ca.jnetpcap.FlowGenerator    FlagFIN current has 1478 flow
2026-05-15 21:19:10 INFO  cic.cs.unb.ca.jnetpcap.FlowGenerator    Forward flow closed due to FIN Flag
2026-05-15 21:19:11 DEBUG cic.cs.unb.ca.jnetpcap.FlowGenerator    FlagFIN current has 1479 flow
2026-05-15 21:19:11 DEBUG cic.cs.unb.ca.jnetpcap.FlowGenerator    FlagRST current has 1478 flow
2026-05-15 21:19:11 INFO  cic.cs.unb.ca.jnetpcap.FlowGenerator    Forward flow closed due to FIN Flag
2026-05-15 21:19:11 INFO  cic.cs.unb.ca.jnetpcap.FlowGenerator    Forward flow closed due to FIN Flag
2026-05-15 21:19:11 DEBUG cic.cs.unb.ca.jnetpcap.FlowGenerator    FlagFIN current has 1481 flow
2026-05-15 21:19:11 INFO  cic.cs.unb.ca.jnetpcap.FlowGenerator    Forward flow closed due to FIN Flag
2026-05-15 21:19:12 DEBUG cic.cs.unb.ca.jnetpcap.FlowGenerator    FlagFIN current has 1482 flow
2026-05-15 21:19:12 DEBUG cic.cs.unb.ca.jnetpcap.FlowGenerator    FlagRST current has 1482 flow
2026-05-15 21:19:12 INFO  cic.cs.unb.ca.jnetpcap.FlowGenerator    Forward flow closed due to FIN Flag
2026-05-15 21:19:12 WARN  cic.cs.unb.ca.jnetpcap.FlowGenerator    Forward flow received 2 FIN packets
2026-05-15 21:19:12 WARN  cic.cs.unb.ca.jnetpcap.FlowGenerator    Forward flow received 5 FIN packets
2026-05-15 21:19:13 DEBUG cic.cs.unb.ca.jnetpcap.FlowGenerator    FlagRST current has 1485 flow
2026-05-15 21:19:13 DEBUG cic.cs.unb.ca.jnetpcap.FlowGenerator    FlagFIN current has 1484 flow
2026-05-15 21:19:13 DEBUG cic.cs.unb.ca.jnetpcap.FlowGenerator    FlagRST current has 1484 flow
2026-05-15 21:19:13 DEBUG cic.cs.unb.ca.jnetpcap.FlowGenerator    FlagFIN current has 1488 flow
2026-05-15 21:19:13 INFO  cic.cs.unb.ca.jnetpcap.FlowGenerator    Forward flow closed due to FIN Flag
2026-05-15 21:19:14 DEBUG cic.cs.unb.ca.jnetpcap.FlowGenerator    FlagFIN current has 1489 flow
2026-05-15 21:19:14 INFO  cic.cs.unb.ca.jnetpcap.FlowGenerator    Forward flow closed due to FIN Flag
2026-05-15 21:19:14 DEBUG cic.cs.unb.ca.jnetpcap.FlowGenerator    FlagRST current has 1489 flow
2026-05-15 21:19:14 DEBUG cic.cs.unb.ca.jnetpcap.FlowGenerator    FlagRST current has 1488 flow
2026-05-15 21:19:14 INFO  cic.cs.unb.ca.jnetpcap.FlowGenerator    Forward flow closed due to FIN Flag
2026-05-15 21:19:14 DEBUG cic.cs.unb.ca.jnetpcap.FlowGenerator    FlagFIN current has 1488 flow
2026-05-15 21:19:14 INFO  cic.cs.unb.ca.jnetpcap.FlowGenerator    Forward flow closed due to FIN Flag
2026-05-15 21:19:14 DEBUG cic.cs.unb.ca.jnetpcap.FlowGenerator    FlagRST current has 1488 flow
2026-05-15 21:19:15 DEBUG cic.cs.unb.ca.jnetpcap.FlowGenerator    FlagRST current has 1493 flow
2026-05-15 21:19:15 DEBUG cic.cs.unb.ca.jnetpcap.FlowGenerator    FlagRST current has 1492 flow
2026-05-15 21:19:15 DEBUG cic.cs.unb.ca.jnetpcap.FlowGenerator    FlagFIN current has 1491 flow
2026-05-15 21:19:15 INFO  cic.cs.unb.ca.jnetpcap.FlowGenerator    Forward flow closed due to FIN Flag
2026-05-15 21:19:15 DEBUG cic.cs.unb.ca.jnetpcap.FlowGenerator    FlagFIN current has 1491 flow
2026-05-15 21:19:15 DEBUG cic.cs.unb.ca.jnetpcap.FlowGenerator    FlagFIN current has 1492 flow
2026-05-15 21:19:16 DEBUG cic.cs.unb.ca.jnetpcap.FlowGenerator    FlagFIN current has 1492 flow
2026-05-15 21:19:16 INFO  cic.cs.unb.ca.jnetpcap.FlowGenerator    Forward flow closed due to FIN Flag
2026-05-15 21:19:16 INFO  cic.cs.unb.ca.jnetpcap.FlowGenerator    Forward flow closed due to FIN Flag
2026-05-15 21:19:16 DEBUG cic.cs.unb.ca.jnetpcap.FlowGenerator    FlagRST current has 1493 flow
2026-05-15 21:19:17 DEBUG cic.cs.unb.ca.jnetpcap.FlowGenerator    FlagRST current has 1492 flow
2026-05-15 21:19:17 INFO  cic.cs.unb.ca.jnetpcap.FlowGenerator    Forward flow closed due to FIN Flag
2026-05-15 21:19:17 INFO  cic.cs.unb.ca.jnetpcap.FlowGenerator    Forward flow closed due to FIN Flag
2026-05-15 21:19:17 INFO  cic.cs.unb.ca.jnetpcap.FlowGenerator    Forward flow closed due to FIN Flag
2026-05-15 21:19:17 INFO  cic.cs.unb.ca.jnetpcap.FlowGenerator    Forward flow closed due to FIN Flag
2026-05-15 21:19:18 DEBUG cic.cs.unb.ca.jnetpcap.FlowGenerator    FlagRST current has 1495 flow
2026-05-15 21:19:20 DEBUG cic.cs.unb.ca.jnetpcap.FlowGenerator    FlagRST current has 1502 flow
2026-05-15 21:19:20 DEBUG cic.cs.unb.ca.jnetpcap.FlowGenerator    FlagFIN current has 1501 flow
2026-05-15 21:19:21 INFO  cic.cs.unb.ca.jnetpcap.FlowGenerator    Forward flow closed due to FIN Flag
2026-05-15 21:19:21 DEBUG cic.cs.unb.ca.jnetpcap.FlowGenerator    FlagRST current has 1503 flow
2026-05-15 21:19:21 DEBUG cic.cs.unb.ca.jnetpcap.FlowGenerator    FlagFIN current has 1504 flow
2026-05-15 21:19:21 DEBUG cic.cs.unb.ca.jnetpcap.FlowGenerator    FlagFIN current has 1504 flow
2026-05-15 21:19:21 INFO  cic.cs.unb.ca.jnetpcap.FlowGenerator    Forward flow closed due to FIN Flag
2026-05-15 21:19:22 DEBUG cic.cs.unb.ca.jnetpcap.FlowGenerator    FlagFIN current has 1504 flow
2026-05-15 21:19:22 INFO  cic.cs.unb.ca.jnetpcap.FlowGenerator    Forward flow closed due to FIN Flag
2026-05-15 21:19:22 DEBUG cic.cs.unb.ca.jnetpcap.FlowGenerator    FlagRST current has 1504 flow
2026-05-15 21:19:23 DEBUG cic.cs.unb.ca.jnetpcap.FlowGenerator    FlagRST current has 1504 flow
2026-05-15 21:19:23 DEBUG cic.cs.unb.ca.jnetpcap.FlowGenerator    FlagRST current has 1503 flow
2026-05-15 21:19:24 DEBUG cic.cs.unb.ca.jnetpcap.FlowGenerator    FlagRST current has 1503 flow
2026-05-15 21:19:24 INFO  cic.cs.unb.ca.jnetpcap.FlowGenerator    Forward flow closed due to FIN Flag
2026-05-15 21:19:24 DEBUG cic.cs.unb.ca.jnetpcap.FlowGenerator    FlagRST current has 1503 flow
2026-05-15 21:19:26 INFO  cic.cs.unb.ca.jnetpcap.FlowGenerator    Forward flow closed due to FIN Flag
2026-05-15 21:19:26 DEBUG cic.cs.unb.ca.jnetpcap.FlowGenerator    FlagFIN current has 1503 flow
2026-05-15 21:19:26 DEBUG cic.cs.unb.ca.jnetpcap.FlowGenerator    FlagFIN current has 1507 flow
2026-05-15 21:19:27 INFO  cic.cs.unb.ca.jnetpcap.FlowGenerator    Forward flow closed due to FIN Flag
2026-05-15 21:19:28 WARN  cic.cs.unb.ca.jnetpcap.FlowGenerator    Forward flow received 6 FIN packets
2026-05-15 21:19:28 DEBUG cic.cs.unb.ca.jnetpcap.FlowGenerator    FlagRST current has 1508 flow
2026-05-15 21:19:29 INFO  cic.cs.unb.ca.jnetpcap.FlowGenerator    Forward flow closed due to FIN Flag
2026-05-15 21:19:29 DEBUG cic.cs.unb.ca.jnetpcap.FlowGenerator    FlagFIN current has 1510 flow
2026-05-15 21:19:29 INFO  cic.cs.unb.ca.jnetpcap.FlowGenerator    Forward flow closed due to FIN Flag
2026-05-15 21:19:29 INFO  cic.cs.unb.ca.jnetpcap.FlowGenerator    Forward flow closed due to FIN Flag
2026-05-15 21:19:29 DEBUG cic.cs.unb.ca.jnetpcap.FlowGenerator    FlagFIN current has 1510 flow
2026-05-15 21:19:30 DEBUG cic.cs.unb.ca.jnetpcap.FlowGenerator    FlagFIN current has 1510 flow
2026-05-15 21:19:30 INFO  cic.cs.unb.ca.jnetpcap.FlowGenerator    Forward flow closed due to FIN Flag
2026-05-15 21:19:30 DEBUG cic.cs.unb.ca.jnetpcap.FlowGenerator    FlagRST current has 1510 flow
2026-05-15 21:19:30 DEBUG cic.cs.unb.ca.jnetpcap.FlowGenerator    FlagRST current has 1512 flow
2026-05-15 21:19:31 DEBUG cic.cs.unb.ca.jnetpcap.FlowGenerator    FlagFIN current has 1511 flow
2026-05-15 21:19:31 DEBUG cic.cs.unb.ca.jnetpcap.FlowGenerator    FlagFIN current has 1511 flow
2026-05-15 21:19:31 INFO  cic.cs.unb.ca.jnetpcap.FlowGenerator    Forward flow closed due to FIN Flag
2026-05-15 21:19:32 INFO  cic.cs.unb.ca.jnetpcap.FlowGenerator    Forward flow closed due to FIN Flag
2026-05-15 21:19:32 DEBUG cic.cs.unb.ca.jnetpcap.FlowGenerator    FlagFIN current has 1512 flow
2026-05-15 21:19:33 INFO  cic.cs.unb.ca.jnetpcap.FlowGenerator    Forward flow closed due to FIN Flag
2026-05-15 21:19:34 DEBUG cic.cs.unb.ca.jnetpcap.FlowGenerator    FlagFIN current has 1512 flow
2026-05-15 21:19:37 INFO  cic.cs.unb.ca.jnetpcap.FlowGenerator    Forward flow closed due to FIN Flag
2026-05-15 21:19:38 INFO  cic.cs.unb.ca.jnetpcap.FlowGenerator    Forward flow closed due to FIN Flag
2026-05-15 21:19:38 WARN  cic.cs.unb.ca.jnetpcap.FlowGenerator    Forward flow received 2 FIN packets
2026-05-15 21:19:39 DEBUG cic.cs.unb.ca.jnetpcap.FlowGenerator    FlagRST current has 1523 flow
2026-05-15 21:19:39 DEBUG cic.cs.unb.ca.jnetpcap.FlowGenerator    FlagFIN current has 1522 flow
2026-05-15 21:19:39 WARN  cic.cs.unb.ca.jnetpcap.FlowGenerator    Forward flow received 3 FIN packets
2026-05-15 21:19:39 DEBUG cic.cs.unb.ca.jnetpcap.FlowGenerator    FlagRST current has 1522 flow
2026-05-15 21:19:40 DEBUG cic.cs.unb.ca.jnetpcap.FlowGenerator    FlagFIN current has 1525 flow
2026-05-15 21:19:40 INFO  cic.cs.unb.ca.jnetpcap.FlowGenerator    Forward flow closed due to FIN Flag
2026-05-15 21:19:40 INFO  cic.cs.unb.ca.jnetpcap.FlowGenerator    Forward flow closed due to FIN Flag
2026-05-15 21:19:40 DEBUG cic.cs.unb.ca.jnetpcap.FlowGenerator    FlagRST current has 1525 flow
2026-05-15 21:19:41 INFO  cic.cs.unb.ca.jnetpcap.FlowGenerator    Forward flow closed due to FIN Flag
2026-05-15 21:19:41 WARN  cic.cs.unb.ca.jnetpcap.FlowGenerator    Forward flow received 4 FIN packets
2026-05-15 21:19:41 DEBUG cic.cs.unb.ca.jnetpcap.FlowGenerator    FlagFIN current has 1524 flow
2026-05-15 21:19:41 DEBUG cic.cs.unb.ca.jnetpcap.FlowGenerator    FlagRST current has 1524 flow
2026-05-15 21:19:41 DEBUG cic.cs.unb.ca.jnetpcap.FlowGenerator    FlagFIN current has 1525 flow
2026-05-15 21:19:41 INFO  cic.cs.unb.ca.jnetpcap.FlowGenerator    Forward flow closed due to FIN Flag
2026-05-15 21:19:41 DEBUG cic.cs.unb.ca.jnetpcap.FlowGenerator    FlagRST current has 1525 flow
2026-05-15 21:19:42 WARN  cic.cs.unb.ca.jnetpcap.FlowGenerator    Forward flow received 6 FIN packets
2026-05-15 21:19:43 DEBUG cic.cs.unb.ca.jnetpcap.FlowGenerator    FlagRST current has 1527 flow
2026-05-15 21:19:44 DEBUG cic.cs.unb.ca.jnetpcap.FlowGenerator    FlagRST current has 1529 flow
2026-05-15 21:19:44 WARN  cic.cs.unb.ca.jnetpcap.FlowGenerator    Forward flow received 5 FIN packets
2026-05-15 21:19:46 DEBUG cic.cs.unb.ca.jnetpcap.FlowGenerator    FlagFIN current has 1529 flow
2026-05-15 21:19:46 INFO  cic.cs.unb.ca.jnetpcap.FlowGenerator    Forward flow closed due to FIN Flag
2026-05-15 21:19:46 INFO  cic.cs.unb.ca.jnetpcap.FlowGenerator    Forward flow closed due to FIN Flag
2026-05-15 21:19:46 INFO  cic.cs.unb.ca.jnetpcap.FlowGenerator    Forward flow closed due to FIN Flag
2026-05-15 21:19:47 DEBUG cic.cs.unb.ca.jnetpcap.FlowGenerator    FlagFIN current has 1532 flow
2026-05-15 21:19:48 WARN  cic.cs.unb.ca.jnetpcap.FlowGenerator    Forward flow received 2 FIN packets
2026-05-15 21:19:49 DEBUG cic.cs.unb.ca.jnetpcap.FlowGenerator    FlagFIN current has 1532 flow
2026-05-15 21:19:51 WARN  cic.cs.unb.ca.jnetpcap.FlowGenerator    Forward flow received 6 FIN packets
2026-05-15 21:19:52 DEBUG cic.cs.unb.ca.jnetpcap.FlowGenerator    FlagRST current has 1540 flow
2026-05-15 21:19:52 INFO  cic.cs.unb.ca.jnetpcap.FlowGenerator    Forward flow closed due to FIN Flag
2026-05-15 21:19:52 WARN  cic.cs.unb.ca.jnetpcap.FlowGenerator    Forward flow received 3 FIN packets
2026-05-15 21:19:52 DEBUG cic.cs.unb.ca.jnetpcap.FlowGenerator    FlagRST current has 1545 flow
2026-05-15 21:19:53 INFO  cic.cs.unb.ca.jnetpcap.FlowGenerator    Forward flow closed due to FIN Flag
2026-05-15 21:19:53 DEBUG cic.cs.unb.ca.jnetpcap.FlowGenerator    FlagFIN current has 1544 flow
2026-05-15 21:19:54 DEBUG cic.cs.unb.ca.jnetpcap.FlowGenerator    FlagFIN current has 1552 flow
2026-05-15 21:19:54 INFO  cic.cs.unb.ca.jnetpcap.FlowGenerator    Forward flow closed due to FIN Flag
2026-05-15 21:19:54 DEBUG cic.cs.unb.ca.jnetpcap.FlowGenerator    FlagFIN current has 1554 flow
2026-05-15 21:19:54 INFO  cic.cs.unb.ca.jnetpcap.FlowGenerator    Forward flow closed due to FIN Flag
2026-05-15 21:19:54 DEBUG cic.cs.unb.ca.jnetpcap.FlowGenerator    FlagFIN current has 1554 flow
2026-05-15 21:19:55 DEBUG cic.cs.unb.ca.jnetpcap.FlowGenerator    FlagFIN current has 1554 flow
2026-05-15 21:19:55 DEBUG cic.cs.unb.ca.jnetpcap.FlowGenerator    FlagFIN current has 1554 flow
2026-05-15 21:19:55 INFO  cic.cs.unb.ca.jnetpcap.FlowGenerator    Forward flow closed due to FIN Flag
2026-05-15 21:19:55 INFO  cic.cs.unb.ca.jnetpcap.FlowGenerator    Forward flow closed due to FIN Flag
2026-05-15 21:19:55 DEBUG cic.cs.unb.ca.jnetpcap.FlowGenerator    FlagRST current has 1555 flow
2026-05-15 21:19:55 INFO  cic.cs.unb.ca.jnetpcap.FlowGenerator    Forward flow closed due to FIN Flag
2026-05-15 21:19:55 DEBUG cic.cs.unb.ca.jnetpcap.FlowGenerator    FlagFIN current has 1557 flow
2026-05-15 21:19:55 INFO  cic.cs.unb.ca.jnetpcap.FlowGenerator    Forward flow closed due to FIN Flag
2026-05-15 21:19:55 DEBUG cic.cs.unb.ca.jnetpcap.FlowGenerator    FlagFIN current has 1557 flow
2026-05-15 21:19:55 INFO  cic.cs.unb.ca.jnetpcap.FlowGenerator    Forward flow closed due to FIN Flag
2026-05-15 21:19:55 DEBUG cic.cs.unb.ca.jnetpcap.FlowGenerator    FlagRST current has 1557 flow
2026-05-15 21:19:56 DEBUG cic.cs.unb.ca.jnetpcap.FlowGenerator    FlagFIN current has 1556 flow
2026-05-15 21:19:56 INFO  cic.cs.unb.ca.jnetpcap.FlowGenerator    Forward flow closed due to FIN Flag
2026-05-15 21:19:56 INFO  cic.cs.unb.ca.jnetpcap.FlowGenerator    Forward flow closed due to FIN Flag
2026-05-15 21:19:56 DEBUG cic.cs.unb.ca.jnetpcap.FlowGenerator    FlagFIN current has 1556 flow
2026-05-15 21:19:56 WARN  cic.cs.unb.ca.jnetpcap.FlowGenerator    Forward flow received 2 FIN packets
2026-05-15 21:19:56 DEBUG cic.cs.unb.ca.jnetpcap.FlowGenerator    FlagFIN current has 1562 flow
2026-05-15 21:19:56 DEBUG cic.cs.unb.ca.jnetpcap.FlowGenerator    FlagRST current has 1567 flow
2026-05-15 21:19:57 DEBUG cic.cs.unb.ca.jnetpcap.FlowGenerator    FlagFIN current has 1566 flow
2026-05-15 21:19:57 INFO  cic.cs.unb.ca.jnetpcap.FlowGenerator    Forward flow closed due to FIN Flag
2026-05-15 21:19:57 DEBUG cic.cs.unb.ca.jnetpcap.FlowGenerator    FlagFIN current has 1568 flow
2026-05-15 21:19:58 INFO  cic.cs.unb.ca.jnetpcap.FlowGenerator    Forward flow closed due to FIN Flag
2026-05-15 21:19:59 DEBUG cic.cs.unb.ca.jnetpcap.FlowGenerator    FlagRST current has 1570 flow
2026-05-15 21:19:59 DEBUG cic.cs.unb.ca.jnetpcap.FlowGenerator    FlagFIN current has 1571 flow
2026-05-15 21:19:59 DEBUG cic.cs.unb.ca.jnetpcap.FlowGenerator    FlagFIN current has 1571 flow
2026-05-15 21:19:59 INFO  cic.cs.unb.ca.jnetpcap.FlowGenerator    Forward flow closed due to FIN Flag
2026-05-15 21:19:59 INFO  cic.cs.unb.ca.jnetpcap.FlowGenerator    Forward flow closed due to FIN Flag
2026-05-15 21:20:00 DEBUG cic.cs.unb.ca.jnetpcap.FlowGenerator    FlagFIN current has 1574 flow
2026-05-15 21:20:00 INFO  cic.cs.unb.ca.jnetpcap.FlowGenerator    Forward flow closed due to FIN Flag
2026-05-15 21:20:01 WARN  cic.cs.unb.ca.jnetpcap.FlowGenerator    Forward flow received 4 FIN packets
2026-05-15 21:20:01 WARN  cic.cs.unb.ca.jnetpcap.FlowGenerator    Forward flow received 2 FIN packets
2026-05-15 21:20:01 INFO  cic.cs.unb.ca.jnetpcap.FlowGenerator    Forward flow closed due to FIN Flag
2026-05-15 21:20:01 DEBUG cic.cs.unb.ca.jnetpcap.FlowGenerator    FlagRST current has 1577 flow
2026-05-15 21:20:01 INFO  cic.cs.unb.ca.jnetpcap.FlowGenerator    Forward flow closed due to FIN Flag
2026-05-15 21:20:02 DEBUG cic.cs.unb.ca.jnetpcap.FlowGenerator    FlagFIN current has 1580 flow
2026-05-15 21:20:02 DEBUG cic.cs.unb.ca.jnetpcap.FlowGenerator    FlagFIN current has 1581 flow
2026-05-15 21:20:03 INFO  cic.cs.unb.ca.jnetpcap.FlowGenerator    Forward flow closed due to FIN Flag
2026-05-15 21:20:03 WARN  cic.cs.unb.ca.jnetpcap.FlowGenerator    Forward flow received 2 FIN packets
2026-05-15 21:20:03 DEBUG cic.cs.unb.ca.jnetpcap.FlowGenerator    FlagFIN current has 1582 flow
2026-05-15 21:20:03 WARN  cic.cs.unb.ca.jnetpcap.FlowGenerator    Forward flow received 3 FIN packets
2026-05-15 21:20:03 DEBUG cic.cs.unb.ca.jnetpcap.FlowGenerator    FlagRST current has 1582 flow
2026-05-15 21:20:04 INFO  cic.cs.unb.ca.jnetpcap.FlowGenerator    Forward flow closed due to FIN Flag
2026-05-15 21:20:04 DEBUG cic.cs.unb.ca.jnetpcap.FlowGenerator    FlagFIN current has 1585 flow
2026-05-15 21:20:05 WARN  cic.cs.unb.ca.jnetpcap.FlowGenerator    Forward flow received 3 FIN packets
2026-05-15 21:20:05 DEBUG cic.cs.unb.ca.jnetpcap.FlowGenerator    FlagRST current has 1593 flow
2026-05-15 21:20:05 DEBUG cic.cs.unb.ca.jnetpcap.FlowGenerator    FlagFIN current has 1593 flow
2026-05-15 21:20:05 DEBUG cic.cs.unb.ca.jnetpcap.FlowGenerator    FlagFIN current has 1593 flow
2026-05-15 21:20:05 DEBUG cic.cs.unb.ca.jnetpcap.FlowGenerator    FlagRST current has 1595 flow
2026-05-15 21:20:05 DEBUG cic.cs.unb.ca.jnetpcap.FlowGenerator    FlagFIN current has 1594 flow
2026-05-15 21:20:05 INFO  cic.cs.unb.ca.jnetpcap.FlowGenerator    Forward flow closed due to FIN Flag
2026-05-15 21:20:05 INFO  cic.cs.unb.ca.jnetpcap.FlowGenerator    Forward flow closed due to FIN Flag
2026-05-15 21:20:05 INFO  cic.cs.unb.ca.jnetpcap.FlowGenerator    Forward flow closed due to FIN Flag
2026-05-15 21:20:05 INFO  cic.cs.unb.ca.jnetpcap.FlowGenerator    Forward flow closed due to FIN Flag
2026-05-15 21:20:05 INFO  cic.cs.unb.ca.jnetpcap.FlowGenerator    Forward flow closed due to FIN Flag
2026-05-15 21:20:05 INFO  cic.cs.unb.ca.jnetpcap.FlowGenerator    Forward flow closed due to FIN Flag
2026-05-15 21:20:05 INFO  cic.cs.unb.ca.jnetpcap.FlowGenerator    Forward flow closed due to FIN Flag
2026-05-15 21:20:05 INFO  cic.cs.unb.ca.jnetpcap.FlowGenerator    Forward flow closed due to FIN Flag
2026-05-15 21:20:05 INFO  cic.cs.unb.ca.jnetpcap.FlowGenerator    Forward flow closed due to FIN Flag
2026-05-15 21:20:05 INFO  cic.cs.unb.ca.jnetpcap.FlowGenerator    Forward flow closed due to FIN Flag
2026-05-15 21:20:05 WARN  cic.cs.unb.ca.jnetpcap.FlowGenerator    Forward flow received 7 FIN packets
2026-05-15 21:20:06 DEBUG cic.cs.unb.ca.jnetpcap.FlowGenerator    FlagFIN current has 1595 flow
2026-05-15 21:20:06 DEBUG cic.cs.unb.ca.jnetpcap.FlowGenerator    FlagFIN current has 1595 flow
2026-05-15 21:20:06 WARN  cic.cs.unb.ca.jnetpcap.FlowGenerator    Forward flow received 2 FIN packets
2026-05-15 21:20:06 WARN  cic.cs.unb.ca.jnetpcap.FlowGenerator    Forward flow received 2 FIN packets
2026-05-15 21:20:06 WARN  cic.cs.unb.ca.jnetpcap.FlowGenerator    Forward flow received 2 FIN packets
2026-05-15 21:20:06 WARN  cic.cs.unb.ca.jnetpcap.FlowGenerator    Forward flow received 2 FIN packets
2026-05-15 21:20:06 DEBUG cic.cs.unb.ca.jnetpcap.FlowGenerator    FlagRST current has 1595 flow
2026-05-15 21:20:06 WARN  cic.cs.unb.ca.jnetpcap.FlowGenerator    Forward flow received 2 FIN packets
2026-05-15 21:20:06 DEBUG cic.cs.unb.ca.jnetpcap.FlowGenerator    FlagFIN current has 1594 flow
2026-05-15 21:20:06 DEBUG cic.cs.unb.ca.jnetpcap.FlowGenerator    FlagFIN current has 1593 flow
2026-05-15 21:20:06 DEBUG cic.cs.unb.ca.jnetpcap.FlowGenerator    FlagFIN current has 1592 flow
2026-05-15 21:20:06 DEBUG cic.cs.unb.ca.jnetpcap.FlowGenerator    FlagFIN current has 1591 flow
2026-05-15 21:20:06 DEBUG cic.cs.unb.ca.jnetpcap.FlowGenerator    FlagFIN current has 1590 flow
2026-05-15 21:20:06 DEBUG cic.cs.unb.ca.jnetpcap.FlowGenerator    FlagFIN current has 1594 flow
2026-05-15 21:20:06 WARN  cic.cs.unb.ca.jnetpcap.FlowGenerator    Forward flow received 2 FIN packets
2026-05-15 21:20:07 DEBUG cic.cs.unb.ca.jnetpcap.FlowGenerator    FlagFIN current has 1594 flow
2026-05-15 21:20:07 INFO  cic.cs.unb.ca.jnetpcap.FlowGenerator    Forward flow closed due to FIN Flag
2026-05-15 21:20:08 INFO  cic.cs.unb.ca.jnetpcap.FlowGenerator    Forward flow closed due to FIN Flag
2026-05-15 21:20:09 DEBUG cic.cs.unb.ca.jnetpcap.FlowGenerator    FlagFIN current has 1595 flow
2026-05-15 21:20:10 INFO  cic.cs.unb.ca.jnetpcap.FlowGenerator    Forward flow closed due to FIN Flag
2026-05-15 21:20:10 DEBUG cic.cs.unb.ca.jnetpcap.FlowGenerator    FlagFIN current has 1595 flow
2026-05-15 21:20:11 DEBUG cic.cs.unb.ca.jnetpcap.FlowGenerator    FlagFIN current has 1596 flow
2026-05-15 21:20:11 DEBUG cic.cs.unb.ca.jnetpcap.FlowGenerator    FlagFIN current has 1596 flow
2026-05-15 21:20:11 INFO  cic.cs.unb.ca.jnetpcap.FlowGenerator    Forward flow closed due to FIN Flag
2026-05-15 21:20:11 DEBUG cic.cs.unb.ca.jnetpcap.FlowGenerator    FlagRST current has 1598 flow
2026-05-15 21:20:12 INFO  cic.cs.unb.ca.jnetpcap.FlowGenerator    Forward flow closed due to FIN Flag
2026-05-15 21:20:12 INFO  cic.cs.unb.ca.jnetpcap.FlowGenerator    Forward flow closed due to FIN Flag
2026-05-15 21:20:12 INFO  cic.cs.unb.ca.jnetpcap.FlowGenerator    Forward flow closed due to FIN Flag
2026-05-15 21:20:12 WARN  cic.cs.unb.ca.jnetpcap.FlowGenerator    Forward flow received 4 FIN packets
2026-05-15 21:20:12 DEBUG cic.cs.unb.ca.jnetpcap.FlowGenerator    FlagFIN current has 1604 flow
2026-05-15 21:20:12 DEBUG cic.cs.unb.ca.jnetpcap.FlowGenerator    FlagFIN current has 1604 flow
2026-05-15 21:20:13 DEBUG cic.cs.unb.ca.jnetpcap.FlowGenerator    FlagFIN current has 1604 flow
2026-05-15 21:20:13 INFO  cic.cs.unb.ca.jnetpcap.FlowGenerator    Forward flow closed due to FIN Flag
2026-05-15 21:20:14 DEBUG cic.cs.unb.ca.jnetpcap.FlowGenerator    FlagFIN current has 1604 flow
2026-05-15 21:20:15 INFO  cic.cs.unb.ca.jnetpcap.FlowGenerator    Forward flow closed due to FIN Flag
2026-05-15 21:20:15 INFO  cic.cs.unb.ca.jnetpcap.FlowGenerator    Forward flow closed due to FIN Flag
2026-05-15 21:20:16 DEBUG cic.cs.unb.ca.jnetpcap.FlowGenerator    FlagFIN current has 1610 flow
2026-05-15 21:20:16 DEBUG cic.cs.unb.ca.jnetpcap.FlowGenerator    FlagFIN current has 1613 flow
2026-05-15 21:20:16 INFO  cic.cs.unb.ca.jnetpcap.FlowGenerator    Forward flow closed due to FIN Flag
2026-05-15 21:20:16 DEBUG cic.cs.unb.ca.jnetpcap.FlowGenerator    FlagFIN current has 1613 flow
2026-05-15 21:20:16 INFO  cic.cs.unb.ca.jnetpcap.FlowGenerator    Forward flow closed due to FIN Flag
2026-05-15 21:20:16 DEBUG cic.cs.unb.ca.jnetpcap.FlowGenerator    FlagFIN current has 1613 flow
2026-05-15 21:20:16 DEBUG cic.cs.unb.ca.jnetpcap.FlowGenerator    FlagRST current has 1614 flow
2026-05-15 21:20:17 INFO  cic.cs.unb.ca.jnetpcap.FlowGenerator    Forward flow closed due to FIN Flag
2026-05-15 21:20:17 DEBUG cic.cs.unb.ca.jnetpcap.FlowGenerator    FlagFIN current has 1614 flow
2026-05-15 21:20:18 WARN  cic.cs.unb.ca.jnetpcap.FlowGenerator    Forward flow received 5 FIN packets
2026-05-15 21:20:18 DEBUG cic.cs.unb.ca.jnetpcap.FlowGenerator    FlagRST current has 1614 flow
2026-05-15 21:20:18 INFO  cic.cs.unb.ca.jnetpcap.FlowGenerator    Forward flow closed due to FIN Flag
2026-05-15 21:20:18 DEBUG cic.cs.unb.ca.jnetpcap.FlowGenerator    FlagFIN current has 1616 flow
2026-05-15 21:20:18 DEBUG cic.cs.unb.ca.jnetpcap.FlowGenerator    FlagRST current has 1616 flow
2026-05-15 21:20:18 INFO  cic.cs.unb.ca.jnetpcap.FlowGenerator    Forward flow closed due to FIN Flag
2026-05-15 21:20:18 INFO  cic.cs.unb.ca.jnetpcap.FlowGenerator    Forward flow closed due to FIN Flag
2026-05-15 21:20:18 DEBUG cic.cs.unb.ca.jnetpcap.FlowGenerator    FlagFIN current has 1617 flow
2026-05-15 21:20:18 INFO  cic.cs.unb.ca.jnetpcap.FlowGenerator    Forward flow closed due to FIN Flag
2026-05-15 21:20:19 DEBUG cic.cs.unb.ca.jnetpcap.FlowGenerator    FlagRST current has 1617 flow
2026-05-15 21:20:19 INFO  cic.cs.unb.ca.jnetpcap.FlowGenerator    Forward flow closed due to FIN Flag
2026-05-15 21:20:19 DEBUG cic.cs.unb.ca.jnetpcap.FlowGenerator    FlagRST current has 1617 flow
2026-05-15 21:20:19 DEBUG cic.cs.unb.ca.jnetpcap.FlowGenerator    FlagFIN current has 1616 flow
2026-05-15 21:20:19 INFO  cic.cs.unb.ca.jnetpcap.FlowGenerator    Forward flow closed due to FIN Flag
2026-05-15 21:20:19 DEBUG cic.cs.unb.ca.jnetpcap.FlowGenerator    FlagFIN current has 1616 flow
2026-05-15 21:20:19 INFO  cic.cs.unb.ca.jnetpcap.FlowGenerator    Forward flow closed due to FIN Flag
2026-05-15 21:20:19 DEBUG cic.cs.unb.ca.jnetpcap.FlowGenerator    FlagFIN current has 1616 flow
2026-05-15 21:20:20 DEBUG cic.cs.unb.ca.jnetpcap.FlowGenerator    FlagRST current has 1617 flow
2026-05-15 21:20:20 DEBUG cic.cs.unb.ca.jnetpcap.FlowGenerator    FlagRST current has 1617 flow
2026-05-15 21:20:20 DEBUG cic.cs.unb.ca.jnetpcap.FlowGenerator    FlagFIN current has 1616 flow
2026-05-15 21:20:20 INFO  cic.cs.unb.ca.jnetpcap.FlowGenerator    Forward flow closed due to FIN Flag
2026-05-15 21:20:21 DEBUG cic.cs.unb.ca.jnetpcap.FlowGenerator    FlagFIN current has 1617 flow
2026-05-15 21:20:21 DEBUG cic.cs.unb.ca.jnetpcap.FlowGenerator    FlagRST current has 1621 flow
2026-05-15 21:20:22 INFO  cic.cs.unb.ca.jnetpcap.FlowGenerator    Forward flow closed due to FIN Flag
2026-05-15 21:20:23 DEBUG cic.cs.unb.ca.jnetpcap.FlowGenerator    FlagFIN current has 1623 flow
2026-05-15 21:20:24 DEBUG cic.cs.unb.ca.jnetpcap.FlowGenerator    FlagRST current has 1623 flow
2026-05-15 21:20:24 INFO  cic.cs.unb.ca.jnetpcap.FlowGenerator    Forward flow closed due to FIN Flag
2026-05-15 21:20:26 INFO  cic.cs.unb.ca.jnetpcap.FlowGenerator    Forward flow closed due to FIN Flag
2026-05-15 21:20:26 DEBUG cic.cs.unb.ca.jnetpcap.FlowGenerator    FlagFIN current has 1624 flow
2026-05-15 21:20:27 INFO  cic.cs.unb.ca.jnetpcap.FlowGenerator    Forward flow closed due to FIN Flag
2026-05-15 21:20:27 WARN  cic.cs.unb.ca.jnetpcap.FlowGenerator    Forward flow received 5 FIN packets
2026-05-15 21:20:28 DEBUG cic.cs.unb.ca.jnetpcap.FlowGenerator    FlagFIN current has 1625 flow
2026-05-15 21:20:29 INFO  cic.cs.unb.ca.jnetpcap.FlowGenerator    Forward flow closed due to FIN Flag
2026-05-15 21:20:30 DEBUG cic.cs.unb.ca.jnetpcap.FlowGenerator    FlagFIN current has 1627 flow
2026-05-15 21:20:30 DEBUG cic.cs.unb.ca.jnetpcap.FlowGenerator    FlagRST current has 1629 flow
2026-05-15 21:20:31 INFO  cic.cs.unb.ca.jnetpcap.FlowGenerator    Forward flow closed due to FIN Flag
2026-05-15 21:20:31 DEBUG cic.cs.unb.ca.jnetpcap.FlowGenerator    FlagRST current has 1631 flow
2026-05-15 21:20:31 INFO  cic.cs.unb.ca.jnetpcap.FlowGenerator    Forward flow closed due to FIN Flag
2026-05-15 21:20:32 DEBUG cic.cs.unb.ca.jnetpcap.FlowGenerator    FlagFIN current has 1631 flow
2026-05-15 21:20:32 DEBUG cic.cs.unb.ca.jnetpcap.FlowGenerator    FlagRST current has 1631 flow
2026-05-15 21:20:32 DEBUG cic.cs.unb.ca.jnetpcap.FlowGenerator    FlagFIN current has 1630 flow
2026-05-15 21:20:32 INFO  cic.cs.unb.ca.jnetpcap.FlowGenerator    Forward flow closed due to FIN Flag
2026-05-15 21:20:33 INFO  cic.cs.unb.ca.jnetpcap.FlowGenerator    Forward flow closed due to FIN Flag
2026-05-15 21:20:33 DEBUG cic.cs.unb.ca.jnetpcap.FlowGenerator    FlagFIN current has 1633 flow
2026-05-15 21:20:33 DEBUG cic.cs.unb.ca.jnetpcap.FlowGenerator    FlagRST current has 1634 flow
2026-05-15 21:20:33 INFO  cic.cs.unb.ca.jnetpcap.FlowGenerator    Forward flow closed due to FIN Flag
2026-05-15 21:20:34 DEBUG cic.cs.unb.ca.jnetpcap.FlowGenerator    FlagFIN current has 1633 flow
2026-05-15 21:20:35 INFO  cic.cs.unb.ca.jnetpcap.FlowGenerator    Forward flow closed due to FIN Flag
2026-05-15 21:20:36 INFO  cic.cs.unb.ca.jnetpcap.FlowGenerator    Forward flow closed due to FIN Flag
2026-05-15 21:20:36 WARN  cic.cs.unb.ca.jnetpcap.FlowGenerator    Forward flow received 2 FIN packets
2026-05-15 21:20:39 INFO  cic.cs.unb.ca.jnetpcap.FlowGenerator    Forward flow closed due to FIN Flag
2026-05-15 21:20:39 WARN  cic.cs.unb.ca.jnetpcap.FlowGenerator    Forward flow received 3 FIN packets
2026-05-15 21:20:39 DEBUG cic.cs.unb.ca.jnetpcap.FlowGenerator    FlagFIN current has 1640 flow
2026-05-15 21:20:40 DEBUG cic.cs.unb.ca.jnetpcap.FlowGenerator    FlagFIN current has 1640 flow
2026-05-15 21:20:41 DEBUG cic.cs.unb.ca.jnetpcap.FlowGenerator    FlagRST current has 1640 flow
2026-05-15 21:20:42 INFO  cic.cs.unb.ca.jnetpcap.FlowGenerator    Forward flow closed due to FIN Flag
2026-05-15 21:20:43 DEBUG cic.cs.unb.ca.jnetpcap.FlowGenerator    FlagFIN current has 1643 flow
2026-05-15 21:20:43 DEBUG cic.cs.unb.ca.jnetpcap.FlowGenerator    FlagFIN current has 1643 flow
2026-05-15 21:20:43 INFO  cic.cs.unb.ca.jnetpcap.FlowGenerator    Forward flow closed due to FIN Flag
2026-05-15 21:20:44 WARN  cic.cs.unb.ca.jnetpcap.FlowGenerator    Forward flow received 2 FIN packets
2026-05-15 21:20:44 DEBUG cic.cs.unb.ca.jnetpcap.FlowGenerator    FlagFIN current has 1645 flow
2026-05-15 21:20:44 INFO  cic.cs.unb.ca.jnetpcap.FlowGenerator    Forward flow closed due to FIN Flag
2026-05-15 21:20:45 WARN  cic.cs.unb.ca.jnetpcap.FlowGenerator    Forward flow received 4 FIN packets
2026-05-15 21:20:45 DEBUG cic.cs.unb.ca.jnetpcap.FlowGenerator    FlagRST current has 1645 flow
2026-05-15 21:20:48 DEBUG cic.cs.unb.ca.jnetpcap.FlowGenerator    FlagFIN current has 1648 flow
2026-05-15 21:20:48 INFO  cic.cs.unb.ca.jnetpcap.FlowGenerator    Forward flow closed due to FIN Flag
2026-05-15 21:20:51 WARN  cic.cs.unb.ca.jnetpcap.FlowGenerator    Forward flow received 6 FIN packets
2026-05-15 21:20:51 DEBUG cic.cs.unb.ca.jnetpcap.FlowGenerator    FlagRST current has 1649 flow
2026-05-15 21:20:54 INFO  cic.cs.unb.ca.jnetpcap.FlowGenerator    Forward flow closed due to FIN Flag
2026-05-15 21:20:54 DEBUG cic.cs.unb.ca.jnetpcap.FlowGenerator    FlagFIN current has 1651 flow
2026-05-15 21:20:54 INFO  cic.cs.unb.ca.jnetpcap.FlowGenerator    Forward flow closed due to FIN Flag
2026-05-15 21:20:55 DEBUG cic.cs.unb.ca.jnetpcap.FlowGenerator    FlagFIN current has 1652 flow
2026-05-15 21:20:56 WARN  cic.cs.unb.ca.jnetpcap.FlowGenerator    Forward flow received 5 FIN packets
2026-05-15 21:20:57 INFO  cic.cs.unb.ca.jnetpcap.FlowGenerator    Forward flow closed due to FIN Flag
2026-05-15 21:20:57 INFO  cic.cs.unb.ca.jnetpcap.FlowGenerator    Forward flow closed due to FIN Flag
2026-05-15 21:20:57 DEBUG cic.cs.unb.ca.jnetpcap.FlowGenerator    FlagFIN current has 1663 flow
2026-05-15 21:20:57 INFO  cic.cs.unb.ca.jnetpcap.FlowGenerator    Forward flow closed due to FIN Flag
2026-05-15 21:20:57 DEBUG cic.cs.unb.ca.jnetpcap.FlowGenerator    FlagFIN current has 1663 flow
2026-05-15 21:20:57 DEBUG cic.cs.unb.ca.jnetpcap.FlowGenerator    FlagRST current has 1663 flow
2026-05-15 21:20:57 DEBUG cic.cs.unb.ca.jnetpcap.FlowGenerator    FlagFIN current has 1662 flow
2026-05-15 21:20:57 WARN  cic.cs.unb.ca.jnetpcap.FlowGenerator    Forward flow received 6 FIN packets
2026-05-15 21:20:57 DEBUG cic.cs.unb.ca.jnetpcap.FlowGenerator    FlagRST current has 1662 flow
2026-05-15 21:20:57 DEBUG cic.cs.unb.ca.jnetpcap.FlowGenerator    FlagFIN current has 1662 flow
2026-05-15 21:20:57 INFO  cic.cs.unb.ca.jnetpcap.FlowGenerator    Forward flow closed due to FIN Flag
2026-05-15 21:20:57 DEBUG cic.cs.unb.ca.jnetpcap.FlowGenerator    FlagFIN current has 1662 flow
2026-05-15 21:20:57 DEBUG cic.cs.unb.ca.jnetpcap.FlowGenerator    FlagFIN current has 1662 flow
2026-05-15 21:20:57 INFO  cic.cs.unb.ca.jnetpcap.FlowGenerator    Forward flow closed due to FIN Flag
2026-05-15 21:20:57 INFO  cic.cs.unb.ca.jnetpcap.FlowGenerator    Forward flow closed due to FIN Flag
2026-05-15 21:20:58 DEBUG cic.cs.unb.ca.jnetpcap.FlowGenerator    FlagFIN current has 1662 flow
2026-05-15 21:20:58 DEBUG cic.cs.unb.ca.jnetpcap.FlowGenerator    FlagRST current has 1661 flow
2026-05-15 21:20:58 INFO  cic.cs.unb.ca.jnetpcap.FlowGenerator    Forward flow closed due to FIN Flag
2026-05-15 21:20:58 DEBUG cic.cs.unb.ca.jnetpcap.FlowGenerator    FlagFIN current has 1661 flow
2026-05-15 21:20:58 DEBUG cic.cs.unb.ca.jnetpcap.FlowGenerator    FlagFIN current has 1663 flow
2026-05-15 21:20:58 DEBUG cic.cs.unb.ca.jnetpcap.FlowGenerator    FlagFIN current has 1663 flow
2026-05-15 21:20:58 DEBUG cic.cs.unb.ca.jnetpcap.FlowGenerator    FlagFIN current has 1663 flow
2026-05-15 21:20:59 DEBUG cic.cs.unb.ca.jnetpcap.FlowGenerator    FlagFIN current has 1663 flow
2026-05-15 21:20:59 INFO  cic.cs.unb.ca.jnetpcap.FlowGenerator    Forward flow closed due to FIN Flag
2026-05-15 21:20:59 DEBUG cic.cs.unb.ca.jnetpcap.FlowGenerator    FlagFIN current has 1663 flow
2026-05-15 21:20:59 DEBUG cic.cs.unb.ca.jnetpcap.FlowGenerator    FlagFIN current has 1663 flow
2026-05-15 21:20:59 DEBUG cic.cs.unb.ca.jnetpcap.FlowGenerator    FlagFIN current has 1662 flow
2026-05-15 21:20:59 DEBUG cic.cs.unb.ca.jnetpcap.FlowGenerator    FlagFIN current has 1663 flow
2026-05-15 21:20:59 INFO  cic.cs.unb.ca.jnetpcap.FlowGenerator    Forward flow closed due to FIN Flag
2026-05-15 21:20:59 INFO  cic.cs.unb.ca.jnetpcap.FlowGenerator    Forward flow closed due to FIN Flag
2026-05-15 21:20:59 DEBUG cic.cs.unb.ca.jnetpcap.FlowGenerator    FlagRST current has 1666 flow
2026-05-15 21:20:59 INFO  cic.cs.unb.ca.jnetpcap.FlowGenerator    Forward flow closed due to FIN Flag
2026-05-15 21:20:59 DEBUG cic.cs.unb.ca.jnetpcap.FlowGenerator    FlagRST current has 1665 flow
2026-05-15 21:21:00 INFO  cic.cs.unb.ca.jnetpcap.FlowGenerator    Forward flow closed due to FIN Flag
2026-05-15 21:21:00 INFO  cic.cs.unb.ca.jnetpcap.FlowGenerator    Forward flow closed due to FIN Flag
2026-05-15 21:21:00 DEBUG cic.cs.unb.ca.jnetpcap.FlowGenerator    FlagFIN current has 1666 flow
2026-05-15 21:21:00 INFO  cic.cs.unb.ca.jnetpcap.FlowGenerator    Forward flow closed due to FIN Flag
2026-05-15 21:21:00 DEBUG cic.cs.unb.ca.jnetpcap.FlowGenerator    FlagFIN current has 1666 flow
2026-05-15 21:21:00 DEBUG cic.cs.unb.ca.jnetpcap.FlowGenerator    FlagFIN current has 1667 flow
2026-05-15 21:21:01 INFO  cic.cs.unb.ca.jnetpcap.FlowGenerator    Forward flow closed due to FIN Flag
2026-05-15 21:21:01 DEBUG cic.cs.unb.ca.jnetpcap.FlowGenerator    FlagFIN current has 1667 flow
2026-05-15 21:21:02 DEBUG cic.cs.unb.ca.jnetpcap.FlowGenerator    FlagRST current has 1671 flow
2026-05-15 21:21:02 INFO  cic.cs.unb.ca.jnetpcap.FlowGenerator    Forward flow closed due to FIN Flag
2026-05-15 21:21:02 DEBUG cic.cs.unb.ca.jnetpcap.FlowGenerator    FlagFIN current has 1674 flow
2026-05-15 21:21:02 INFO  cic.cs.unb.ca.jnetpcap.FlowGenerator    Forward flow closed due to FIN Flag
2026-05-15 21:21:03 INFO  cic.cs.unb.ca.jnetpcap.FlowGenerator    Forward flow closed due to FIN Flag
2026-05-15 21:21:03 WARN  cic.cs.unb.ca.jnetpcap.FlowGenerator    Forward flow received 2 FIN packets
2026-05-15 21:21:03 DEBUG cic.cs.unb.ca.jnetpcap.FlowGenerator    FlagFIN current has 1674 flow
2026-05-15 21:21:03 INFO  cic.cs.unb.ca.jnetpcap.FlowGenerator    Forward flow closed due to FIN Flag
2026-05-15 21:21:03 DEBUG cic.cs.unb.ca.jnetpcap.FlowGenerator    FlagRST current has 1674 flow
2026-05-15 21:21:03 WARN  cic.cs.unb.ca.jnetpcap.FlowGenerator    Forward flow received 2 FIN packets
2026-05-15 21:21:03 INFO  cic.cs.unb.ca.jnetpcap.FlowGenerator    Forward flow closed due to FIN Flag
2026-05-15 21:21:04 DEBUG cic.cs.unb.ca.jnetpcap.FlowGenerator    FlagRST current has 1673 flow
2026-05-15 21:21:04 WARN  cic.cs.unb.ca.jnetpcap.FlowGenerator    Forward flow received 2 FIN packets
2026-05-15 21:21:04 DEBUG cic.cs.unb.ca.jnetpcap.FlowGenerator    FlagFIN current has 1672 flow
2026-05-15 21:21:04 INFO  cic.cs.unb.ca.jnetpcap.FlowGenerator    Forward flow closed due to FIN Flag
2026-05-15 21:21:06 WARN  cic.cs.unb.ca.jnetpcap.FlowGenerator    Forward flow received 3 FIN packets
2026-05-15 21:21:06 DEBUG cic.cs.unb.ca.jnetpcap.FlowGenerator    FlagRST current has 1675 flow
2026-05-15 21:21:06 INFO  cic.cs.unb.ca.jnetpcap.FlowGenerator    Forward flow closed due to FIN Flag
2026-05-15 21:21:06 DEBUG cic.cs.unb.ca.jnetpcap.FlowGenerator    FlagFIN current has 1675 flow
2026-05-15 21:21:07 DEBUG cic.cs.unb.ca.jnetpcap.FlowGenerator    FlagFIN current has 1675 flow
2026-05-15 21:21:08 DEBUG cic.cs.unb.ca.jnetpcap.FlowGenerator    FlagFIN current has 1676 flow
2026-05-15 21:21:08 WARN  cic.cs.unb.ca.jnetpcap.FlowGenerator    Forward flow received 3 FIN packets
2026-05-15 21:21:09 DEBUG cic.cs.unb.ca.jnetpcap.FlowGenerator    FlagFIN current has 1676 flow
2026-05-15 21:21:11 WARN  cic.cs.unb.ca.jnetpcap.FlowGenerator    Forward flow received 4 FIN packets
2026-05-15 21:21:11 INFO  cic.cs.unb.ca.jnetpcap.FlowGenerator    Forward flow closed due to FIN Flag
2026-05-15 21:21:12 DEBUG cic.cs.unb.ca.jnetpcap.FlowGenerator    FlagFIN current has 1688 flow
2026-05-15 21:21:12 INFO  cic.cs.unb.ca.jnetpcap.FlowGenerator    Forward flow closed due to FIN Flag
2026-05-15 21:21:12 WARN  cic.cs.unb.ca.jnetpcap.FlowGenerator    Forward flow received 3 FIN packets
2026-05-15 21:21:12 INFO  cic.cs.unb.ca.jnetpcap.FlowGenerator    Forward flow closed due to FIN Flag
2026-05-15 21:21:12 INFO  cic.cs.unb.ca.jnetpcap.FlowGenerator    Forward flow closed due to FIN Flag
2026-05-15 21:21:12 INFO  cic.cs.unb.ca.jnetpcap.FlowGenerator    Forward flow closed due to FIN Flag
2026-05-15 21:21:13 DEBUG cic.cs.unb.ca.jnetpcap.FlowGenerator    FlagFIN current has 1720 flow
2026-05-15 21:21:13 DEBUG cic.cs.unb.ca.jnetpcap.FlowGenerator    FlagFIN current has 1721 flow
2026-05-15 21:21:13 WARN  cic.cs.unb.ca.jnetpcap.FlowGenerator    Forward flow received 2 FIN packets
2026-05-15 21:21:14 INFO  cic.cs.unb.ca.jnetpcap.FlowGenerator    Forward flow closed due to FIN Flag
2026-05-15 21:21:14 INFO  cic.cs.unb.ca.jnetpcap.FlowGenerator    Forward flow closed due to FIN Flag
2026-05-15 21:21:15 INFO  cic.cs.unb.ca.jnetpcap.FlowGenerator    Forward flow closed due to FIN Flag
2026-05-15 21:21:15 DEBUG cic.cs.unb.ca.jnetpcap.FlowGenerator    FlagFIN current has 1727 flow
2026-05-15 21:21:15 DEBUG cic.cs.unb.ca.jnetpcap.FlowGenerator    FlagFIN current has 1728 flow
2026-05-15 21:21:15 DEBUG cic.cs.unb.ca.jnetpcap.FlowGenerator    FlagFIN current has 1728 flow
2026-05-15 21:21:15 DEBUG cic.cs.unb.ca.jnetpcap.FlowGenerator    FlagFIN current has 1728 flow
2026-05-15 21:21:15 DEBUG cic.cs.unb.ca.jnetpcap.FlowGenerator    FlagFIN current has 1728 flow
2026-05-15 21:21:16 DEBUG cic.cs.unb.ca.jnetpcap.FlowGenerator    FlagRST current has 1728 flow
2026-05-15 21:21:16 WARN  cic.cs.unb.ca.jnetpcap.FlowGenerator    Forward flow received 3 FIN packets
2026-05-15 21:21:17 WARN  cic.cs.unb.ca.jnetpcap.FlowGenerator    Forward flow received 6 FIN packets
2026-05-15 21:21:18 INFO  cic.cs.unb.ca.jnetpcap.FlowGenerator    Forward flow closed due to FIN Flag
2026-05-15 21:21:19 DEBUG cic.cs.unb.ca.jnetpcap.FlowGenerator    FlagFIN current has 1736 flow
2026-05-15 21:21:19 INFO  cic.cs.unb.ca.jnetpcap.FlowGenerator    Forward flow closed due to FIN Flag
2026-05-15 21:21:19 DEBUG cic.cs.unb.ca.jnetpcap.FlowGenerator    FlagFIN current has 1736 flow
2026-05-15 21:21:19 WARN  cic.cs.unb.ca.jnetpcap.FlowGenerator    Forward flow received 4 FIN packets
2026-05-15 21:21:19 DEBUG cic.cs.unb.ca.jnetpcap.FlowGenerator    FlagFIN current has 1736 flow
2026-05-15 21:21:19 DEBUG cic.cs.unb.ca.jnetpcap.FlowGenerator    FlagFIN current has 1736 flow
2026-05-15 21:21:19 DEBUG cic.cs.unb.ca.jnetpcap.FlowGenerator    FlagRST current has 1736 flow
2026-05-15 21:21:19 INFO  cic.cs.unb.ca.jnetpcap.FlowGenerator    Forward flow closed due to FIN Flag
2026-05-15 21:21:20 DEBUG cic.cs.unb.ca.jnetpcap.FlowGenerator    FlagRST current has 1735 flow
2026-05-15 21:21:20 INFO  cic.cs.unb.ca.jnetpcap.FlowGenerator    Forward flow closed due to FIN Flag
2026-05-15 21:21:21 WARN  cic.cs.unb.ca.jnetpcap.FlowGenerator    Forward flow received 5 FIN packets
2026-05-15 21:21:22 WARN  cic.cs.unb.ca.jnetpcap.FlowGenerator    Forward flow received 4 FIN packets
2026-05-15 21:21:22 WARN  cic.cs.unb.ca.jnetpcap.FlowGenerator    Forward flow received 2 FIN packets
2026-05-15 21:21:22 DEBUG cic.cs.unb.ca.jnetpcap.FlowGenerator    FlagFIN current has 1740 flow
2026-05-15 21:21:22 INFO  cic.cs.unb.ca.jnetpcap.FlowGenerator    Forward flow closed due to FIN Flag
2026-05-15 21:21:22 DEBUG cic.cs.unb.ca.jnetpcap.FlowGenerator    FlagFIN current has 1740 flow
2026-05-15 21:21:22 INFO  cic.cs.unb.ca.jnetpcap.FlowGenerator    Forward flow closed due to FIN Flag
2026-05-15 21:21:23 INFO  cic.cs.unb.ca.jnetpcap.FlowGenerator    Forward flow closed due to FIN Flag
2026-05-15 21:21:23 DEBUG cic.cs.unb.ca.jnetpcap.FlowGenerator    FlagRST current has 1741 flow
2026-05-15 21:21:23 DEBUG cic.cs.unb.ca.jnetpcap.FlowGenerator    FlagRST current has 1740 flow
2026-05-15 21:21:23 INFO  cic.cs.unb.ca.jnetpcap.FlowGenerator    Forward flow closed due to FIN Flag
2026-05-15 21:21:23 DEBUG cic.cs.unb.ca.jnetpcap.FlowGenerator    FlagRST current has 1740 flow
2026-05-15 21:21:23 INFO  cic.cs.unb.ca.jnetpcap.FlowGenerator    Forward flow closed due to FIN Flag
2026-05-15 21:21:23 DEBUG cic.cs.unb.ca.jnetpcap.FlowGenerator    FlagFIN current has 1740 flow
2026-05-15 21:21:23 INFO  cic.cs.unb.ca.jnetpcap.FlowGenerator    Forward flow closed due to FIN Flag
2026-05-15 21:21:24 DEBUG cic.cs.unb.ca.jnetpcap.FlowGenerator    FlagRST current has 1742 flow
2026-05-15 21:21:24 INFO  cic.cs.unb.ca.jnetpcap.FlowGenerator    Forward flow closed due to FIN Flag
2026-05-15 21:21:24 WARN  cic.cs.unb.ca.jnetpcap.FlowGenerator    Forward flow received 2 FIN packets
2026-05-15 21:21:24 WARN  cic.cs.unb.ca.jnetpcap.FlowGenerator    Forward flow received 3 FIN packets
2026-05-15 21:21:24 WARN  cic.cs.unb.ca.jnetpcap.FlowGenerator    Forward flow received 2 FIN packets
2026-05-15 21:21:25 INFO  cic.cs.unb.ca.jnetpcap.FlowGenerator    Forward flow closed due to FIN Flag
2026-05-15 21:21:25 DEBUG cic.cs.unb.ca.jnetpcap.FlowGenerator    FlagRST current has 1742 flow
2026-05-15 21:21:25 DEBUG cic.cs.unb.ca.jnetpcap.FlowGenerator    FlagRST current has 1741 flow
2026-05-15 21:21:25 DEBUG cic.cs.unb.ca.jnetpcap.FlowGenerator    FlagFIN current has 1741 flow
2026-05-15 21:21:25 DEBUG cic.cs.unb.ca.jnetpcap.FlowGenerator    FlagFIN current has 1741 flow
2026-05-15 21:21:26 DEBUG cic.cs.unb.ca.jnetpcap.FlowGenerator    FlagRST current has 1743 flow
2026-05-15 21:21:28 WARN  cic.cs.unb.ca.jnetpcap.FlowGenerator    Forward flow received 2 FIN packets
2026-05-15 21:21:28 WARN  cic.cs.unb.ca.jnetpcap.FlowGenerator    Forward flow received 4 FIN packets
2026-05-15 21:21:29 INFO  cic.cs.unb.ca.jnetpcap.FlowGenerator    Forward flow closed due to FIN Flag
2026-05-15 21:21:30 WARN  cic.cs.unb.ca.jnetpcap.FlowGenerator    Forward flow received 3 FIN packets
2026-05-15 21:21:30 WARN  cic.cs.unb.ca.jnetpcap.FlowGenerator    Forward flow received 4 FIN packets
2026-05-15 21:21:30 DEBUG cic.cs.unb.ca.jnetpcap.FlowGenerator    FlagRST current has 1745 flow
2026-05-15 21:21:30 INFO  cic.cs.unb.ca.jnetpcap.FlowGenerator    Forward flow closed due to FIN Flag
2026-05-15 21:21:30 DEBUG cic.cs.unb.ca.jnetpcap.FlowGenerator    FlagRST current has 1745 flow
2026-05-15 21:21:30 INFO  cic.cs.unb.ca.jnetpcap.FlowGenerator    Forward flow closed due to FIN Flag
2026-05-15 21:21:30 DEBUG cic.cs.unb.ca.jnetpcap.FlowGenerator    FlagRST current has 1744 flow
2026-05-15 21:21:30 INFO  cic.cs.unb.ca.jnetpcap.FlowGenerator    Forward flow closed due to FIN Flag
2026-05-15 21:21:31 DEBUG cic.cs.unb.ca.jnetpcap.FlowGenerator    FlagRST current has 1748 flow
2026-05-15 21:21:31 INFO  cic.cs.unb.ca.jnetpcap.FlowGenerator    Forward flow closed due to FIN Flag
2026-05-15 21:21:31 DEBUG cic.cs.unb.ca.jnetpcap.FlowGenerator    FlagRST current has 1747 flow
2026-05-15 21:21:31 DEBUG cic.cs.unb.ca.jnetpcap.FlowGenerator    FlagRST current has 1746 flow
2026-05-15 21:21:31 DEBUG cic.cs.unb.ca.jnetpcap.FlowGenerator    FlagRST current has 1745 flow
2026-05-15 21:21:31 INFO  cic.cs.unb.ca.jnetpcap.FlowGenerator    Forward flow closed due to FIN Flag
2026-05-15 21:21:32 WARN  cic.cs.unb.ca.jnetpcap.FlowGenerator    Forward flow received 2 FIN packets
2026-05-15 21:21:32 DEBUG cic.cs.unb.ca.jnetpcap.FlowGenerator    FlagRST current has 1752 flow
2026-05-15 21:21:32 DEBUG cic.cs.unb.ca.jnetpcap.FlowGenerator    FlagRST current has 1751 flow
2026-05-15 21:21:32 DEBUG cic.cs.unb.ca.jnetpcap.FlowGenerator    FlagRST current has 1750 flow
2026-05-15 21:21:34 WARN  cic.cs.unb.ca.jnetpcap.FlowGenerator    Forward flow received 5 FIN packets
2026-05-15 21:21:34 DEBUG cic.cs.unb.ca.jnetpcap.FlowGenerator    FlagRST current has 1752 flow
2026-05-15 21:21:34 DEBUG cic.cs.unb.ca.jnetpcap.FlowGenerator    FlagFIN current has 1751 flow
2026-05-15 21:21:34 DEBUG cic.cs.unb.ca.jnetpcap.FlowGenerator    FlagRST current has 1751 flow
2026-05-15 21:21:34 DEBUG cic.cs.unb.ca.jnetpcap.FlowGenerator    FlagRST current has 1750 flow
2026-05-15 21:21:34 DEBUG cic.cs.unb.ca.jnetpcap.FlowGenerator    FlagRST current has 1749 flow
2026-05-15 21:21:34 DEBUG cic.cs.unb.ca.jnetpcap.FlowGenerator    FlagFIN current has 1748 flow
2026-05-15 21:21:34 INFO  cic.cs.unb.ca.jnetpcap.FlowGenerator    Forward flow closed due to FIN Flag
2026-05-15 21:21:34 DEBUG cic.cs.unb.ca.jnetpcap.FlowGenerator    FlagFIN current has 1757 flow
2026-05-15 21:21:34 DEBUG cic.cs.unb.ca.jnetpcap.FlowGenerator    FlagFIN current has 1756 flow
2026-05-15 21:21:34 INFO  cic.cs.unb.ca.jnetpcap.FlowGenerator    Forward flow closed due to FIN Flag
2026-05-15 21:21:34 INFO  cic.cs.unb.ca.jnetpcap.FlowGenerator    Forward flow closed due to FIN Flag
2026-05-15 21:21:34 DEBUG cic.cs.unb.ca.jnetpcap.FlowGenerator    FlagFIN current has 1757 flow
2026-05-15 21:21:34 DEBUG cic.cs.unb.ca.jnetpcap.FlowGenerator    FlagRST current has 1756 flow
2026-05-15 21:21:34 INFO  cic.cs.unb.ca.jnetpcap.FlowGenerator    Forward flow closed due to FIN Flag
2026-05-15 21:21:35 WARN  cic.cs.unb.ca.jnetpcap.FlowGenerator    Forward flow received 2 FIN packets
2026-05-15 21:21:35 DEBUG cic.cs.unb.ca.jnetpcap.FlowGenerator    FlagRST current has 1756 flow
2026-05-15 21:21:35 DEBUG cic.cs.unb.ca.jnetpcap.FlowGenerator    FlagRST current has 1755 flow
2026-05-15 21:21:35 DEBUG cic.cs.unb.ca.jnetpcap.FlowGenerator    FlagFIN current has 1754 flow
2026-05-15 21:21:35 DEBUG cic.cs.unb.ca.jnetpcap.FlowGenerator    FlagRST current has 1753 flow
2026-05-15 21:21:35 DEBUG cic.cs.unb.ca.jnetpcap.FlowGenerator    FlagRST current has 1752 flow
2026-05-15 21:21:35 DEBUG cic.cs.unb.ca.jnetpcap.FlowGenerator    FlagRST current has 1751 flow
2026-05-15 21:21:35 DEBUG cic.cs.unb.ca.jnetpcap.FlowGenerator    FlagRST current has 1750 flow
2026-05-15 21:21:35 DEBUG cic.cs.unb.ca.jnetpcap.FlowGenerator    FlagRST current has 1751 flow
2026-05-15 21:21:35 WARN  cic.cs.unb.ca.jnetpcap.FlowGenerator    Forward flow received 3 FIN packets
2026-05-15 21:21:35 DEBUG cic.cs.unb.ca.jnetpcap.FlowGenerator    FlagRST current has 1750 flow
2026-05-15 21:21:35 DEBUG cic.cs.unb.ca.jnetpcap.FlowGenerator    FlagFIN current has 1749 flow
2026-05-15 21:21:35 DEBUG cic.cs.unb.ca.jnetpcap.FlowGenerator    FlagRST current has 1748 flow
2026-05-15 21:21:36 DEBUG cic.cs.unb.ca.jnetpcap.FlowGenerator    FlagFIN current has 1758 flow
2026-05-15 21:21:36 DEBUG cic.cs.unb.ca.jnetpcap.FlowGenerator    FlagRST current has 1758 flow
2026-05-15 21:21:36 DEBUG cic.cs.unb.ca.jnetpcap.FlowGenerator    FlagRST current has 1757 flow
2026-05-15 21:21:36 DEBUG cic.cs.unb.ca.jnetpcap.FlowGenerator    FlagRST current has 1756 flow
2026-05-15 21:21:36 DEBUG cic.cs.unb.ca.jnetpcap.FlowGenerator    FlagRST current has 1755 flow
2026-05-15 21:21:36 DEBUG cic.cs.unb.ca.jnetpcap.FlowGenerator    FlagRST current has 1754 flow
2026-05-15 21:21:36 DEBUG cic.cs.unb.ca.jnetpcap.FlowGenerator    FlagRST current has 1753 flow
2026-05-15 21:21:36 DEBUG cic.cs.unb.ca.jnetpcap.FlowGenerator    FlagRST current has 1752 flow
2026-05-15 21:21:36 DEBUG cic.cs.unb.ca.jnetpcap.FlowGenerator    FlagRST current has 1751 flow
2026-05-15 21:21:36 DEBUG cic.cs.unb.ca.jnetpcap.FlowGenerator    FlagRST current has 1750 flow
2026-05-15 21:21:36 DEBUG cic.cs.unb.ca.jnetpcap.FlowGenerator    FlagRST current has 1750 flow
2026-05-15 21:21:36 DEBUG cic.cs.unb.ca.jnetpcap.FlowGenerator    FlagRST current has 1749 flow
2026-05-15 21:21:37 DEBUG cic.cs.unb.ca.jnetpcap.FlowGenerator    FlagRST current has 1756 flow
2026-05-15 21:21:37 DEBUG cic.cs.unb.ca.jnetpcap.FlowGenerator    FlagRST current has 1756 flow
2026-05-15 21:21:37 DEBUG cic.cs.unb.ca.jnetpcap.FlowGenerator    FlagRST current has 1755 flow
2026-05-15 21:21:37 DEBUG cic.cs.unb.ca.jnetpcap.FlowGenerator    FlagRST current has 1754 flow
2026-05-15 21:21:37 DEBUG cic.cs.unb.ca.jnetpcap.FlowGenerator    FlagRST current has 1753 flow
2026-05-15 21:21:37 DEBUG cic.cs.unb.ca.jnetpcap.FlowGenerator    FlagRST current has 1752 flow
2026-05-15 21:21:38 DEBUG cic.cs.unb.ca.jnetpcap.FlowGenerator    FlagRST current has 1760 flow
2026-05-15 21:21:38 DEBUG cic.cs.unb.ca.jnetpcap.FlowGenerator    FlagRST current has 1759 flow
2026-05-15 21:21:38 DEBUG cic.cs.unb.ca.jnetpcap.FlowGenerator    FlagRST current has 1758 flow
2026-05-15 21:21:38 DEBUG cic.cs.unb.ca.jnetpcap.FlowGenerator    FlagRST current has 1757 flow
2026-05-15 21:21:38 DEBUG cic.cs.unb.ca.jnetpcap.FlowGenerator    FlagRST current has 1756 flow
2026-05-15 21:21:38 DEBUG cic.cs.unb.ca.jnetpcap.FlowGenerator    FlagRST current has 1755 flow
2026-05-15 21:21:38 INFO  cic.cs.unb.ca.jnetpcap.FlowGenerator    Forward flow closed due to FIN Flag
2026-05-15 21:21:39 DEBUG cic.cs.unb.ca.jnetpcap.FlowGenerator    FlagRST current has 1761 flow
2026-05-15 21:21:39 DEBUG cic.cs.unb.ca.jnetpcap.FlowGenerator    FlagRST current has 1760 flow
2026-05-15 21:21:39 DEBUG cic.cs.unb.ca.jnetpcap.FlowGenerator    FlagRST current has 1759 flow
2026-05-15 21:21:39 DEBUG cic.cs.unb.ca.jnetpcap.FlowGenerator    FlagRST current has 1758 flow
2026-05-15 21:21:39 DEBUG cic.cs.unb.ca.jnetpcap.FlowGenerator    FlagRST current has 1757 flow
2026-05-15 21:21:40 WARN  cic.cs.unb.ca.jnetpcap.FlowGenerator    Forward flow received 4 FIN packets
2026-05-15 21:21:40 DEBUG cic.cs.unb.ca.jnetpcap.FlowGenerator    FlagRST current has 1761 flow
2026-05-15 21:21:40 WARN  cic.cs.unb.ca.jnetpcap.FlowGenerator    Forward flow received 2 FIN packets
2026-05-15 21:21:40 WARN  cic.cs.unb.ca.jnetpcap.FlowGenerator    Forward flow received 5 FIN packets
2026-05-15 21:21:40 INFO  cic.cs.unb.ca.jnetpcap.FlowGenerator    Forward flow closed due to FIN Flag
2026-05-15 21:21:40 DEBUG cic.cs.unb.ca.jnetpcap.FlowGenerator    FlagRST current has 1761 flow
2026-05-15 21:21:40 DEBUG cic.cs.unb.ca.jnetpcap.FlowGenerator    FlagRST current has 1760 flow
2026-05-15 21:21:40 DEBUG cic.cs.unb.ca.jnetpcap.FlowGenerator    FlagRST current has 1759 flow
2026-05-15 21:21:40 INFO  cic.cs.unb.ca.jnetpcap.FlowGenerator    Forward flow closed due to FIN Flag
2026-05-15 21:21:41 WARN  cic.cs.unb.ca.jnetpcap.FlowGenerator    Forward flow received 5 FIN packets
2026-05-15 21:21:41 DEBUG cic.cs.unb.ca.jnetpcap.FlowGenerator    FlagRST current has 1760 flow
2026-05-15 21:21:41 DEBUG cic.cs.unb.ca.jnetpcap.FlowGenerator    FlagFIN current has 1760 flow
2026-05-15 21:21:41 DEBUG cic.cs.unb.ca.jnetpcap.FlowGenerator    FlagRST current has 1760 flow
2026-05-15 21:21:41 DEBUG cic.cs.unb.ca.jnetpcap.FlowGenerator    FlagFIN current has 1759 flow
2026-05-15 21:21:41 DEBUG cic.cs.unb.ca.jnetpcap.FlowGenerator    FlagRST current has 1759 flow
2026-05-15 21:21:42 DEBUG cic.cs.unb.ca.jnetpcap.FlowGenerator    FlagRST current has 1761 flow
2026-05-15 21:21:42 DEBUG cic.cs.unb.ca.jnetpcap.FlowGenerator    FlagRST current has 1760 flow
2026-05-15 21:21:42 DEBUG cic.cs.unb.ca.jnetpcap.FlowGenerator    FlagRST current has 1759 flow
2026-05-15 21:21:42 DEBUG cic.cs.unb.ca.jnetpcap.FlowGenerator    FlagRST current has 1759 flow
2026-05-15 21:21:42 WARN  cic.cs.unb.ca.jnetpcap.FlowGenerator    Forward flow received 4 FIN packets
2026-05-15 21:21:43 DEBUG cic.cs.unb.ca.jnetpcap.FlowGenerator    FlagRST current has 1765 flow
2026-05-15 21:21:43 DEBUG cic.cs.unb.ca.jnetpcap.FlowGenerator    FlagRST current has 1764 flow
2026-05-15 21:21:43 DEBUG cic.cs.unb.ca.jnetpcap.FlowGenerator    FlagRST current has 1763 flow
2026-05-15 21:21:43 DEBUG cic.cs.unb.ca.jnetpcap.FlowGenerator    FlagRST current has 1762 flow
2026-05-15 21:21:43 WARN  cic.cs.unb.ca.jnetpcap.FlowGenerator    Forward flow received 3 FIN packets
2026-05-15 21:21:43 DEBUG cic.cs.unb.ca.jnetpcap.FlowGenerator    FlagRST current has 1761 flow
2026-05-15 21:21:44 INFO  cic.cs.unb.ca.jnetpcap.FlowGenerator    Forward flow closed due to FIN Flag
2026-05-15 21:21:44 DEBUG cic.cs.unb.ca.jnetpcap.FlowGenerator    FlagRST current has 1764 flow
2026-05-15 21:21:44 DEBUG cic.cs.unb.ca.jnetpcap.FlowGenerator    FlagRST current has 1763 flow
2026-05-15 21:21:44 DEBUG cic.cs.unb.ca.jnetpcap.FlowGenerator    FlagRST current has 1762 flow
2026-05-15 21:21:44 DEBUG cic.cs.unb.ca.jnetpcap.FlowGenerator    FlagRST current has 1761 flow
2026-05-15 21:21:44 DEBUG cic.cs.unb.ca.jnetpcap.FlowGenerator    FlagRST current has 1761 flow
2026-05-15 21:21:44 INFO  cic.cs.unb.ca.jnetpcap.FlowGenerator    Forward flow closed due to FIN Flag
2026-05-15 21:21:45 DEBUG cic.cs.unb.ca.jnetpcap.FlowGenerator    FlagRST current has 1766 flow
2026-05-15 21:21:45 DEBUG cic.cs.unb.ca.jnetpcap.FlowGenerator    FlagRST current has 1765 flow
2026-05-15 21:21:46 DEBUG cic.cs.unb.ca.jnetpcap.FlowGenerator    FlagRST current has 1765 flow
2026-05-15 21:21:46 DEBUG cic.cs.unb.ca.jnetpcap.FlowGenerator    FlagRST current has 1767 flow
2026-05-15 21:21:47 DEBUG cic.cs.unb.ca.jnetpcap.FlowGenerator    FlagFIN current has 1769 flow
2026-05-15 21:21:47 INFO  cic.cs.unb.ca.jnetpcap.FlowGenerator    Forward flow closed due to FIN Flag
2026-05-15 21:21:47 DEBUG cic.cs.unb.ca.jnetpcap.FlowGenerator    FlagRST current has 1769 flow
2026-05-15 21:21:47 DEBUG cic.cs.unb.ca.jnetpcap.FlowGenerator    FlagFIN current has 1768 flow
2026-05-15 21:21:47 DEBUG cic.cs.unb.ca.jnetpcap.FlowGenerator    FlagRST current has 1768 flow
2026-05-15 21:21:48 DEBUG cic.cs.unb.ca.jnetpcap.FlowGenerator    FlagRST current has 1767 flow
2026-05-15 21:21:48 DEBUG cic.cs.unb.ca.jnetpcap.FlowGenerator    FlagFIN current has 1767 flow
2026-05-15 21:21:48 INFO  cic.cs.unb.ca.jnetpcap.FlowGenerator    Forward flow closed due to FIN Flag
2026-05-15 21:21:48 DEBUG cic.cs.unb.ca.jnetpcap.FlowGenerator    FlagFIN current has 1767 flow
2026-05-15 21:21:48 DEBUG cic.cs.unb.ca.jnetpcap.FlowGenerator    FlagRST current has 1767 flow
2026-05-15 21:21:48 DEBUG cic.cs.unb.ca.jnetpcap.FlowGenerator    FlagFIN current has 1766 flow
2026-05-15 21:21:48 DEBUG cic.cs.unb.ca.jnetpcap.FlowGenerator    FlagFIN current has 1766 flow
2026-05-15 21:21:48 DEBUG cic.cs.unb.ca.jnetpcap.FlowGenerator    FlagRST current has 1766 flow
2026-05-15 21:21:49 DEBUG cic.cs.unb.ca.jnetpcap.FlowGenerator    FlagRST current has 1768 flow
2026-05-15 21:21:49 DEBUG cic.cs.unb.ca.jnetpcap.FlowGenerator    FlagRST current has 1767 flow
2026-05-15 21:21:49 WARN  cic.cs.unb.ca.jnetpcap.FlowGenerator    Forward flow received 5 FIN packets
2026-05-15 21:21:50 WARN  cic.cs.unb.ca.jnetpcap.FlowGenerator    Forward flow received 4 FIN packets
2026-05-15 21:21:50 DEBUG cic.cs.unb.ca.jnetpcap.FlowGenerator    FlagRST current has 1768 flow
2026-05-15 21:21:50 DEBUG cic.cs.unb.ca.jnetpcap.FlowGenerator    FlagRST current has 1767 flow
2026-05-15 21:21:50 INFO  cic.cs.unb.ca.jnetpcap.FlowGenerator    Forward flow closed due to FIN Flag
2026-05-15 21:21:52 INFO  cic.cs.unb.ca.jnetpcap.FlowGenerator    Forward flow closed due to FIN Flag
2026-05-15 21:21:52 DEBUG cic.cs.unb.ca.jnetpcap.FlowGenerator    FlagRST current has 1776 flow
2026-05-15 21:21:52 DEBUG cic.cs.unb.ca.jnetpcap.FlowGenerator    FlagRST current has 1775 flow
2026-05-15 21:21:52 DEBUG cic.cs.unb.ca.jnetpcap.FlowGenerator    FlagFIN current has 1774 flow
2026-05-15 21:21:52 DEBUG cic.cs.unb.ca.jnetpcap.FlowGenerator    FlagFIN current has 1774 flow
2026-05-15 21:21:52 INFO  cic.cs.unb.ca.jnetpcap.FlowGenerator    Forward flow closed due to FIN Flag
2026-05-15 21:21:53 DEBUG cic.cs.unb.ca.jnetpcap.FlowGenerator    FlagFIN current has 1790 flow
2026-05-15 21:21:53 INFO  cic.cs.unb.ca.jnetpcap.FlowGenerator    Forward flow closed due to FIN Flag
2026-05-15 21:21:53 DEBUG cic.cs.unb.ca.jnetpcap.FlowGenerator    FlagFIN current has 1790 flow
2026-05-15 21:21:53 DEBUG cic.cs.unb.ca.jnetpcap.FlowGenerator    FlagRST current has 1790 flow
2026-05-15 21:21:53 DEBUG cic.cs.unb.ca.jnetpcap.FlowGenerator    FlagRST current has 1789 flow
2026-05-15 21:21:53 DEBUG cic.cs.unb.ca.jnetpcap.FlowGenerator    FlagRST current has 1806 flow
2026-05-15 21:21:54 DEBUG cic.cs.unb.ca.jnetpcap.FlowGenerator    FlagRST current has 1805 flow
2026-05-15 21:21:54 WARN  cic.cs.unb.ca.jnetpcap.FlowGenerator    Forward flow received 6 FIN packets
2026-05-15 21:21:55 DEBUG cic.cs.unb.ca.jnetpcap.FlowGenerator    FlagRST current has 1804 flow
2026-05-15 21:21:57 DEBUG cic.cs.unb.ca.jnetpcap.FlowGenerator    FlagRST current has 1824 flow
2026-05-15 21:21:59 DEBUG cic.cs.unb.ca.jnetpcap.FlowGenerator    FlagFIN current has 1834 flow
2026-05-15 21:21:59 INFO  cic.cs.unb.ca.jnetpcap.FlowGenerator    Forward flow closed due to FIN Flag
2026-05-15 21:21:59 INFO  cic.cs.unb.ca.jnetpcap.FlowGenerator    Forward flow closed due to FIN Flag
2026-05-15 21:22:00 DEBUG cic.cs.unb.ca.jnetpcap.FlowGenerator    FlagFIN current has 1840 flow
2026-05-15 21:22:00 INFO  cic.cs.unb.ca.jnetpcap.FlowGenerator    Forward flow closed due to FIN Flag
2026-05-15 21:22:00 INFO  cic.cs.unb.ca.jnetpcap.FlowGenerator    Forward flow closed due to FIN Flag
2026-05-15 21:22:00 DEBUG cic.cs.unb.ca.jnetpcap.FlowGenerator    FlagFIN current has 1840 flow
2026-05-15 21:22:00 DEBUG cic.cs.unb.ca.jnetpcap.FlowGenerator    FlagRST current has 1840 flow
2026-05-15 21:22:00 INFO  cic.cs.unb.ca.jnetpcap.FlowGenerator    Forward flow closed due to FIN Flag
2026-05-15 21:22:00 DEBUG cic.cs.unb.ca.jnetpcap.FlowGenerator    FlagFIN current has 1839 flow
2026-05-15 21:22:00 INFO  cic.cs.unb.ca.jnetpcap.FlowGenerator    Forward flow closed due to FIN Flag
2026-05-15 21:22:00 WARN  cic.cs.unb.ca.jnetpcap.FlowGenerator    Forward flow received 5 FIN packets
2026-05-15 21:22:00 DEBUG cic.cs.unb.ca.jnetpcap.FlowGenerator    FlagFIN current has 1840 flow
2026-05-15 21:22:01 DEBUG cic.cs.unb.ca.jnetpcap.FlowGenerator    FlagFIN current has 1840 flow
2026-05-15 21:22:01 INFO  cic.cs.unb.ca.jnetpcap.FlowGenerator    Forward flow closed due to FIN Flag
2026-05-15 21:22:01 WARN  cic.cs.unb.ca.jnetpcap.FlowGenerator    Forward flow received 6 FIN packets
2026-05-15 21:22:01 DEBUG cic.cs.unb.ca.jnetpcap.FlowGenerator    FlagFIN current has 1840 flow
2026-05-15 21:22:01 INFO  cic.cs.unb.ca.jnetpcap.FlowGenerator    Forward flow closed due to FIN Flag
2026-05-15 21:22:01 WARN  cic.cs.unb.ca.jnetpcap.FlowGenerator    Forward flow received 2 FIN packets
2026-05-15 21:22:01 INFO  cic.cs.unb.ca.jnetpcap.FlowGenerator    Forward flow closed due to FIN Flag
2026-05-15 21:22:01 INFO  cic.cs.unb.ca.jnetpcap.FlowGenerator    Forward flow closed due to FIN Flag
2026-05-15 21:22:01 DEBUG cic.cs.unb.ca.jnetpcap.FlowGenerator    FlagRST current has 1841 flow
2026-05-15 21:22:01 DEBUG cic.cs.unb.ca.jnetpcap.FlowGenerator    FlagRST current has 1840 flow
2026-05-15 21:22:02 WARN  cic.cs.unb.ca.jnetpcap.FlowGenerator    Forward flow received 5 FIN packets
2026-05-15 21:22:02 DEBUG cic.cs.unb.ca.jnetpcap.FlowGenerator    FlagFIN current has 1840 flow
2026-05-15 21:22:02 INFO  cic.cs.unb.ca.jnetpcap.FlowGenerator    Forward flow closed due to FIN Flag
2026-05-15 21:22:02 DEBUG cic.cs.unb.ca.jnetpcap.FlowGenerator    FlagFIN current has 1840 flow
2026-05-15 21:22:02 DEBUG cic.cs.unb.ca.jnetpcap.FlowGenerator    FlagFIN current has 1840 flow
2026-05-15 21:22:02 WARN  cic.cs.unb.ca.jnetpcap.FlowGenerator    Forward flow received 5 FIN packets
2026-05-15 21:22:02 DEBUG cic.cs.unb.ca.jnetpcap.FlowGenerator    FlagFIN current has 1845 flow
2026-05-15 21:22:02 INFO  cic.cs.unb.ca.jnetpcap.FlowGenerator    Forward flow closed due to FIN Flag
2026-05-15 21:22:03 WARN  cic.cs.unb.ca.jnetpcap.FlowGenerator    Forward flow received 2 FIN packets
2026-05-15 21:22:03 DEBUG cic.cs.unb.ca.jnetpcap.FlowGenerator    FlagFIN current has 1846 flow
2026-05-15 21:22:03 DEBUG cic.cs.unb.ca.jnetpcap.FlowGenerator    FlagRST current has 1849 flow
2026-05-15 21:22:04 WARN  cic.cs.unb.ca.jnetpcap.FlowGenerator    Forward flow received 6 FIN packets
2026-05-15 21:22:04 INFO  cic.cs.unb.ca.jnetpcap.FlowGenerator    Forward flow closed due to FIN Flag
2026-05-15 21:22:05 DEBUG cic.cs.unb.ca.jnetpcap.FlowGenerator    FlagFIN current has 1849 flow
2026-05-15 21:22:05 INFO  cic.cs.unb.ca.jnetpcap.FlowGenerator    Forward flow closed due to FIN Flag
2026-05-15 21:22:05 WARN  cic.cs.unb.ca.jnetpcap.FlowGenerator    Forward flow received 3 FIN packets
2026-05-15 21:22:05 INFO  cic.cs.unb.ca.jnetpcap.FlowGenerator    Forward flow closed due to FIN Flag
2026-05-15 21:22:05 DEBUG cic.cs.unb.ca.jnetpcap.FlowGenerator    FlagFIN current has 1850 flow
2026-05-15 21:22:05 WARN  cic.cs.unb.ca.jnetpcap.FlowGenerator    Forward flow received 3 FIN packets
2026-05-15 21:22:06 DEBUG cic.cs.unb.ca.jnetpcap.FlowGenerator    FlagRST current has 1854 flow
2026-05-15 21:22:06 INFO  cic.cs.unb.ca.jnetpcap.FlowGenerator    Forward flow closed due to FIN Flag
2026-05-15 21:22:06 DEBUG cic.cs.unb.ca.jnetpcap.FlowGenerator    FlagRST current has 1853 flow
2026-05-15 21:22:06 DEBUG cic.cs.unb.ca.jnetpcap.FlowGenerator    FlagFIN current has 1852 flow
2026-05-15 21:22:10 INFO  cic.cs.unb.ca.jnetpcap.FlowGenerator    Forward flow closed due to FIN Flag
2026-05-15 21:22:10 DEBUG cic.cs.unb.ca.jnetpcap.FlowGenerator    FlagFIN current has 1888 flow
2026-05-15 21:22:11 DEBUG cic.cs.unb.ca.jnetpcap.FlowGenerator    FlagFIN current has 1888 flow
2026-05-15 21:22:13 WARN  cic.cs.unb.ca.jnetpcap.FlowGenerator    Forward flow received 4 FIN packets
2026-05-15 21:22:13 DEBUG cic.cs.unb.ca.jnetpcap.FlowGenerator    Timeout current has 1900 flow
2026-05-15 21:22:14 INFO  cic.cs.unb.ca.jnetpcap.FlowGenerator    Forward flow closed due to FIN Flag
2026-05-15 21:22:14 DEBUG cic.cs.unb.ca.jnetpcap.FlowGenerator    FlagFIN current has 1901 flow
2026-05-15 21:22:14 INFO  cic.cs.unb.ca.jnetpcap.FlowGenerator    Forward flow closed due to FIN Flag
2026-05-15 21:22:14 DEBUG cic.cs.unb.ca.jnetpcap.FlowGenerator    FlagRST current has 1901 flow
2026-05-15 21:22:14 DEBUG cic.cs.unb.ca.jnetpcap.FlowGenerator    FlagRST current has 1900 flow
2026-05-15 21:22:15 DEBUG cic.cs.unb.ca.jnetpcap.FlowGenerator    FlagFIN current has 1899 flow
2026-05-15 21:22:15 INFO  cic.cs.unb.ca.jnetpcap.FlowGenerator    Forward flow closed due to FIN Flag
2026-05-15 21:22:15 DEBUG cic.cs.unb.ca.jnetpcap.FlowGenerator    FlagRST current has 1900 flow
2026-05-15 21:22:16 WARN  cic.cs.unb.ca.jnetpcap.FlowGenerator    Forward flow received 2 FIN packets
2026-05-15 21:22:16 INFO  cic.cs.unb.ca.jnetpcap.FlowGenerator    Forward flow closed due to FIN Flag
2026-05-15 21:22:16 DEBUG cic.cs.unb.ca.jnetpcap.FlowGenerator    FlagRST current has 1903 flow
2026-05-15 21:22:17 INFO  cic.cs.unb.ca.jnetpcap.FlowGenerator    Forward flow closed due to FIN Flag
2026-05-15 21:22:17 INFO  cic.cs.unb.ca.jnetpcap.FlowGenerator    Forward flow closed due to FIN Flag
2026-05-15 21:22:17 INFO  cic.cs.unb.ca.jnetpcap.FlowGenerator    Forward flow closed due to FIN Flag
2026-05-15 21:22:17 DEBUG cic.cs.unb.ca.jnetpcap.FlowGenerator    FlagRST current has 1904 flow
2026-05-15 21:22:17 DEBUG cic.cs.unb.ca.jnetpcap.FlowGenerator    FlagFIN current has 1904 flow
2026-05-15 21:22:17 INFO  cic.cs.unb.ca.jnetpcap.FlowGenerator    Forward flow closed due to FIN Flag
2026-05-15 21:22:17 DEBUG cic.cs.unb.ca.jnetpcap.FlowGenerator    FlagRST current has 1904 flow
2026-05-15 21:22:18 DEBUG cic.cs.unb.ca.jnetpcap.FlowGenerator    FlagFIN current has 1903 flow
2026-05-15 21:22:19 DEBUG cic.cs.unb.ca.jnetpcap.FlowGenerator    FlagFIN current has 1907 flow
2026-05-15 21:22:19 INFO  cic.cs.unb.ca.jnetpcap.FlowGenerator    Forward flow closed due to FIN Flag
2026-05-15 21:22:19 DEBUG cic.cs.unb.ca.jnetpcap.FlowGenerator    FlagFIN current has 1908 flow
2026-05-15 21:22:19 INFO  cic.cs.unb.ca.jnetpcap.FlowGenerator    Forward flow closed due to FIN Flag
2026-05-15 21:22:20 WARN  cic.cs.unb.ca.jnetpcap.FlowGenerator    Forward flow received 3 FIN packets
2026-05-15 21:22:20 DEBUG cic.cs.unb.ca.jnetpcap.FlowGenerator    FlagFIN current has 1910 flow
2026-05-15 21:22:21 WARN  cic.cs.unb.ca.jnetpcap.FlowGenerator    Forward flow received 6 FIN packets
2026-05-15 21:22:21 INFO  cic.cs.unb.ca.jnetpcap.FlowGenerator    Forward flow closed due to FIN Flag
2026-05-15 21:22:21 WARN  cic.cs.unb.ca.jnetpcap.FlowGenerator    Forward flow received 2 FIN packets
2026-05-15 21:22:22 DEBUG cic.cs.unb.ca.jnetpcap.FlowGenerator    FlagFIN current has 1911 flow
2026-05-15 21:22:22 INFO  cic.cs.unb.ca.jnetpcap.FlowGenerator    Forward flow closed due to FIN Flag
2026-05-15 21:22:22 DEBUG cic.cs.unb.ca.jnetpcap.FlowGenerator    FlagFIN current has 1911 flow
2026-05-15 21:22:22 DEBUG cic.cs.unb.ca.jnetpcap.FlowGenerator    FlagFIN current has 1911 flow
2026-05-15 21:22:22 INFO  cic.cs.unb.ca.jnetpcap.FlowGenerator    Forward flow closed due to FIN Flag
2026-05-15 21:22:22 DEBUG cic.cs.unb.ca.jnetpcap.FlowGenerator    FlagRST current has 1911 flow
2026-05-15 21:22:22 DEBUG cic.cs.unb.ca.jnetpcap.FlowGenerator    FlagFIN current has 1912 flow
2026-05-15 21:22:22 INFO  cic.cs.unb.ca.jnetpcap.FlowGenerator    Forward flow closed due to FIN Flag
2026-05-15 21:22:23 INFO  cic.cs.unb.ca.jnetpcap.FlowGenerator    Forward flow closed due to FIN Flag
2026-05-15 21:22:23 INFO  cic.cs.unb.ca.jnetpcap.FlowGenerator    Forward flow closed due to FIN Flag
2026-05-15 21:22:24 INFO  cic.cs.unb.ca.jnetpcap.FlowGenerator    Forward flow closed due to FIN Flag
2026-05-15 21:22:24 WARN  cic.cs.unb.ca.jnetpcap.FlowGenerator    Forward flow received 2 FIN packets
2026-05-15 21:22:24 DEBUG cic.cs.unb.ca.jnetpcap.FlowGenerator    FlagFIN current has 1916 flow
2026-05-15 21:22:24 DEBUG cic.cs.unb.ca.jnetpcap.FlowGenerator    FlagFIN current has 1916 flow
2026-05-15 21:22:24 DEBUG cic.cs.unb.ca.jnetpcap.FlowGenerator    FlagRST current has 1916 flow
2026-05-15 21:22:24 WARN  cic.cs.unb.ca.jnetpcap.FlowGenerator    Forward flow received 2 FIN packets
2026-05-15 21:22:24 DEBUG cic.cs.unb.ca.jnetpcap.FlowGenerator    FlagRST current has 1915 flow
2026-05-15 21:22:24 DEBUG cic.cs.unb.ca.jnetpcap.FlowGenerator    FlagRST current has 1915 flow
2026-05-15 21:22:25 DEBUG cic.cs.unb.ca.jnetpcap.FlowGenerator    FlagFIN current has 1914 flow
2026-05-15 21:22:25 INFO  cic.cs.unb.ca.jnetpcap.FlowGenerator    Forward flow closed due to FIN Flag
2026-05-15 21:22:25 WARN  cic.cs.unb.ca.jnetpcap.FlowGenerator    Forward flow received 3 FIN packets
2026-05-15 21:22:25 INFO  cic.cs.unb.ca.jnetpcap.FlowGenerator    Forward flow closed due to FIN Flag
2026-05-15 21:22:25 INFO  cic.cs.unb.ca.jnetpcap.FlowGenerator    Forward flow closed due to FIN Flag
2026-05-15 21:22:25 INFO  cic.cs.unb.ca.jnetpcap.FlowGenerator    Forward flow closed due to FIN Flag
2026-05-15 21:22:25 DEBUG cic.cs.unb.ca.jnetpcap.FlowGenerator    FlagFIN current has 1914 flow
2026-05-15 21:22:25 DEBUG cic.cs.unb.ca.jnetpcap.FlowGenerator    FlagFIN current has 1914 flow
2026-05-15 21:22:25 DEBUG cic.cs.unb.ca.jnetpcap.FlowGenerator    FlagFIN current has 1914 flow
2026-05-15 21:22:26 DEBUG cic.cs.unb.ca.jnetpcap.FlowGenerator    FlagRST current has 1914 flow
2026-05-15 21:22:27 DEBUG cic.cs.unb.ca.jnetpcap.FlowGenerator    FlagFIN current has 1917 flow
2026-05-15 21:22:28 INFO  cic.cs.unb.ca.jnetpcap.FlowGenerator    Forward flow closed due to FIN Flag
2026-05-15 21:22:28 DEBUG cic.cs.unb.ca.jnetpcap.FlowGenerator    FlagRST current has 1917 flow
2026-05-15 21:22:28 WARN  cic.cs.unb.ca.jnetpcap.FlowGenerator    Forward flow received 4 FIN packets
2026-05-15 21:22:28 DEBUG cic.cs.unb.ca.jnetpcap.FlowGenerator    FlagFIN current has 1916 flow
2026-05-15 21:22:28 WARN  cic.cs.unb.ca.jnetpcap.FlowGenerator    Forward flow received 6 FIN packets
2026-05-15 21:22:28 DEBUG cic.cs.unb.ca.jnetpcap.FlowGenerator    FlagFIN current has 1917 flow
2026-05-15 21:22:29 WARN  cic.cs.unb.ca.jnetpcap.FlowGenerator    Forward flow received 3 FIN packets
2026-05-15 21:22:29 DEBUG cic.cs.unb.ca.jnetpcap.FlowGenerator    FlagRST current has 1917 flow
2026-05-15 21:22:29 WARN  cic.cs.unb.ca.jnetpcap.FlowGenerator    Forward flow received 5 FIN packets
2026-05-15 21:22:30 DEBUG cic.cs.unb.ca.jnetpcap.FlowGenerator    FlagRST current has 1918 flow
2026-05-15 21:22:31 INFO  cic.cs.unb.ca.jnetpcap.FlowGenerator    Forward flow closed due to FIN Flag
2026-05-15 21:22:32 DEBUG cic.cs.unb.ca.jnetpcap.FlowGenerator    FlagRST current has 1920 flow
2026-05-15 21:22:32 INFO  cic.cs.unb.ca.jnetpcap.FlowGenerator    Forward flow closed due to FIN Flag
2026-05-15 21:22:32 INFO  cic.cs.unb.ca.jnetpcap.FlowGenerator    Forward flow closed due to FIN Flag
2026-05-15 21:22:32 WARN  cic.cs.unb.ca.jnetpcap.FlowGenerator    Forward flow received 4 FIN packets
2026-05-15 21:22:33 DEBUG cic.cs.unb.ca.jnetpcap.FlowGenerator    FlagFIN current has 1921 flow
2026-05-15 21:22:33 INFO  cic.cs.unb.ca.jnetpcap.FlowGenerator    Forward flow closed due to FIN Flag
2026-05-15 21:22:33 WARN  cic.cs.unb.ca.jnetpcap.FlowGenerator    Forward flow received 7 FIN packets
2026-05-15 21:22:33 DEBUG cic.cs.unb.ca.jnetpcap.FlowGenerator    FlagFIN current has 1921 flow
2026-05-15 21:22:34 DEBUG cic.cs.unb.ca.jnetpcap.FlowGenerator    FlagRST current has 1921 flow
2026-05-15 21:22:35 DEBUG cic.cs.unb.ca.jnetpcap.FlowGenerator    FlagFIN current has 1920 flow
2026-05-15 21:22:35 INFO  cic.cs.unb.ca.jnetpcap.FlowGenerator    Forward flow closed due to FIN Flag
2026-05-15 21:22:36 INFO  cic.cs.unb.ca.jnetpcap.FlowGenerator    Forward flow closed due to FIN Flag
2026-05-15 21:22:37 INFO  cic.cs.unb.ca.jnetpcap.FlowGenerator    Forward flow closed due to FIN Flag
2026-05-15 21:22:37 DEBUG cic.cs.unb.ca.jnetpcap.FlowGenerator    FlagFIN current has 1928 flow
2026-05-15 21:22:37 INFO  cic.cs.unb.ca.jnetpcap.FlowGenerator    Forward flow closed due to FIN Flag
2026-05-15 21:22:37 INFO  cic.cs.unb.ca.jnetpcap.FlowGenerator    Forward flow closed due to FIN Flag
2026-05-15 21:22:37 DEBUG cic.cs.unb.ca.jnetpcap.FlowGenerator    FlagFIN current has 1928 flow
2026-05-15 21:22:37 DEBUG cic.cs.unb.ca.jnetpcap.FlowGenerator    FlagRST current has 1927 flow
2026-05-15 21:22:37 WARN  cic.cs.unb.ca.jnetpcap.FlowGenerator    Forward flow received 4 FIN packets
2026-05-15 21:22:38 DEBUG cic.cs.unb.ca.jnetpcap.FlowGenerator    FlagFIN current has 1926 flow
2026-05-15 21:22:38 DEBUG cic.cs.unb.ca.jnetpcap.FlowGenerator    FlagFIN current has 1927 flow
2026-05-15 21:22:38 DEBUG cic.cs.unb.ca.jnetpcap.FlowGenerator    FlagRST current has 1927 flow
2026-05-15 21:22:38 INFO  cic.cs.unb.ca.jnetpcap.FlowGenerator    Forward flow closed due to FIN Flag
2026-05-15 21:22:38 DEBUG cic.cs.unb.ca.jnetpcap.FlowGenerator    FlagRST current has 1926 flow
2026-05-15 21:22:38 DEBUG cic.cs.unb.ca.jnetpcap.FlowGenerator    FlagRST current has 1926 flow
2026-05-15 21:22:39 DEBUG cic.cs.unb.ca.jnetpcap.FlowGenerator    FlagFIN current has 1925 flow
2026-05-15 21:22:39 DEBUG cic.cs.unb.ca.jnetpcap.FlowGenerator    FlagFIN current has 1926 flow
2026-05-15 21:22:39 DEBUG cic.cs.unb.ca.jnetpcap.FlowGenerator    FlagRST current has 1927 flow
2026-05-15 21:22:39 INFO  cic.cs.unb.ca.jnetpcap.FlowGenerator    Forward flow closed due to FIN Flag
2026-05-15 21:22:40 DEBUG cic.cs.unb.ca.jnetpcap.FlowGenerator    FlagFIN current has 1927 flow
2026-05-15 21:22:41 DEBUG cic.cs.unb.ca.jnetpcap.FlowGenerator    FlagRST current has 1928 flow
2026-05-15 21:22:41 WARN  cic.cs.unb.ca.jnetpcap.FlowGenerator    Forward flow received 7 FIN packets
2026-05-15 21:22:42 INFO  cic.cs.unb.ca.jnetpcap.FlowGenerator    Forward flow closed due to FIN Flag
2026-05-15 21:22:42 DEBUG cic.cs.unb.ca.jnetpcap.FlowGenerator    FlagRST current has 1932 flow
2026-05-15 21:22:42 INFO  cic.cs.unb.ca.jnetpcap.FlowGenerator    Forward flow closed due to FIN Flag
2026-05-15 21:22:44 WARN  cic.cs.unb.ca.jnetpcap.FlowGenerator    Forward flow received 5 FIN packets
2026-05-15 21:22:47 DEBUG cic.cs.unb.ca.jnetpcap.FlowGenerator    FlagRST current has 1935 flow
2026-05-15 21:22:47 WARN  cic.cs.unb.ca.jnetpcap.FlowGenerator    Forward flow received 5 FIN packets
2026-05-15 21:22:48 INFO  cic.cs.unb.ca.jnetpcap.FlowGenerator    Forward flow closed due to FIN Flag
2026-05-15 21:22:48 DEBUG cic.cs.unb.ca.jnetpcap.FlowGenerator    FlagRST current has 1935 flow
2026-05-15 21:22:48 DEBUG cic.cs.unb.ca.jnetpcap.FlowGenerator    FlagRST current has 1934 flow
2026-05-15 21:22:49 INFO  cic.cs.unb.ca.jnetpcap.FlowGenerator    Forward flow closed due to FIN Flag
2026-05-15 21:22:49 DEBUG cic.cs.unb.ca.jnetpcap.FlowGenerator    FlagRST current has 1937 flow
2026-05-15 21:22:50 DEBUG cic.cs.unb.ca.jnetpcap.FlowGenerator    FlagFIN current has 1937 flow
2026-05-15 21:22:50 INFO  cic.cs.unb.ca.jnetpcap.FlowGenerator    Forward flow closed due to FIN Flag
2026-05-15 21:22:50 DEBUG cic.cs.unb.ca.jnetpcap.FlowGenerator    FlagRST current has 1937 flow
2026-05-15 21:22:52 WARN  cic.cs.unb.ca.jnetpcap.FlowGenerator    Forward flow received 2 FIN packets
2026-05-15 21:22:53 WARN  cic.cs.unb.ca.jnetpcap.FlowGenerator    Forward flow received 3 FIN packets
2026-05-15 21:22:54 DEBUG cic.cs.unb.ca.jnetpcap.FlowGenerator    FlagFIN current has 1938 flow
2026-05-15 21:22:54 INFO  cic.cs.unb.ca.jnetpcap.FlowGenerator    Forward flow closed due to FIN Flag
2026-05-15 21:22:54 DEBUG cic.cs.unb.ca.jnetpcap.FlowGenerator    FlagRST current has 1938 flow
2026-05-15 21:22:55 WARN  cic.cs.unb.ca.jnetpcap.FlowGenerator    Forward flow received 5 FIN packets
2026-05-15 21:22:57 WARN  cic.cs.unb.ca.jnetpcap.FlowGenerator    Forward flow received 4 FIN packets
2026-05-15 21:22:57 DEBUG cic.cs.unb.ca.jnetpcap.FlowGenerator    FlagRST current has 1939 flow
2026-05-15 21:22:58 DEBUG cic.cs.unb.ca.jnetpcap.FlowGenerator    FlagFIN current has 1938 flow
2026-05-15 21:22:58 INFO  cic.cs.unb.ca.jnetpcap.FlowGenerator    Forward flow closed due to FIN Flag
2026-05-15 21:22:58 DEBUG cic.cs.unb.ca.jnetpcap.FlowGenerator    FlagRST current has 1939 flow
2026-05-15 21:23:01 WARN  cic.cs.unb.ca.jnetpcap.FlowGenerator    Forward flow received 6 FIN packets
2026-05-15 21:23:02 DEBUG cic.cs.unb.ca.jnetpcap.FlowGenerator    FlagFIN current has 1957 flow
2026-05-15 21:23:02 INFO  cic.cs.unb.ca.jnetpcap.FlowGenerator    Forward flow closed due to FIN Flag
2026-05-15 21:23:02 INFO  cic.cs.unb.ca.jnetpcap.FlowGenerator    Forward flow closed due to FIN Flag
2026-05-15 21:23:02 DEBUG cic.cs.unb.ca.jnetpcap.FlowGenerator    FlagFIN current has 1957 flow
2026-05-15 21:23:02 INFO  cic.cs.unb.ca.jnetpcap.FlowGenerator    Forward flow closed due to FIN Flag
2026-05-15 21:23:02 WARN  cic.cs.unb.ca.jnetpcap.FlowGenerator    Forward flow received 5 FIN packets
2026-05-15 21:23:02 INFO  cic.cs.unb.ca.jnetpcap.FlowGenerator    Forward flow closed due to FIN Flag
2026-05-15 21:23:02 DEBUG cic.cs.unb.ca.jnetpcap.FlowGenerator    FlagRST current has 1957 flow
2026-05-15 21:23:02 WARN  cic.cs.unb.ca.jnetpcap.FlowGenerator    Forward flow received 2 FIN packets
2026-05-15 21:23:03 INFO  cic.cs.unb.ca.jnetpcap.FlowGenerator    Forward flow closed due to FIN Flag
2026-05-15 21:23:03 DEBUG cic.cs.unb.ca.jnetpcap.FlowGenerator    FlagFIN current has 1960 flow
2026-05-15 21:23:03 INFO  cic.cs.unb.ca.jnetpcap.FlowGenerator    Forward flow closed due to FIN Flag
2026-05-15 21:23:03 DEBUG cic.cs.unb.ca.jnetpcap.FlowGenerator    FlagRST current has 1960 flow
2026-05-15 21:23:03 WARN  cic.cs.unb.ca.jnetpcap.FlowGenerator    Forward flow received 2 FIN packets
2026-05-15 21:23:03 DEBUG cic.cs.unb.ca.jnetpcap.FlowGenerator    FlagFIN current has 1960 flow
2026-05-15 21:23:03 DEBUG cic.cs.unb.ca.jnetpcap.FlowGenerator    FlagFIN current has 1960 flow
2026-05-15 21:23:03 INFO  cic.cs.unb.ca.jnetpcap.FlowGenerator    Forward flow closed due to FIN Flag
2026-05-15 21:23:04 DEBUG cic.cs.unb.ca.jnetpcap.FlowGenerator    FlagRST current has 1962 flow
2026-05-15 21:23:04 INFO  cic.cs.unb.ca.jnetpcap.FlowGenerator    Forward flow closed due to FIN Flag
2026-05-15 21:23:04 INFO  cic.cs.unb.ca.jnetpcap.FlowGenerator    Forward flow closed due to FIN Flag
2026-05-15 21:23:04 INFO  cic.cs.unb.ca.jnetpcap.FlowGenerator    Forward flow closed due to FIN Flag
2026-05-15 21:23:05 DEBUG cic.cs.unb.ca.jnetpcap.FlowGenerator    FlagFIN current has 1962 flow
2026-05-15 21:23:05 DEBUG cic.cs.unb.ca.jnetpcap.FlowGenerator    FlagRST current has 1962 flow
2026-05-15 21:23:05 DEBUG cic.cs.unb.ca.jnetpcap.FlowGenerator    FlagFIN current has 1961 flow
2026-05-15 21:23:05 INFO  cic.cs.unb.ca.jnetpcap.FlowGenerator    Forward flow closed due to FIN Flag
2026-05-15 21:23:05 DEBUG cic.cs.unb.ca.jnetpcap.FlowGenerator    FlagRST current has 1961 flow
2026-05-15 21:23:05 DEBUG cic.cs.unb.ca.jnetpcap.FlowGenerator    FlagFIN current has 1960 flow
2026-05-15 21:23:06 DEBUG cic.cs.unb.ca.jnetpcap.FlowGenerator    FlagFIN current has 1963 flow
2026-05-15 21:23:07 INFO  cic.cs.unb.ca.flow.ui.FlowMonitorPane    Pcap stop listening
2026-05-15 21:23:07 INFO  cic.cs.unb.ca.flow.ui.FlowMonitorPane    path:C:\Users\Lenovo\Desktop\Project\AI-based-IDS\CICFlowMeter\target\data\daily\2026-05-15_Flow.csv
2026-05-15 21:23:07 DEBUG cic.cs.unb.ca.jnetpcap.worker.TrafficFlowWorker    break Packet loop
2026-05-15 23:49:26 DEBUG swing.common.SwingUtils    C:\Users\Lenovo\Desktop\Project\AI-based-IDS\CICFlowMeter\target\classes (Access is denied)
2026-05-15 23:49:26 DEBUG swing.common.SwingUtils    C:\Users\Lenovo\Desktop\Project\AI-based-IDS\CICFlowMeter\target\data (Access is denied)
2026-05-15 23:49:26 DEBUG swing.common.SwingUtils    C:\Users\Lenovo\Desktop\Project\AI-based-IDS\CICFlowMeter\target\generated-sources (Access is denied)
2026-05-15 23:49:26 DEBUG swing.common.SwingUtils    C:\Users\Lenovo\Desktop\Project\AI-based-IDS\CICFlowMeter\target\logs (Access is denied)
2026-05-15 23:49:26 DEBUG swing.common.SwingUtils    C:\Users\Lenovo\Desktop\Project\AI-based-IDS\CICFlowMeter\target\maven-archiver (Access is denied)
2026-05-15 23:49:26 DEBUG swing.common.SwingUtils    C:\Users\Lenovo\Desktop\Project\AI-based-IDS\CICFlowMeter\target\maven-status (Access is denied)
2026-05-15 23:49:36 INFO  cic.cs.unb.ca.jnetpcap.worker.TrafficFlowWorker    Pcap is listening...
2026-05-15 23:49:44 INFO  cic.cs.unb.ca.jnetpcap.FlowGenerator    Forward flow closed due to FIN Flag
2026-05-15 23:49:44 INFO  cic.cs.unb.ca.jnetpcap.FlowGenerator    Forward flow closed due to FIN Flag
2026-05-15 23:49:44 DEBUG cic.cs.unb.ca.jnetpcap.FlowGenerator    FlagRST current has 15 flow
2026-05-15 23:49:44 INFO  cic.cs.unb.ca.jnetpcap.FlowGenerator    Forward flow closed due to FIN Flag
2026-05-15 23:49:44 WARN  cic.cs.unb.ca.jnetpcap.FlowGenerator    Forward flow received 2 FIN packets
2026-05-15 23:49:44 DEBUG cic.cs.unb.ca.jnetpcap.FlowGenerator    FlagFIN current has 14 flow
2026-05-15 23:49:45 DEBUG cic.cs.unb.ca.jnetpcap.FlowGenerator    FlagRST current has 14 flow
2026-05-15 23:49:45 WARN  cic.cs.unb.ca.jnetpcap.FlowGenerator    Forward flow received 3 FIN packets
2026-05-15 23:49:47 WARN  cic.cs.unb.ca.jnetpcap.FlowGenerator    Forward flow received 4 FIN packets
2026-05-15 23:49:48 DEBUG cic.cs.unb.ca.jnetpcap.FlowGenerator    FlagRST current has 14 flow
2026-05-15 23:49:51 WARN  cic.cs.unb.ca.jnetpcap.FlowGenerator    Forward flow received 5 FIN packets
2026-05-15 23:49:51 INFO  cic.cs.unb.ca.jnetpcap.FlowGenerator    Forward flow closed due to FIN Flag
2026-05-15 23:49:57 WARN  cic.cs.unb.ca.jnetpcap.FlowGenerator    Forward flow received 6 FIN packets
2026-05-15 23:50:12 WARN  cic.cs.unb.ca.jnetpcap.FlowGenerator    Forward flow received 7 FIN packets
2026-05-15 23:50:16 DEBUG cic.cs.unb.ca.jnetpcap.FlowGenerator    FlagRST current has 35 flow
2026-05-15 23:50:17 DEBUG cic.cs.unb.ca.jnetpcap.FlowGenerator    FlagRST current has 35 flow
2026-05-15 23:50:27 DEBUG cic.cs.unb.ca.jnetpcap.FlowGenerator    FlagRST current has 36 flow
2026-05-15 23:50:27 DEBUG cic.cs.unb.ca.jnetpcap.FlowGenerator    FlagRST current has 35 flow
2026-05-15 23:50:27 INFO  cic.cs.unb.ca.jnetpcap.FlowGenerator    Forward flow closed due to FIN Flag
2026-05-15 23:50:27 DEBUG cic.cs.unb.ca.jnetpcap.FlowGenerator    FlagRST current has 34 flow
2026-05-15 23:50:27 INFO  cic.cs.unb.ca.jnetpcap.FlowGenerator    Forward flow closed due to FIN Flag
2026-05-15 23:50:27 INFO  cic.cs.unb.ca.jnetpcap.FlowGenerator    Forward flow closed due to FIN Flag
2026-05-15 23:50:27 DEBUG cic.cs.unb.ca.jnetpcap.FlowGenerator    FlagFIN current has 33 flow
2026-05-15 23:50:27 INFO  cic.cs.unb.ca.jnetpcap.FlowGenerator    Forward flow closed due to FIN Flag
2026-05-15 23:50:27 DEBUG cic.cs.unb.ca.jnetpcap.FlowGenerator    FlagFIN current has 37 flow
2026-05-15 23:50:27 DEBUG cic.cs.unb.ca.jnetpcap.FlowGenerator    FlagFIN current has 37 flow
2026-05-15 23:50:31 INFO  cic.cs.unb.ca.jnetpcap.FlowGenerator    Forward flow closed due to FIN Flag
2026-05-15 23:50:36 WARN  cic.cs.unb.ca.jnetpcap.FlowGenerator    Forward flow received 2 FIN packets
2026-05-15 23:50:37 DEBUG cic.cs.unb.ca.jnetpcap.FlowGenerator    FlagRST current has 37 flow
2026-05-15 23:50:38 WARN  cic.cs.unb.ca.jnetpcap.FlowGenerator    Forward flow received 3 FIN packets
2026-05-15 23:51:21 INFO  cic.cs.unb.ca.jnetpcap.FlowGenerator    Forward flow closed due to FIN Flag
2026-05-15 23:51:21 INFO  cic.cs.unb.ca.jnetpcap.FlowGenerator    Forward flow closed due to FIN Flag
2026-05-15 23:51:21 DEBUG cic.cs.unb.ca.jnetpcap.FlowGenerator    FlagFIN current has 44 flow
2026-05-15 23:51:21 DEBUG cic.cs.unb.ca.jnetpcap.FlowGenerator    FlagFIN current has 44 flow
2026-05-15 23:51:21 DEBUG cic.cs.unb.ca.jnetpcap.FlowGenerator    FlagFIN current has 46 flow
2026-05-15 23:51:21 INFO  cic.cs.unb.ca.jnetpcap.FlowGenerator    Forward flow closed due to FIN Flag
2026-05-15 23:51:46 INFO  cic.cs.unb.ca.jnetpcap.FlowGenerator    Forward flow closed due to FIN Flag
2026-05-15 23:51:46 WARN  cic.cs.unb.ca.jnetpcap.FlowGenerator    Forward flow received 2 FIN packets
2026-05-15 23:51:47 DEBUG cic.cs.unb.ca.jnetpcap.FlowGenerator    FlagFIN current has 84 flow
2026-05-15 23:51:47 INFO  cic.cs.unb.ca.jnetpcap.FlowGenerator    Forward flow closed due to FIN Flag
2026-05-15 23:51:47 DEBUG cic.cs.unb.ca.jnetpcap.FlowGenerator    FlagFIN current has 84 flow
2026-05-15 23:51:48 INFO  cic.cs.unb.ca.jnetpcap.FlowGenerator    Forward flow closed due to FIN Flag
2026-05-15 23:51:48 DEBUG cic.cs.unb.ca.jnetpcap.FlowGenerator    FlagFIN current has 84 flow
2026-05-15 23:52:02 DEBUG cic.cs.unb.ca.jnetpcap.FlowGenerator    FlagFIN current has 89 flow
2026-05-15 23:52:02 INFO  cic.cs.unb.ca.jnetpcap.FlowGenerator    Forward flow closed due to FIN Flag
2026-05-15 23:52:02 DEBUG cic.cs.unb.ca.jnetpcap.FlowGenerator    FlagFIN current has 89 flow
2026-05-15 23:52:28 DEBUG cic.cs.unb.ca.jnetpcap.FlowGenerator    FlagRST current has 93 flow
2026-05-15 23:52:31 INFO  cic.cs.unb.ca.jnetpcap.FlowGenerator    Forward flow closed due to FIN Flag
2026-05-15 23:52:31 DEBUG cic.cs.unb.ca.jnetpcap.FlowGenerator    FlagFIN current has 92 flow
2026-05-15 23:52:32 INFO  cic.cs.unb.ca.jnetpcap.FlowGenerator    Forward flow closed due to FIN Flag
2026-05-15 23:52:33 INFO  cic.cs.unb.ca.jnetpcap.FlowGenerator    Forward flow closed due to FIN Flag
2026-05-15 23:52:33 DEBUG cic.cs.unb.ca.jnetpcap.FlowGenerator    FlagFIN current has 94 flow
2026-05-15 23:52:33 WARN  cic.cs.unb.ca.jnetpcap.FlowGenerator    Forward flow received 2 FIN packets
2026-05-15 23:52:37 INFO  cic.cs.unb.ca.jnetpcap.FlowGenerator    Forward flow closed due to FIN Flag
2026-05-15 23:52:37 DEBUG cic.cs.unb.ca.jnetpcap.FlowGenerator    FlagRST current has 96 flow
2026-05-15 23:52:37 WARN  cic.cs.unb.ca.jnetpcap.FlowGenerator    Forward flow received 3 FIN packets
2026-05-15 23:52:37 INFO  cic.cs.unb.ca.jnetpcap.FlowGenerator    Forward flow closed due to FIN Flag
2026-05-15 23:52:37 WARN  cic.cs.unb.ca.jnetpcap.FlowGenerator    Forward flow received 2 FIN packets
2026-05-15 23:52:39 WARN  cic.cs.unb.ca.jnetpcap.FlowGenerator    Forward flow received 4 FIN packets
2026-05-15 23:52:46 WARN  cic.cs.unb.ca.jnetpcap.FlowGenerator    Forward flow received 5 FIN packets
2026-05-15 23:52:46 DEBUG cic.cs.unb.ca.jnetpcap.FlowGenerator    FlagRST current has 97 flow
2026-05-15 23:52:48 INFO  cic.cs.unb.ca.jnetpcap.FlowGenerator    Forward flow closed due to FIN Flag
2026-05-15 23:52:48 DEBUG cic.cs.unb.ca.jnetpcap.FlowGenerator    FlagRST current has 103 flow
2026-05-15 23:52:48 INFO  cic.cs.unb.ca.jnetpcap.FlowGenerator    Forward flow closed due to FIN Flag
2026-05-15 23:52:48 WARN  cic.cs.unb.ca.jnetpcap.FlowGenerator    Forward flow received 2 FIN packets
2026-05-15 23:52:49 WARN  cic.cs.unb.ca.jnetpcap.FlowGenerator    Forward flow received 3 FIN packets
2026-05-15 23:52:50 INFO  cic.cs.unb.ca.jnetpcap.FlowGenerator    Forward flow closed due to FIN Flag
2026-05-15 23:52:50 DEBUG cic.cs.unb.ca.jnetpcap.FlowGenerator    FlagFIN current has 105 flow
2026-05-15 23:52:57 DEBUG cic.cs.unb.ca.jnetpcap.FlowGenerator    FlagFIN current has 108 flow
2026-05-15 23:52:58 INFO  cic.cs.unb.ca.jnetpcap.FlowGenerator    Forward flow closed due to FIN Flag
2026-05-15 23:52:58 DEBUG cic.cs.unb.ca.jnetpcap.FlowGenerator    FlagFIN current has 108 flow
2026-05-15 23:53:46 DEBUG cic.cs.unb.ca.jnetpcap.FlowGenerator    FlagRST current has 113 flow
2026-05-15 23:53:46 INFO  cic.cs.unb.ca.jnetpcap.FlowGenerator    Forward flow closed due to FIN Flag
2026-05-15 23:53:46 DEBUG cic.cs.unb.ca.jnetpcap.FlowGenerator    FlagFIN current has 112 flow
2026-05-15 23:53:55 DEBUG cic.cs.unb.ca.jnetpcap.FlowGenerator    FlagFIN current has 112 flow
2026-05-15 23:53:55 INFO  cic.cs.unb.ca.jnetpcap.FlowGenerator    Forward flow closed due to FIN Flag
2026-05-15 23:54:00 INFO  cic.cs.unb.ca.jnetpcap.FlowGenerator    Forward flow closed due to FIN Flag
2026-05-15 23:54:16 DEBUG cic.cs.unb.ca.jnetpcap.FlowGenerator    FlagFIN current has 114 flow
2026-05-15 23:54:17 INFO  cic.cs.unb.ca.jnetpcap.FlowGenerator    Forward flow closed due to FIN Flag
2026-05-15 23:54:17 INFO  cic.cs.unb.ca.jnetpcap.FlowGenerator    Forward flow closed due to FIN Flag
2026-05-15 23:54:17 DEBUG cic.cs.unb.ca.jnetpcap.FlowGenerator    FlagFIN current has 116 flow
2026-05-15 23:54:36 DEBUG cic.cs.unb.ca.jnetpcap.FlowGenerator    FlagFIN current has 117 flow
2026-05-15 23:54:38 INFO  cic.cs.unb.ca.jnetpcap.FlowGenerator    Forward flow closed due to FIN Flag
2026-05-15 23:54:38 DEBUG cic.cs.unb.ca.jnetpcap.FlowGenerator    FlagRST current has 119 flow
2026-05-15 23:55:02 INFO  cic.cs.unb.ca.jnetpcap.FlowGenerator    Forward flow closed due to FIN Flag
2026-05-15 23:55:02 DEBUG cic.cs.unb.ca.jnetpcap.FlowGenerator    FlagFIN current has 118 flow
2026-05-15 23:56:26 INFO  cic.cs.unb.ca.flow.ui.FlowMonitorPane    Pcap stop listening
2026-05-15 23:56:26 INFO  cic.cs.unb.ca.flow.ui.FlowMonitorPane    path:C:\Users\Lenovo\Desktop\Project\AI-based-IDS\CICFlowMeter\target\data\daily\2026-05-15_Flow.csv
2026-05-15 23:56:42 INFO  cic.cs.unb.ca.flow.ui.FlowMonitorPane    path:C:\Users\Lenovo\Desktop\Project\AI-based-IDS\CICFlowMeter\target\data\daily\2026-05-15_Flow.csv
2026-05-15 23:57:01 INFO  cic.cs.unb.ca.jnetpcap.worker.TrafficFlowWorker    Pcap is listening...
2026-05-15 23:57:01 DEBUG cic.cs.unb.ca.jnetpcap.worker.TrafficFlowWorker    break Packet loop
2026-05-15 23:57:51 INFO  cic.cs.unb.ca.flow.ui.FlowMonitorPane    Pcap stop listening
2026-05-15 23:57:51 INFO  cic.cs.unb.ca.flow.ui.FlowMonitorPane    path:C:\Users\Lenovo\Desktop\Project\AI-based-IDS\CICFlowMeter\target\data\daily\2026-05-15_Flow.csv
